finding_id	priority	work_packages	features	status	title	affected_project_paths	minimum_revision	current_qualifications	determinate_recheck	canonical_evidence
GIR-FD82-002	P2	WP11;WP13;WP16;WP59;WP79	F04-01;F05-03;F05-04	OPEN_NOT_EDITED_IN_THIS_REVIEW	旧不适用判定遗漏图片、计时器及地图覆盖层的可观察合同	deliverables/final-specification-set/engine-overworld/wp16-world-rendering-and-visual-transitions.md;review/wp79-coverage-review-2026-10-03/revision-v6/source-judgments.json;specs/overworld/wp16-world-rendering-and-visual-transitions.md	为具名子行为补实施独立的规则、时钟/单位、输入与中断/恢复和边界测试；修正旧覆盖判断，内部绘制组织无需照搬。	按各raw_id的root_adjudications及每条extensions.root_review保留前提、收窄和反例。多处定位共享根因，不按文件重复计数。	ROOT/C的34个固定场景逐条有正文和静态测试承接，准确保留现有即时继续、编号偏移、FLASH粗述与新补充行为的界线；与C067/C068具体缺陷互相链接但不重复根因。	findings.json#GIR-FD82-002
GIR-FD82-003	P2	WP15;WP16;WP36;WP37;WP39;WP40;WP52-A;WP52-B;WP52-C;WP54;WP59;WP60;WP61;WP63;WP65;WP66-A;WP67-B;WP72;WP73-A;WP73-B;WP74	F11-01;F11-02;F11-03;F11-04;F18-01;F18-02	OPEN_NOT_EDITED_IN_THIS_REVIEW	净化正文仍承载非必要源对象、槽位与类组织约束	AGENTS.md;deliverables/final-specification-set/README.md;deliverables/final-specification-set/combat-requirements/wp39-battle-context-and-participants.md;deliverables/final-specification-set/combat-requirements/wp40-commands-obedience-and-action-order.md;deliverables/final-specification-set/combat-requirements/wp52-a-evaluation-coverage-and-data.md;deliverables/final-specification-set/combat-requirements/wp52-b-effect-coverage.md;deliverables/final-specification-set/combat-requirements/wp52-b-field-damage-healing-and-target-evaluation.md;deliverables/final-specification-set/combat-requirements/wp52-c-items-calling-and-control-evaluation.md;deliverables/final-specification-set/combat-requirements/wp54-entry-eligibility-level-adjustment-and-clauses.md;deliverables/final-specification-set/combat-requirements/wp56-palace-and-arena-variants.md;deliverables/final-specification-set/combat-requirements/wp58-battle-recording-and-playback.md;deliverables/final-specification-set/creature-rpg/wp36-wild-encounters-and-modifiers.md;deliverables/final-specification-set/demo-dx/wp72-debug-contexts-and-controls.md;deliverables/final-specification-set/demo-dx/wp73-a-content-editors.md;deliverables/final-specification-set/demo-dx/wp73-b-world-editors.md;deliverables/final-specification-set/demo-dx/wp74-battle-animation-authoring-and-exchange.md;deliverables/final-specification-set/engine-overworld/wp15-resource-matching-and-audio.md;deliverables/final-specification-set/engine-overworld/wp16-world-rendering-and-visual-transitions.md;deliverables/final-specification-set/engine-overworld/wp59-world-time-weather-field-moves.md;deliverables/final-specification-set/pokemon-rules/wp37-roaming-and-poke-radar.md;deliverables/final-specification-set/pokemon-rules/wp46-damage-multihit-and-healing.md;deliverables/final-specification-set/pokemon-rules/wp60-berry-plants.md;deliverables/final-specification-set/pokemon-rules/wp61-field-passive-effects-and-blackout.md;deliverables/final-specification-set/scope-statement.md;deliverables/final-specification-set/user-interface/wp63-pokegear-map-music-and-phone.md;deliverables/final-specification-set/user-interface/wp65-title-load-options-pause-and-pc.md;deliverables/final-specification-set/user-interface/wp66-a-party-and-summary-ui.md;deliverables/final-specification-set/user-interface/wp67-b-lifecycle-presentations-and-history.md	"[{""raw_id"":""RUN-B-004"",""report"":""agents/B/B-01/findings.json"",""value"":""正文改为行为角色、状态隔离/同步要求和排序比较要素；把槽位数、容器构造组织等移入审计。保留九布局位置标识、真正对外输入语法等必要兼容事实，不一律删除数字或数据身份。""},{""raw_id"":""RUN-C-006"",""report"":""agents/C/C-01/findings.json"",""value"":""把属性类型改成行为类别并保留范围、取消、别名副作用；把源类/方法/子类映射移至审计，删除内部容器及调用签名式要求。保留真正的兼容输入字符和来源异常结果。""}]"	B004/C006全部已登记扩展均裁决；仅删除/迁移非必要源对象布局、槽位、继承/调用组织与源定位历史。必要身份、外部格式、共享导致的副作用和真实入口差异必须保留。	"[{""raw_id"":""RUN-B-004"",""report"":""agents/B/B-01/findings.json"",""value"":""人工重新阅读两个正文相关段，确认不再要求对象包装、固定选择槽或七项内部条目；现有选择/取消/重排/写回的行为结果仍可逐条映射。""},{""raw_id"":""RUN-C-006"",""report"":""agents/C/C-01/findings.json"",""value"":[""逐条语义比对，不因删标识损失 CE-M02 的子型区分"",""源类/方法仅出现在审计定位；正文不再复制子类结构"",""检查源异常仍保留，必要文件/ID/输入字面不被误删或全角化""]}]"	findings.json#GIR-FD82-003
GIR-FD82-004	P2	WP66-B	F16-03	OPEN_NOT_EDITED_IN_THIS_REVIEW	盒子成功交换后的暂持状态在同稿中相互矛盾	deliverables/final-specification-set/user-interface/wp66-b-storage-and-pokedex-ui.md;specs/ui/wp66-b-storage-and-pokedex-ui.md	从暂持清空总括中移除交换，明确交换后持握原目标；保留第101行正确状态转移，补交换后BACK对照。	按各raw_id的root_adjudications及每条extensions.root_review保留前提、收窄和反例。多处定位共享根因，不按文件重复计数。	固定X/Y两格，核对拿起、成功交换、BACK后三个时点的P/Q/暂持值；原净化两段及测试须一致。	findings.json#GIR-FD82-004
GIR-FD82-005	P2	WP67-A	F16-05	OPEN_NOT_EDITED_IN_THIS_REVIEW	三席NearAlly初选可落在不相邻的存活同伴，类别文本却排除该位置	deliverables/final-specification-set/combat-requirements/wp39-battle-context-and-participants.md;deliverables/final-specification-set/user-interface/wp67-a-battle-interaction-and-presentation.md;specs/ui/wp67-a-battle-interaction-and-presentation.md	独立描述NearAlly真实初选的存活同侧序与相邻筛选失效边界，分开文本候选、初选、确认与执行期目标；补三席0/2倒下/4存活的静态对照。保留领域真正邻近关系，不修改参考修复该异常。	B第二来源复核已完成；4号成员/数据框可高亮但按钮不呈选中态。正常3v3指定后续状态初选并登记4，执行解析仍拒远侧目标。与B033无存活非己同侧成员时回自己分开。	3v3指定状态初选/登记4，4位置文本不合格；两盟友都倒下对照回退0；2号存活对照先选2。另一位审查者按调用者与参数语义复核，勿执行参考。	findings.json#GIR-FD82-005
GIR-FD82-A001	P2	WP04	F02-02	OPEN_NOT_EDITED_IN_THIS_REVIEW	奇数引号合并耗尽输入时，KL10 错误预期去除包围标记	deliverables/final-specification-set/generic-kernel/wp04-pbs-lifecycle.md;deliverables/final-specification-set/test-catalog/generic-kernel-wp02-03-04.md;specs/kernel/wp04-pbs-lifecycle.md	"[{""raw_id"":""RUN-A-001"",""report"":""agents/A/A-01/findings.json"",""value"":""在原规格和净化正文区分合并后仍有后续分段与合并恰好耗尽；把 KL10 拆成上述成对向量，保留来源异常，不修改参考。""}]"	按各raw_id的root_adjudications及每条extensions.root_review保留前提、收窄和反例。多处定位共享根因，不按文件重复计数。	"[{""raw_id"":""RUN-A-001"",""report"":""agents/A/A-01/findings.json"",""value"":[""静态逐段检查两个输入到 Flags 登记的路径"",""无尾字段预期保留全部包围字符，有 Other 尾字段预期去除首值包围字符"",""保留 KL07/KL08/KL09 的已正确字符与预期""]}]"	findings.json#GIR-FD82-A001
GIR-FD82-A002	P2	WP04	F02-02	OPEN_NOT_EDITED_IN_THIS_REVIEW	PBS 新鲜度判定遗漏整数秒取整	deliverables/final-specification-set/generic-kernel/wp04-pbs-lifecycle.md;specs/kernel/wp04-pbs-lifecycle.md	"[{""raw_id"":""RUN-A-002"",""report"":""agents/A/A-01/findings.json"",""value"":""明确时间统一取整数秒后比较，并加入同秒反序、同值、跨秒三个静态向量。""}]"	按各raw_id的root_adjudications及每条extensions.root_review保留前提、收窄和反例。多处定位共享根因，不按文件重复计数。	"[{""raw_id"":""RUN-A-002"",""report"":""agents/A/A-01/findings.json"",""value"":[""1000.1 对 1000.9 必须触发"",""999.9 对 1000.1 且无其他触发条件必须不因新鲜度触发"",""保留取最大值而非比较每个对应文件的规则""]}]"	findings.json#GIR-FD82-A002
GIR-FD82-A003	P2	WP05	F01-04	OPEN_NOT_EDITED_IN_THIS_REVIEW	净化将 Scripts 的假值检查写成空列表检查	deliverables/final-specification-set/generic-kernel/wp05-events-extensions-plugins.md;deliverables/final-specification-set/test-catalog/generic-kernel-wp05-06-07-08-09-10.md;specs/kernel/wp05-events-extensions-plugins.md	"[{""raw_id"":""RUN-A-003"",""report"":""agents/A/A-01/findings.json"",""value"":""把两处“是否为空/列表为空”的防御条件用语改为缺失或假值，并继续明确空列表有效。""}]"	按各raw_id的root_adjudications及每条extensions.root_review保留前提、收窄和反例。多处定位共享根因，不按文件重复计数。	"[{""raw_id"":""RUN-A-003"",""report"":""agents/A/A-01/findings.json"",""value"":[""全文对照 WP05 第 60 行与 EP06/EP07，空列表均应被接受"",""缺失/假值条件和没有任何插件条目的空产物分开表述""]}]"	findings.json#GIR-FD82-A003
GIR-FD82-A004	P2	WP05	F01-04	OPEN_NOT_EDITED_IN_THIS_REVIEW	插件自动发现遗漏路径子串规则及显式 Scripts 顺序	deliverables/final-specification-set/generic-kernel/wp05-events-extensions-plugins.md;specs/kernel/wp05-events-extensions-plugins.md	"[{""raw_id"":""RUN-A-004"",""report"":""agents/A/A-01/findings.json"",""value"":""补充输入兼容规则：精确的路径子串筛选、显式顺序优先、自动追加与首次去重；说明这是参考行为，不推荐此文件布局。""}]"	按各raw_id的root_adjudications及每条extensions.root_review保留前提、收窄和反例。多处定位共享根因，不按文件重复计数。	"[{""raw_id"":""RUN-A-004"",""report"":""agents/A/A-01/findings.json"",""value"":[""静态核对 old.rb.bak 纳入、普通 readme.txt 在普通目录下排除"",""静态核对显式 b.rb,a.rb 顺序保留且不因自动发现重复执行"",""补一条目录名含 .rb 的边界向量""]}]"	findings.json#GIR-FD82-A004
GIR-FD82-A006	P2	WP02;WP08	F01-01	OPEN_NOT_EDITED_IN_THIS_REVIEW	把调试菜单的翻译导出语言选择误当作游戏语言切换	deliverables/final-specification-set/generic-kernel/wp02-rule-configuration-and-data-variants.md;deliverables/final-specification-set/generic-kernel/wp08-localization.md;specs/kernel/wp02-rule-configuration-and-data-variants.md;specs/kernel/wp02-settings-inventory-appendix.md;specs/kernel/wp08-localization.md	"[{""raw_id"":""RUN-A-006"",""report"":""agents/A/A-01/findings.json"",""value"":""WP02 正文/附表改为作者导出目标语言选择，保留真正的启动/载入语言路径；通知 WP08 修同一继承句。""}]"	按各raw_id的root_adjudications及每条extensions.root_review保留前提、收窄和反例。多处定位共享根因，不按文件重复计数。	"[{""raw_id"":""RUN-A-006"",""report"":""agents/A/A-01/findings.json"",""value"":[""核对调试入口选择 B 后取消不改变玩家语言和当前消息集"",""核对载入菜单的语言变化和已有存档直写仍保留"",""WP08 只作受影响依赖登记，本批不签发其整包审查结论""]}]"	findings.json#GIR-FD82-A006
GIR-FD82-A010	P2	WP06	F03-05	OPEN_NOT_EDITED_IN_THIS_REVIEW	TM09 把单株采摘果实数误写成株数	deliverables/final-specification-set/generic-kernel/wp06-stats-directory.md;deliverables/final-specification-set/test-catalog/generic-kernel-wp05-06-07-08-09-10.md;specs/kernel/wp06-stats-directory.md;specs/kernel/wp06-time-random-steps-stats.md	"[{""raw_id"":""RUN-A-010"",""report"":""agents/A/A-02/findings.json"",""value"":""TM09 明确写一次采摘、树果个数和各子例独立初始状态；保持附表正确的按次计数语义。""}]"	按各raw_id的root_adjudications及每条extensions.root_review保留前提、收窄和反例。多处定位共享根因，不按文件重复计数。	"[{""raw_id"":""RUN-A-010"",""report"":""agents/A/A-02/findings.json"",""value"":[""逐个核对 8/10/12 个果实的独立向量"",""增加多株对照或至少删除株单位"",""取消与背包不可接收仍不递增""]}]"	findings.json#GIR-FD82-A010
GIR-FD82-A011	P2	WP06	F03-05	OPEN_NOT_EDITED_IN_THIS_REVIEW	交换统计并非仅在交换完成后增加	deliverables/final-specification-set/generic-kernel/wp06-stats-directory.md;specs/kernel/wp06-stats-directory.md	"[{""raw_id"":""RUN-A-011"",""report"":""agents/A/A-02/findings.json"",""value"":""把目录改为进入交换流程时增加，并登记验证失败仍保留增量；不修参考、不把它理想化为完成次数。""}]"	按各raw_id的root_adjudications及每条extensions.root_review保留前提、收窄和反例。多处定位共享根因，不按文件重复计数。	"[{""raw_id"":""RUN-A-011"",""report"":""agents/A/A-02/findings.json"",""value"":[""核对失败前后计数 7→8"",""核对有效输入正常流程仍只增加一次"",""在领域交换规格交界复核同一统计语义，不把定点来源当作整域已审""]}]"	findings.json#GIR-FD82-A011
GIR-FD82-A012	P2	WP07	F01-07	OPEN_NOT_EDITED_IN_THIS_REVIEW	目录删除合同遗漏目标目录本身也被删除	deliverables/final-specification-set/generic-kernel/wp07-diagnostics-files-http.md;specs/kernel/wp07-diagnostics-files-http.md	"[{""raw_id"":""RUN-A-012"",""report"":""agents/A/A-02/findings.json"",""value"":""明确该入口删除整棵目标目录树，包括目标根目录；不要把导出译文流程只删除文件的另一入口混同。""}]"	按各raw_id的root_adjudications及每条extensions.root_review保留前提、收窄和反例。多处定位共享根因，不按文件重复计数。	"[{""raw_id"":""RUN-A-012"",""report"":""agents/A/A-02/findings.json"",""value"":[""静态复核空目录与一个普通文件的两例，最终都删除 D"",""保留异常传播及部分删除的限制"",""与本地化提取覆盖流程区分""]}]"	findings.json#GIR-FD82-A012
GIR-FD82-A013	P2	WP08	F02-05	OPEN_NOT_EDITED_IN_THIS_REVIEW	翻译节编号不是严格数字校验且零号数字节被拒绝	deliverables/final-specification-set/generic-kernel/wp08-localization.md;specs/kernel/wp08-localization.md	"[{""raw_id"":""RUN-A-013"",""report"":""agents/A/A-02/findings.json"",""value"":""行为化记录实际节名识别顺序和零值例外，添加非零数字前缀、零号及常量名对照；不将参考解析器改写为理想校验。""}]"	按各raw_id的root_adjudications及每条extensions.root_review保留前提、收窄和反例。多处定位共享根因，不按文件重复计数。	"[{""raw_id"":""RUN-A-013"",""report"":""agents/A/A-02/findings.json"",""value"":[""三组同内容不同节头静态推导一致"",""保留已有首内容行数字导致数组形态的 GR-002 规则，不混同节名与内容形态"",""写出经完整编译入口失败时已截断输出的既有边界""]}]"	findings.json#GIR-FD82-A013
GIR-FD82-A014	P2	WP09;WP10	F03-03;F03-04	OPEN_NOT_EDITED_IN_THIS_REVIEW	地图事件集合缺失被净化为事件集合为空	deliverables/final-specification-set/generic-kernel/wp09-save-startup-continue.md;deliverables/final-specification-set/generic-kernel/wp10-migration-failure-recovery.md;deliverables/final-specification-set/test-catalog/generic-kernel-wp05-06-07-08-09-10.md;specs/kernel/wp09-save-startup-continue.md;specs/kernel/wp10-migration-failure-recovery.md	"[{""raw_id"":""RUN-A-014"",""report"":""agents/A/A-02/findings.json"",""value"":""WP09/WP10 净化正文、SV06 与 MG12 统一改成缺失/空值，并明确与零成员集合不同。""}]"	按各raw_id的root_adjudications及每条extensions.root_review保留前提、收窄和反例。多处定位共享根因，不按文件重复计数。	"[{""raw_id"":""RUN-A-014"",""report"":""agents/A/A-02/findings.json"",""value"":[""确认所有本批地图损坏措辞均区分缺失与零条目"",""成对向量仅缺失一侧触发损坏异常"",""缺图的调试/非调试分流继续保持""]}]"	findings.json#GIR-FD82-A014
GIR-FD82-A015	P2	WP09;WP65	F03-03	OPEN_NOT_EDITED_IN_THIS_REVIEW	SV02 丢失无存档前提却固定预期新游戏	deliverables/final-specification-set/generic-kernel/wp09-save-startup-continue.md;deliverables/final-specification-set/test-catalog/generic-kernel-wp05-06-07-08-09-10.md;deliverables/final-specification-set/test-catalog/user-interface-wp17-63-65-66-67-68-69-70-71.md;deliverables/final-specification-set/user-interface/wp65-title-load-options-pause-and-pc.md;specs/kernel/wp09-save-startup-continue.md	"[{""raw_id"":""RUN-A-015"",""report"":""agents/A/A-02/findings.json"",""value"":""为 SV02 补回无存档/已读存档为空前提，或拆成空和非空两个确定向量。""},{""raw_id"":""RUN-D-014"",""report"":""agents/D/findings.json"",""value"":""SV02补无存档前提，并增加或交叉引用有效存档时直接继续的对照向量。""}]"	按各raw_id的root_adjudications及每条extensions.root_review保留前提、收窄和反例。多处定位共享根因，不按文件重复计数。	"[{""raw_id"":""RUN-A-015"",""report"":""agents/A/A-02/findings.json"",""value"":[""三开关相同的空/非空数据对照分别新游戏/继续"",""不要把有文件与数据非空永久等价；旧序列转空表另有 MG03 边界""]},{""raw_id"":""RUN-D-014"",""report"":""agents/D/findings.json"",""value"":""三门全真且无存档预期新游戏；三门全真且有有效存档预期继续，两个状态均有可判定结果。""}]"	findings.json#GIR-FD82-A015
GIR-FD82-A016	P2	WP06;WP10	F03-02;F03-05	OPEN_NOT_EDITED_IN_THIS_REVIEW	旧帧数迁移缺少实际帧率除数与零值回退	deliverables/final-specification-set/generic-kernel/wp10-migration-failure-recovery.md;specs/kernel/wp06-stats-directory.md;specs/kernel/wp10-migration-failure-recovery.md	"[{""raw_id"":""RUN-A-016"",""report"":""agents/A/A-02/findings.json"",""value"":""补行为方程与单位、浮点换算和缺值前提；把冷启动无锚点向量与已有锚点的非冷启动入口限制分开。""}]"	按各raw_id的root_adjudications及每条extensions.root_review保留前提、收窄和反例。多处定位共享根因，不按文件重复计数。	"[{""raw_id"":""RUN-A-016"",""report"":""agents/A/A-02/findings.json"",""value"":[""120/40、120/60、缺值三个静态向量写全前提"",""额外核对 121/60 保留小数而非整数截断"",""说明 stats 键已存在时跳过；不外推迁移全过程无失败""]}]"	findings.json#GIR-FD82-A016
GIR-FD82-A020	P2	WP19;WP28	F06-03;F06-04	OPEN_NOT_EDITED_IN_THIS_REVIEW	缺少性格身份到增减能力项的固定映射	deliverables/final-specification-set/creature-rpg/wp28-item-use-and-training.md;deliverables/final-specification-set/generic-kernel/wp03-content-identity-and-schema.md;deliverables/final-specification-set/pokemon-rules/wp19-attributes-ability-and-stats.md;deliverables/final-specification-set/test-catalog/pokemon-rules-wp19-21-22-23-34.md;specs/pokemon-rules/wp19-attributes-ability-and-stats.md	"[{""raw_id"":""RUN-A-020"",""report"":""agents/A/A-03/findings.json"",""value"":""补入独立数据表：25个性格身份、派生次序、提升项/降低项或中性；交付正文明确引用。不要复制注册源码；保持现有取整与缓存规则。""},{""raw_id"":""RUN-D-019"",""report"":""agents/D/findings.json"",""value"":""补25种身份到增/减能力的独立数据表（中性明确无），并给至少一个非中性六维固定向量。""}]"	按各raw_id的root_adjudications及每条extensions.root_review保留前提、收窄和反例。多处定位共享根因，不按文件重复计数。	"[{""raw_id"":""RUN-A-020"",""report"":""agents/A/A-03/findings.json"",""value"":[""逐一对照固定25项注册，5中性和20有修正项均有唯一映射。"",""加入至少两种同提升项、不同降低项的具名算术对照，结果含75/62/65与75/69/58。"",""从最终材料独立推导，不依赖参考文件或外部宝可梦知识。""]},{""raw_id"":""RUN-D-019"",""report"":""agents/D/findings.json"",""value"":""所有25性格每项N均可在允许材料内确定，ADAMANT等非中性向量无需外部数据。""}]"	findings.json#GIR-FD82-A020
GIR-FD82-A022	P2	WP18;WP21	F06-02	OPEN_NOT_EDITED_IN_THIS_REVIEW	创建仅两类随机来源未排除创建形态回调	deliverables/final-specification-set/creature-rpg/wp18-creature-identity-species-ownership.md;deliverables/final-specification-set/pokemon-rules/wp21-dynamic-forms-and-display.md;specs/creature-rpg/wp18-creature-identity-species-ownership.md	"[{""raw_id"":""RUN-A-022"",""report"":""agents/A/A-03/findings.json"",""value"":""把两类限定为个体基础初始化自身，明确创建回调可增加随机输入并引用WP21；不删去WP21现有形态规则。""},{""raw_id"":""RUN-D-009"",""report"":""agents/D/findings.json"",""value"":""将两类限定为基础个体初始化，并明确创建复检可能追加WP21的随机形态输入。""}]"	按各raw_id的root_adjudications及每条extensions.root_review保留前提、收窄和反例。多处定位共享根因，不按文件重复计数。	"[{""raw_id"":""RUN-A-022"",""report"":""agents/A/A-03/findings.json"",""value"":[""UNOWN开/关复检对照能够说明额外形态抽样。"",""保持同一personalID派生性别/特性/Nature的相关性与缓存时序，不拆成独立抽样。""]},{""raw_id"":""RUN-D-009"",""report"":""agents/D/findings.json"",""value"":""UNOWN复检开与关的创建输入清单分别明确是否需要额外形态抽样；不再对完整创建宣称仅两类随机。""}]"	findings.json#GIR-FD82-A022
GIR-FD82-A023	P2	WP20	F06-06	OPEN_NOT_EDITED_IN_THIS_REVIEW	四槽容量未区分学习工具与直接整表写入	deliverables/final-specification-set/creature-rpg/wp20-hp-status-moves-helditem.md;specs/creature-rpg/wp20-hp-status-moves-helditem.md	"[{""raw_id"":""RUN-A-023"",""report"":""agents/A/A-03/findings.json"",""value"":""将4项保证限定到正常初始化/学习的有效起点，明确直接整表写入不校验，静默学习只删除首项一次；保留人工边界，不推广为常规游戏可达。""}]"	按各raw_id的root_adjudications及每条extensions.root_review保留前提、收窄和反例。多处定位共享根因，不按文件重复计数。	"[{""raw_id"":""RUN-A-023"",""report"":""agents/A/A-03/findings.json"",""value"":[""五槽直接写入、五槽学习新招、五槽学习已知招、四槽正常学习、默认重置分别有明确预期。"",""首招记录与复制可保留已有列表长度；不要顺带给GR-008补去重。""]}]"	findings.json#GIR-FD82-A023
GIR-FD82-A026	P2	WP21;WP28	F06-07	OPEN_NOT_EDITED_IN_THIS_REVIEW	提交与战斗改招缺少形态到具名招式的固定对应	deliverables/final-specification-set/pokemon-rules/wp21-dynamic-forms-and-display.md;deliverables/final-specification-set/test-catalog/pokemon-rules-wp19-21-22-23-34.md;specs/pokemon-rules/wp21-dynamic-forms-and-display.md	"[{""raw_id"":""RUN-A-026"",""report"":""agents/A/A-04/findings.json"",""value"":""在 WP21 补充独立数据表，逐项列出 ROTOM 1–5及回退招、KYUREM 0/1/2的双向招式对应、NECROZMA/CALYREX 1/2及回退招、ZACIAN/ZAMAZENTA开始/终战对应；正文和测试引用该表。只表达数据和行为，不抄处理器代码。""},{""raw_id"":""RUN-D-020"",""report"":""agents/D/findings.json"",""value"":""补齐四类提交处理器所需的形态→目标招、旧招识别集合、基础形态保底招映射；保持PP与交互合同分层，不复制来源代码。""}]"	按各raw_id的root_adjudications及每条extensions.root_review保留前提、收窄和反例。多处定位共享根因，不按文件重复计数。	"[{""raw_id"":""RUN-A-026"",""report"":""agents/A/A-04/findings.json"",""value"":[""对照所列六物种固定映射，每个分支的目标身份与无效/缺失数据门可由最终交付唯一决定。"",""FM15给出 SUNSTEELSTRIKE 与 PP5；为其余映射分别给具名目标或明确引用完整表。""]},{""raw_id"":""RUN-D-020"",""report"":""agents/D/findings.json"",""value"":""对每个已列形态可直接写出具体招式前后列表，并可判定任意缺失目标身份是否触发具名失败。""}]"	findings.json#GIR-FD82-A026
GIR-FD82-A027	P2	WP21	F06-07	OPEN_NOT_EDITED_IN_THIS_REVIEW	ROTOM 已掌握目标招时删除旧招的分支与空招式边界未登记	deliverables/final-specification-set/pokemon-rules/wp21-dynamic-forms-and-display.md;specs/pokemon-rules/wp21-dynamic-forms-and-display.md	"[{""raw_id"":""RUN-A-027"",""report"":""agents/A/A-04/findings.json"",""value"":""在 ROTOM 行和删除路径中明确“目标已掌握”导致删除第一条旧形态招；说明保底只在更早的无有效目标且唯一旧招分支触发，并给出同值提交可清空列表的具名前提。保持正常道具的同形态拒绝。""}]"	按各raw_id的root_adjudications及每条extensions.root_review保留前提、收窄和反例。多处定位共享根因，不按文件重复计数。	"[{""raw_id"":""RUN-A-027"",""report"":""agents/A/A-04/findings.json"",""value"":[""静态复核直接形态1/唯一OVERHEAT/再写1得到空列表。"",""复核换到不同形态且目标未掌握仍为原有同槽替换/PP钳制；正常目录同形态仍不触发。""]}]"	findings.json#GIR-FD82-A027
GIR-FD82-A028	P2	WP22	F06-08	OPEN_NOT_EDITED_IN_THIS_REVIEW	BANETTE 的 Mega 石身份被净化改写	deliverables/final-specification-set/pokemon-rules/wp22-mega-and-primal-reversion.md;deliverables/final-specification-set/pokemon-rules/wp22-transformation-data.md;specs/pokemon-rules/wp22-transformation-data.md	"[{""raw_id"":""RUN-A-028"",""report"":""agents/A/A-04/findings.json"",""value"":""将净化附表的身份恢复为 BANETTITE；保留原稿和参考源不变，加入 BANETTE 持合法石的具名对照。""}]"	按各raw_id的root_adjudications及每条extensions.root_review保留前提、收窄和反例。多处定位共享根因，不按文件重复计数。	"[{""raw_id"":""RUN-A-028"",""report"":""agents/A/A-04/findings.json"",""value"":[""默认48个Mega目标的条件身份逐项与固定源、原附表和实际物品身份对应；BANETTE→BANETTITE→1。""]}]"	findings.json#GIR-FD82-A028
GIR-FD82-A029	P2	WP23	F06-08	OPEN_NOT_EDITED_IN_THIS_REVIEW	香类无效条件从友好度255误变为心阶段5	deliverables/final-specification-set/pokemon-rules/wp23-shadow-hyper-and-purification.md;specs/pokemon-rules/wp23-shadow-hyper-and-purification.md	"[{""raw_id"":""RUN-A-029"",""report"":""agents/A/A-04/findings.json"",""value"":""把两处H5恢复为“友好度=255”，明确与心阶段H区分；添加G0且友好度254/255的两侧对照，仍保留有效Hyper与Scent旗标的独立门。""}]"	按各raw_id的root_adjudications及每条extensions.root_review保留前提、收窄和反例。多处定位共享根因，不按文件重复计数。	"[{""raw_id"":""RUN-A-029"",""report"":""agents/A/A-04/findings.json"",""value"":[""默认M4000/G0时H0；友好度255拒绝、254可进入共同工具。"",""逐行对照野外工具、战斗资格与执行复检，确认资源消费只随正确成功结果发生。""]}]"	findings.json#GIR-FD82-A029
GIR-FD82-A030	P2	WP23	F06-08	OPEN_NOT_EDITED_IN_THIS_REVIEW	可选 Shadow 表的 GROWLITHE 与 SNORUNT 首招被改写	deliverables/final-specification-set/pokemon-rules/wp23-shadow-data-and-vectors.md;deliverables/final-specification-set/pokemon-rules/wp23-shadow-hyper-and-purification.md;specs/pokemon-rules/wp23-shadow-data-and-vectors.md	"[{""raw_id"":""RUN-A-030"",""report"":""agents/A/A-04/findings.json"",""value"":""恢复两行准确的有序招式列表。保留“可选原始样本、非默认启用”的范围，加入这两个具名建立结果，并对131行逐值核对。""}]"	按各raw_id的root_adjudications及每条extensions.root_review保留前提、收窄和反例。多处定位共享根因，不按文件重复计数。	"[{""raw_id"":""RUN-A-030"",""report"":""agents/A/A-04/findings.json"",""value"":[""131个物种的量表和有序招式逐项与原附表及固定样本匹配。"",""两个H5建立结果与本反例相符，不只核对行数或标识是否存在。""]}]"	findings.json#GIR-FD82-A030
GIR-FD82-A034	P2	WP24	F07-02	OPEN_NOT_EDITED_IN_THIS_REVIEW	伙伴门属于雷达遭遇钩子，不属于启动许可	deliverables/final-specification-set/creature-rpg/wp24-player-trainers-partners.md;deliverables/final-specification-set/pokemon-rules/wp37-roaming-and-poke-radar.md;specs/creature-rpg/wp24-player-trainers-partners.md	"[{""raw_id"":""RUN-A-034"",""report"":""agents/A/A-05/findings.json"",""value"":""把WP24改成未骑车是启动门；伙伴在遭遇候选钩子中取消连锁，并明确引用WP37两阶段。""}]"	按各raw_id的root_adjudications及每条extensions.root_review保留前提、收窄和反例。多处定位共享根因，不按文件重复计数。	"[{""raw_id"":""RUN-A-034"",""report"":""agents/A/A-05/findings.json"",""value"":[""有伙伴/无伙伴但其余启动条件相同，许可均可成功；之后伙伴分支清链、无伙伴继续原钩子规则。""]}]"	findings.json#GIR-FD82-A034
GIR-FD82-A035	P2	WP25	F07-04;F07-05	OPEN_NOT_EDITED_IN_THIS_REVIEW	复制到队伍追加末尾，不能按通用目标索引解读	deliverables/final-specification-set/creature-rpg/wp25-party-and-storage.md;specs/creature-rpg/wp25-party-and-storage.md	"[{""raw_id"":""RUN-A-035"",""report"":""agents/A/A-05/findings.json"",""value"":""复制表分别列队伍与盒结果：队伍未满时忽略显式目标索引并追加/压缩，盒才按显式索引或找空位写入。无需保留源方法结构。""}]"	按各raw_id的root_adjudications及每条extensions.root_review保留前提、收窄和反例。多处定位共享根因，不按文件重复计数。	"[{""raw_id"":""RUN-A-035"",""report"":""agents/A/A-05/findings.json"",""value"":[""显式目标索引0/5与常规自动索引的对照均能由最终合同导出[A,B]；满队仍拒绝，盒显式覆盖/扩展保留。""]}]"	findings.json#GIR-FD82-A035
GIR-FD82-A039	P2	WP28	F08-03;F08-04	OPEN_NOT_EDITED_IN_THIS_REVIEW	降EV树果的多量上限漏掉清空EV所需份数	deliverables/final-specification-set/creature-rpg/wp28-item-use-and-training.md;specs/creature-rpg/wp28-item-use-and-training.md	"[{""raw_id"":""RUN-A-039"",""report"":""agents/A/A-06/findings.json"",""value"":""补齐max(ceil(当前该项EV/10),友好模拟份数)及随后的配置/最小1/库存门；保留每份友好、EV一次合并扣减。""}]"	按各raw_id的root_adjudications及每条extensions.root_review保留前提、收窄和反例。多处定位共享根因，不按文件重复计数。	"[{""raw_id"":""RUN-A-039"",""report"":""agents/A/A-06/findings.json"",""value"":[""加入h255/EV250/持25的上限及执行向量，并与多量关闭对照。""]}]"	findings.json#GIR-FD82-A039
GIR-FD82-A040	P2	WP19;WP28	F08-04	OPEN_NOT_EDITED_IN_THIS_REVIEW	把培养路径的EV上限扩大成所有写入者的保证	deliverables/final-specification-set/creature-rpg/wp28-item-use-and-training.md;deliverables/final-specification-set/demo-dx/wp76-facility-content-generation-and-simulation.md;deliverables/final-specification-set/pokemon-rules/wp19-attributes-ability-and-stats.md;specs/creature-rpg/wp28-item-use-and-training.md	"[{""raw_id"":""RUN-A-040"",""report"":""agents/A/A-06/findings.json"",""value"":""将全称收窄为本包培养/增量入口保证；显式引用WP19设施模板与裸字段例外，不改参考行为。""},{""raw_id"":""RUN-D-008"",""report"":""agents/D/findings.json"",""value"":""把WP28不变量收窄为本包培养/增量写入入口，明确引用WP19的设施创建和原始存储例外。""}]"	按各raw_id的root_adjudications及每条extensions.root_review保留前提、收窄和反例。多处定位共享根因，不按文件重复计数。	"[{""raw_id"":""RUN-A-040"",""report"":""agents/A/A-06/findings.json"",""value"":[""交付文本必须可同时导出培养上限与双项设施各255；不得为消除矛盾给模板补夹限。""]},{""raw_id"":""RUN-D-008"",""report"":""agents/D/findings.json"",""value"":""双努力项设施模板稳定保留255/255；相同属性的培养道具路径仍遵循252/510余量约束。""}]"	findings.json#GIR-FD82-A040
GIR-FD82-A041	P2	WP28	F08-03;F08-04	OPEN_NOT_EDITED_IN_THIS_REVIEW	全复药和全满药漏记战斗中仅混乱的可用与治疗	deliverables/final-specification-set/creature-rpg/wp28-item-use-and-training.md;specs/creature-rpg/wp28-item-use-and-training.md	"[{""raw_id"":""RUN-A-041"",""report"":""agents/A/A-06/findings.json"",""value"":""治疗表分列非战斗/战斗；FULLHEAL及其对应治疗族、FULLRESTORE加入混乱资格和清除分支。""}]"	按各raw_id的root_adjudications及每条extensions.root_review保留前提、收窄和反例。多处定位共享根因，不按文件重复计数。	"[{""raw_id"":""RUN-A-041"",""report"":""agents/A/A-06/findings.json"",""value"":[""新增仅混乱、只有持久异常、两者皆无三例，分别核资格/消耗/清除。""]}]"	findings.json#GIR-FD82-A041
GIR-FD82-A044	P2	WP20;WP28;WP30;WP66-A	F08-04	OPEN_NOT_EDITED_IN_THIS_REVIEW	背包TR教学会加入重学记录，队伍入口不会	deliverables/final-specification-set/creature-rpg/wp20-hp-status-moves-helditem.md;deliverables/final-specification-set/creature-rpg/wp28-item-use-and-training.md;deliverables/final-specification-set/creature-rpg/wp30-growth-learning-and-friendship.md;specs/creature-rpg/wp20-hp-status-moves-helditem.md;specs/creature-rpg/wp28-item-use-and-training.md	"[{""raw_id"":""RUN-A-044"",""report"":""agents/A/A-06/findings.json"",""value"":""在WP28分别写出TR记录追加和队伍不追加，并由WP20/30引用；不笼统改变所有学习的记录规则。""}]"	按各raw_id的root_adjudications及每条extensions.root_review保留前提、收窄和反例。多处定位共享根因，不按文件重复计数。	"[{""raw_id"":""RUN-A-044"",""report"":""agents/A/A-06/findings.json"",""value"":[""使用默认TM57数据而非按名字猜TM；双入口教学→记录→遗忘→重学候选闭合，统计差异保持既有规则。""]}]"	findings.json#GIR-FD82-A044
GIR-FD82-A045	P2	WP28;WP31	F08-03;F08-04	OPEN_NOT_EDITED_IN_THIS_REVIEW	内层进化取消不属于非战斗取消不消耗的统一保证	deliverables/final-specification-set/creature-rpg/wp28-item-use-and-training.md;deliverables/final-specification-set/pokemon-rules/wp31-basic-evolution.md;specs/creature-rpg/wp28-item-use-and-training.md	"[{""raw_id"":""RUN-A-045"",""report"":""agents/A/A-06/findings.json"",""value"":""把不消耗取消限定为入口选择/确认或效果返回失败的取消；明确引用满级稀有糖果内层取消仍消耗。""}]"	按各raw_id的root_adjudications及每条extensions.root_review保留前提、收窄和反例。多处定位共享根因，不按文件重复计数。	"[{""raw_id"":""RUN-A-045"",""report"":""agents/A/A-06/findings.json"",""value"":[""同一目标分别在选择页取消、进入进化后取消：前者库存1，后者0且物种不变。""]}]"	findings.json#GIR-FD82-A045
GIR-FD82-A046	P2	WP28	F08-04	OPEN_NOT_EDITED_IN_THIS_REVIEW	主动HP回复族缺少实际回复量映射，SITRUS为比例回复	deliverables/final-specification-set/combat-requirements/wp51-ai-action-selection-and-skill.md;deliverables/final-specification-set/combat-requirements/wp51-ai-decision-defaults.md;deliverables/final-specification-set/creature-rpg/wp28-item-use-and-training.md;deliverables/final-specification-set/pokemon-rules/wp50-held-item-triggers-and-consumption.md;specs/creature-rpg/wp28-item-use-and-training.md	"[{""raw_id"":""RUN-A-046"",""report"":""agents/A/A-06/findings.json"",""value"":""补一份实现独立的主动HP道具回复量表，含固定量、配置真/假量、补满、最大HP整除4及别名；明确与AI估量和持物触发分工。""}]"	按各raw_id的root_adjudications及每条extensions.root_review保留前提、收窄和反例。多处定位共享根因，不按文件重复计数。	"[{""raw_id"":""RUN-A-046"",""report"":""agents/A/A-06/findings.json"",""value"":[""仅用最终WP28及其明确的数据依赖即可从两组总HP推导25/26请求，且无需读参考或挪用WP51估量。"",""核对固定治疗品与两配置值，保留实际回复受缺血量封顶。""]}]"	findings.json#GIR-FD82-A046
GIR-FD82-A047	P2	WP30	F09-01	OPEN_NOT_EDITED_IN_THIS_REVIEW	经验缩放合同缺少先整除5和基础份额为零的早退门	deliverables/final-specification-set/combat-requirements/wp42-growth-end-of-round-and-battle-outcomes.md;deliverables/final-specification-set/creature-rpg/wp30-growth-learning-and-friendship.md;deliverables/final-specification-set/test-catalog/creature-rpg-wp27-28-29-30-33.md;specs/creature-rpg/wp30-growth-learning-and-friendship.md	"[{""raw_id"":""RUN-A-047"",""report"":""agents/A/A-07/findings.json"",""value"":""用独立数学文字标出每次整数截断的位置、两个分配份额分别截断后相加、基础结果≤0早退门，以及后续整数倍率的取整；补78例和零份额例。""}]"	按各raw_id的root_adjudications及每条extensions.root_review保留前提、收窄和反例。多处定位共享根因，不按文件重复计数。	"[{""raw_id"":""RUN-A-047"",""report"":""agents/A/A-07/findings.json"",""value"":[""CATERPIE L2→参与者L3固定例必须+13而非+14。"",""基础份额0在缩放前结束，经验/经验统计不变；既有先行EV写入不回滚。"",""GR08–GR18原整数例仍成立，并明确GR15无有效参与者而非参与记录空。""]}]"	findings.json#GIR-FD82-A047
GIR-FD82-A048	P2	WP30;WP66-A	F09-01;F16-03	OPEN_NOT_EDITED_IN_THIS_REVIEW	空重学候选在初次绘制时失败，不能正常进入空列表取消	deliverables/final-specification-set/creature-rpg/wp30-growth-learning-and-friendship.md;deliverables/final-specification-set/test-catalog/user-interface-wp17-63-65-66-67-68-69-70-71.md;deliverables/final-specification-set/user-interface/wp66-a-party-and-summary-ui.md;specs/creature-rpg/wp30-growth-learning-and-friendship.md;specs/ui/wp66-a-party-and-summary-ui.md	"[{""raw_id"":""RUN-A-048"",""report"":""agents/A/A-07/findings.json"",""value"":""保留候选为空的领域规则；另外登记裸重学入口初始绘制失败及外部守卫未证明。修正WP66-A和A32，不把异常规范化为正常取消或修改reference修复。""},{""raw_id"":""RUN-C-116"",""report"":""agents/C/C-07/findings.json"",""value"":""明确空候选与非空候选的入口结果；保留现状失败点与先后关系，改A32，不为参考补空态守卫。""}]"	按各raw_id的root_adjudications及每条extensions.root_review保留前提、收窄和反例。多处定位共享根因，不按文件重复计数。	"[{""raw_id"":""RUN-A-048"",""report"":""agents/A/A-07/findings.json"",""value"":[""从候选→开场→首次绘制→严格查招式逐跳核对，确认异常先于任何选择循环。"",""为非空候选保留拒教/取消不退出/满槽放弃再选/确认退出/成功计数原有测试。""]},{""raw_id"":""RUN-C-116"",""report"":""agents/C/C-07/findings.json"",""value"":[""固定参考只读回查，正文/测试按具名输入和观测时点重写；不执行或修复reference"",""保留U01–U10/G01–G12/AX01–AX20及真实Demo/素材/宿主/插件组合未证边界""]}]"	findings.json#GIR-FD82-A048
GIR-FD82-A053	P2	WP35	F09-07	OPEN_NOT_EDITED_IN_THIS_REVIEW	孵化的形态不变保证漏掉演出读取触发的动态提交	deliverables/final-specification-set/creature-rpg/wp35-eggs-and-hatching.md;deliverables/final-specification-set/test-catalog/creature-rpg-wp35-36-57-64-68.md;specs/creature-rpg/wp35-eggs-and-hatching.md	"[{""raw_id"":""RUN-A-053"",""report"":""agents/A/A-08/findings.json"",""value"":""限定为孵化提交核心不显式改写形态；演出/资源消费中的动态形态查询仍服从WP21的提交副作用。相应限定EG-13的其它字段保持口径。""}]"	按各raw_id的root_adjudications及每条extensions.root_review保留前提、收窄和反例。多处定位共享根因，不按文件重复计数。	"[{""raw_id"":""RUN-A-053"",""report"":""agents/A/A-08/findings.json"",""value"":[""DEERLING存储0、2月、未锁定形态时孵化结束为1。"",""强制形态或战斗/储存短路分别保留原处理器门；图鉴提前已见与末尾拥有/见过蛋分开记录。""]}]"	findings.json#GIR-FD82-A053
GIR-FD82-A054	P2	WP62	F15-01	OPEN_NOT_EDITED_IN_THIS_REVIEW	最近见到的无名形态归零检查未区分原形态与展示形态	deliverables/final-specification-set/pokemon-rules/wp62-pokedex-records-regions-and-content.md;deliverables/final-specification-set/test-catalog/pokemon-rules-wp53-60-61-62-69-70.md;specs/pokemon-rules/wp62-pokedex-records-regions-and-content.md	"[{""raw_id"":""RUN-A-054"",""report"":""agents/A/A-08/findings.json"",""value"":""将最近见到入口明确写成：展示号来自原形态字段，但无名检查仍针对原形态；普通登记继续检查解析后的展示形态。增加ALCREMIE8的两入口对照，不只复述一般映射。""}]"	按各raw_id的root_adjudications及每条extensions.root_review保留前提、收窄和反例。多处定位共享根因，不按文件重复计数。	"[{""raw_id"":""RUN-A-054"",""report"":""agents/A/A-08/findings.json"",""value"":[""由最终规格单独推得普通登记7、随后最近见到0。"",""未命名原形态与未命名目标形态的两个方向分开测试；保留两入口不同性别归一和刷新副作用。""]}]"	findings.json#GIR-FD82-A054
GIR-FD82-A055	P2	WP62	F15-01	OPEN_NOT_EDITED_IN_THIS_REVIEW	图鉴搜索结束总复位数值序与无结果取消路径冲突	deliverables/final-specification-set/pokemon-rules/wp62-pokedex-records-regions-and-content.md;deliverables/final-specification-set/test-catalog/user-interface-wp17-63-65-66-67-68-69-70-71.md;deliverables/final-specification-set/user-interface/wp66-b-storage-and-pokedex-ui.md;specs/pokemon-rules/wp62-pokedex-records-regions-and-content.md;specs/ui/wp66-b-storage-and-pokedex-ui.md	"[{""raw_id"":""RUN-A-055"",""report"":""agents/A/A-08/findings.json"",""value"":""WP62改为引用WP66-B的四状态分层；限定数值序复位发生在退出已存在的结果态，而非任意搜索结束。""}]"	按各raw_id的root_adjudications及每条extensions.root_review保留前提、收窄和反例。多处定位共享根因，不按文件重复计数。	"[{""raw_id"":""RUN-A-055"",""report"":""agents/A/A-08/findings.json"",""value"":[""无结果Start→Cancel保留模式4；非空结果→结果态BACK复位0。"",""原稿、净化稿、B25/B26/B35保持同一调用分层；不修改已正确的WP66-B失败合同。""]}]"	findings.json#GIR-FD82-A055
GIR-FD82-A057	P2	WP64	F15-05	OPEN_NOT_EDITED_IN_THIS_REVIEW	管理界面 Receive 后的 Edit 可改写已领取的队伍个体	deliverables/final-specification-set/creature-rpg/wp64-mail-and-mystery-gift.md;deliverables/final-specification-set/test-catalog/creature-rpg-wp35-36-57-64-68.md;specs/creature-rpg/wp64-mail-and-mystery-gift.md	"[{""raw_id"":""RUN-A-057"",""report"":""agents/A/A-08/findings.json"",""value"":""保留Create/Export/Edit/Delete的文件落盘合同，同时增加管理Receive后与已接收个体的状态共享例外及取消不回滚。与既有Create别名路径分开列出入口，最终归并时注明同类共享引用根因。""}]"	按各raw_id的root_adjudications及每条extensions.root_review保留前提、收窄和反例。多处定位共享根因，不按文件重复计数。	"[{""raw_id"":""RUN-A-057"",""report"":""agents/A/A-08/findings.json"",""value"":[""同会话Receive→Edit来源→取消：主文件不变，已入队P来源变Faraway place。"",""关闭管理重进会重新读取主文件，但不恢复队伍P已发生的变更；对比未Receive且未共享的会话编辑。""]}]"	findings.json#GIR-FD82-A057
GIR-FD82-A058	P2	WP17;WP65;WP79	F05-06;F16-01	OPEN_NOT_EDITED_IN_THIS_REVIEW	命名与载入预览的四帧布局、节拍和箱名分支未承接	deliverables/final-specification-set/engine-overworld/wp15-resource-matching-and-audio.md;deliverables/final-specification-set/test-catalog/user-interface-wp17-63-65-66-67-68-69-70-71.md;deliverables/final-specification-set/user-interface/wp17-messages-windows-input.md;deliverables/final-specification-set/user-interface/wp65-title-load-options-pause-and-pc.md;review/wp79-coverage-review-2026-10-03/revision-v6/source-judgments.json;specs/ui/wp17-messages-windows-input.md;specs/ui/wp65-title-load-options-pause-and-pc.md	"[{""raw_id"":""RUN-A-058"",""report"":""agents/A/X-A-WP79-NA-AUDIT/findings.json"",""value"":""在WP17/WP65补一个实现独立的预览表：玩家/NPC/载入的4×4首行四帧、0.5秒；箱名的单行四帧、0.4秒；运行时钟相位及资源失败由各调用者另列。原NA改为明确消费者已覆盖/待补，避免要求未来采用参考精灵类。保留WP65既有缺图报错，不与本缺口混成新的资源失败问题。""}]"	按各raw_id的root_adjudications及每条extensions.root_review保留前提、收窄和反例。多处定位共享根因，不按文件重复计数。	"[{""raw_id"":""RUN-A-058"",""report"":""agents/A/X-A-WP79-NA-AUDIT/findings.json"",""value"":[""用有效128×128及128×32资源夹具，在时钟0.00/0.20/0.40/0.50的静态向量核对帧号与裁取高宽。"",""核两种命名模式和载入预览确实分别使用指定周期；测试目录加正常资源对照，不能只有T35缺图例。"",""读取修订与来源即可，不执行参考/UI；U01–U10、G01–G12、20AX保持。""]}]"	findings.json#GIR-FD82-A058
GIR-FD82-A059	P2	WP15;WP39;WP67-A;WP79	F05-02;F16-05	OPEN_NOT_EDITED_IN_THIS_REVIEW	战斗、胜利与捕获音频的选择和回退链缺少最终行为合同	deliverables/final-specification-set/creature-rpg/wp24-player-trainers-partners.md;deliverables/final-specification-set/engine-overworld/wp15-resource-matching-and-audio.md;deliverables/final-specification-set/engine-overworld/wp16-pre-battle-transitions.md;deliverables/final-specification-set/test-catalog/engine-overworld-wp11-15-59-60.md;deliverables/final-specification-set/test-catalog/user-interface-wp17-63-65-66-67-68-69-70-71.md;deliverables/final-specification-set/user-interface/wp67-a-battle-interaction-and-presentation.md;review/wp79-coverage-review-2026-10-03/revision-v6/source-judgments.json;specs/overworld/wp15-resource-matching-and-audio.md;specs/ui/wp67-a-battle-interaction-and-presentation.md	"[{""raw_id"":""RUN-A-059"",""report"":""agents/A/X-A-WP79-NA-AUDIT/findings.json"",""value"":""添加按入口划分的音频选择表，列下一战覆盖、数组先后/空文本、地图/全局/默认、训练家引子记忆与直接类型辅助的独立边界。用曲目请求与状态结果表述，不规定未来音频对象/类/路径表示；已有WP15播放/音量规则、WP67-A等待、战前返回清理继续各自承接。旧NA应改为该具体合同的待补或已覆盖定位。""}]"	按各raw_id的root_adjudications及每条extensions.root_review保留前提、收窄和反例。多处定位共享根因，不按文件重复计数。	"[{""raw_id"":""RUN-A-059"",""report"":""agents/A/X-A-WP79-NA-AUDIT/findings.json"",""value"":[""逐个核野生战斗/胜利/捕获、训练家数组战斗/胜利、引子与直接FromType的分入口表。"",""用A/B/M/G/X的成对缺失、nil、空文本夹具核选择；空文本保持仅限确实存储空串的作者配置，不推断默认PBS记录。"",""全Scripts调用者复查FromType无普通消费者结论只限固定脚本；不执行游戏/音频，不把资源文件存在性当实际发声。"",""保留U01–U10、G01–G12、20AX。""]}]"	findings.json#GIR-FD82-A059
GIR-FD82-B001	P2	WP40	F11-03	OPEN_NOT_EDITED_IN_THIS_REVIEW	特殊调用前置失败时，最近招式清除范围写错	deliverables/final-specification-set/combat-requirements/wp40-commands-obedience-and-action-order.md;specs/combat/wp40-commands-obedience-and-action-order.md	"[{""raw_id"":""RUN-B-001"",""report"":""agents/B/B-01/findings.json"",""value"":""分列“最近使用招式/类型”和“最近常规招式/目标”的清除条件；同步原稿、净化稿和新增成对测试。""}]"	按各raw_id的root_adjudications及每条extensions.root_review保留前提、收窄和反例。多处定位共享根因，不按文件重复计数。	"[{""raw_id"":""RUN-B-001"",""report"":""agents/B/B-01/findings.json"",""value"":""固定相同初始历史和回复封锁，对普通/特殊调用各静态核对一次：两者最近使用记录均空，只有特殊调用保留常规历史；两者均不到PP扣除。""}]"	findings.json#GIR-FD82-B001
GIR-FD82-B002	P2	WP39	F11-02	OPEN_NOT_EDITED_IN_THIS_REVIEW	无可战斗成员的队伍先失败于计数/业主校验，未到已声明消息	deliverables/final-specification-set/combat-requirements/wp39-battle-context-and-participants.md;specs/combat/wp39-battle-context-and-participants.md	"[{""raw_id"":""RUN-B-002"",""report"":""agents/B/B-01/findings.json"",""value"":""保留参考的实际首个失败，并区分普通生成数据、已有对象和人为不完整队伍；补这个最小输入与中间空段的边界，不把计数空值自动规范化为0。""}]"	按各raw_id的root_adjudications及每条extensions.root_review保留前提、收窄和反例。多处定位共享根因，不按文件重复计数。	"[{""raw_id"":""RUN-B-002"",""report"":""agents/B/B-01/findings.json"",""value"":""逐步回读已有对象入口、计数建立及先行比较；静态向量须明确首先命中的错误和已经提交的开战记录，且不得执行参考。""}]"	findings.json#GIR-FD82-B002
GIR-FD82-B003	P2	WP39;WP47-B	F11-01	OPEN_NOT_EDITED_IN_THIS_REVIEW	战斗条款字面键被截短，设置路径也被过度概括	deliverables/final-specification-set/combat-requirements/wp39-battle-context-and-participants.md;deliverables/final-specification-set/combat-requirements/wp54-entry-rules-and-cup-data.md;specs/combat/wp39-battle-context-and-participants.md	"[{""raw_id"":""RUN-B-003"",""report"":""agents/B/B-01/findings.json"",""value"":""使用完整规范字面键，或仅写中文条款名称并明确引向WP54字面键表；分开“有规则设置包装”和“仅已找到消费者”的三项。""}]"	按各raw_id的root_adjudications及每条extensions.root_review保留前提、收窄和反例。多处定位共享根因，不按文件重复计数。	"[{""raw_id"":""RUN-B-003"",""report"":""agents/B/B-01/findings.json"",""value"":""逐项比对WP54表及参考设置者/消费者；保留 clause 后缀，suddendeath 保持原字面，并对 sleep/sleepclause 静态成对核对。""}]"	findings.json#GIR-FD82-B003
GIR-FD82-B005	P2	WP38;WP39;WP40;WP41	F10-06;F11-02;F11-03;F11-04	OPEN_NOT_EDITED_IN_THIS_REVIEW	CP、BC、CM 多个静态测试缺少决定结果的前提	deliverables/final-specification-set/test-catalog/combat-requirements-wp39-40-41-42-45.md;deliverables/final-specification-set/test-catalog/pokemon-rules-wp31-32-37-38.md;specs/combat/wp39-battle-context-and-participants.md;specs/combat/wp40-commands-obedience-and-action-order.md;specs/combat/wp41-switching-positioning-and-escape.md;specs/pokemon-rules/wp38-capture-and-receiving.md	"[{""raw_id"":""RUN-B-005"",""report"":""agents/B/B-01/findings.json"",""value"":""逐行补足必要前提：CP01普通路径（关闭暴击或明确暴击门未命中）；BC-12伙伴存在且允许；CM-05前一入睡门未命中；CM-08更高排序键相同；CM-12存活且有未使用的合法Primal形态。同步原稿同名场景。""}]"	按各raw_id的root_adjudications及每条extensions.root_review保留前提、收窄和反例。多处定位共享根因，不按文件重复计数。	"[{""raw_id"":""RUN-B-005"",""report"":""agents/B/B-01/findings.json"",""value"":""每条修后用上列反例与修正后正例作静态成对检查；预期须能由本行及明确共同前提唯一确定，不依靠读者猜测。""}]"	findings.json#GIR-FD82-B005
GIR-FD82-B006	P2	WP40	F11-03	OPEN_NOT_EDITED_IN_THIS_REVIEW	高等级不服从默认值误写为按世代配置	deliverables/final-specification-set/combat-requirements/wp40-commands-obedience-and-action-order.md;deliverables/final-specification-set/test-catalog/combat-requirements-wp39-40-41-42-45.md;specs/combat/wp40-commands-obedience-and-action-order.md	"[{""raw_id"":""RUN-B-006"",""report"":""agents/B/B-01/findings.json"",""value"":""明确默认ANY=false、FOREIGN=true且独立可配置；CM-02明确外来或ANY=true，并补默认自有个体不抽该随机的对照。""}]"	按各raw_id的root_adjudications及每条extensions.root_review保留前提、收窄和反例。多处定位共享根因，不按文件重复计数。	"[{""raw_id"":""RUN-B-006"",""report"":""agents/B/B-01/findings.json"",""value"":""搜索主动参考脚本中的两个定义及消费者，核对常量默认和谓词组合；静态检查自有/外来×ANY/FOREIGN条件，至少覆盖上述默认对照。""}]"	findings.json#GIR-FD82-B006
GIR-FD82-B007	P2	WP38	F10-06	OPEN_NOT_EDITED_IN_THIS_REVIEW	沉重球缺少当前有效重量与单位的输入合同	deliverables/final-specification-set/pokemon-rules/wp38-capture-and-receiving.md;deliverables/final-specification-set/pokemon-rules/wp48-ability-calculation-modifiers.md;deliverables/final-specification-set/pokemon-rules/wp50-held-item-triggers-and-consumption.md;deliverables/final-specification-set/test-catalog/pokemon-rules-wp31-32-37-38.md;specs/pokemon-rules/wp38-capture-and-receiving.md	"[{""raw_id"":""RUN-B-007"",""report"":""agents/B/B-01/findings.json"",""value"":""沉重球明确输入是当前有效战斗重量、单位0.1kg，并精确引用WP48/50重量管道；CP10标单位并加重量修正前后跨阈值向量。无需复制源实现或建立新API。""}]"	按各raw_id的root_adjudications及每条extensions.root_review保留前提、收窄和反例。多处定位共享根因，不按文件重复计数。	"[{""raw_id"":""RUN-B-007"",""report"":""agents/B/B-01/findings.json"",""value"":""核对1180→590→基础率45变25→x8的固定算术，并验证抑制重量特性/道具后的对照；本重查只做静态与固定算术。""}]"	findings.json#GIR-FD82-B007
GIR-FD82-B008	P2	WP28;WP40	F08-03;F11-03	OPEN_NOT_EDITED_IN_THIS_REVIEW	战斗家族4/5未统一校验效果处理器存在	deliverables/final-specification-set/combat-requirements/wp40-commands-obedience-and-action-order.md;deliverables/final-specification-set/creature-rpg/wp28-item-use-and-training.md;specs/combat/wp40-commands-obedience-and-action-order.md;specs/creature-rpg/wp28-item-use-and-training.md	"[{""raw_id"":""RUN-A-042"",""report"":""agents/A/A-06/findings.json"",""value"":""按1/2/3与4/5分列存在性检查；保留无资格处理器放行、空效果与消耗结果，不给参考加理想化守卫。""},{""raw_id"":""RUN-B-008"",""report"":""agents/B/B-01/findings.json"",""value"":""按类型1/2、3、4/5分别写出选择前门；明确缺战斗资格登记默认放行、Direct缺效果不代表退款，并补静态向量；WP28只作为关联整改点，不宣称已完成其全包审查。""}]"	按各raw_id的root_adjudications及每条extensions.root_review保留前提、收窄和反例。多处定位共享根因，不按文件重复计数。	"[{""raw_id"":""RUN-A-042"",""report"":""agents/A/A-06/findings.json"",""value"":[""在受控合法配置向量中分别推导家族1和5，明确不是默认样本运行认证。""]},{""raw_id"":""RUN-B-008"",""report"":""agents/B/B-01/findings.json"",""value"":""使用同一缺登记物品分别标为类型1/3/5：前两类在效果存在门拒绝，类型5可提交且不退款；结合注册查找默认和执行器清选择时点静态核验。""}]"	findings.json#GIR-FD82-B008
GIR-FD82-B009	P2	WP39	F11-01	OPEN_NOT_EDITED_IN_THIS_REVIEW	对视合并把事件触发类型2误写为优先级	deliverables/final-specification-set/combat-requirements/wp39-battle-context-and-participants.md;specs/combat/wp39-battle-context-and-participants.md	"[{""raw_id"":""RUN-B-009"",""report"":""agents/B/B-01/findings.json"",""value"":""把两稿“[2]优先级”改为精确的事件接触触发类型，引用事件触发领域的语义；补同显示条件不同触发类型的静态对照。""}]"	按各raw_id的root_adjudications及每条extensions.root_review保留前提、收窄和反例。多处定位共享根因，不按文件重复计数。	"[{""raw_id"":""RUN-B-009"",""report"":""agents/B/B-01/findings.json"",""value"":""按BattleStarting候选调用→Game_Player筛选→Game_Event类型注释与消费者回读，确认只用触发类型2，不把它转换成层级或渲染优先级。""}]"	findings.json#GIR-FD82-B009
GIR-FD82-B010	P2	WP43;WP46;WP54	F12-01	OPEN_NOT_EDITED_IN_THIS_REVIEW	冰一击必杀摘要未承接条款加载后的实际目标资格	deliverables/final-specification-set/combat-requirements/wp54-entry-eligibility-level-adjustment-and-clauses.md;deliverables/final-specification-set/pokemon-rules/wp43-types-accuracy-and-damage.md;deliverables/final-specification-set/pokemon-rules/wp46-damage-multihit-and-healing.md;specs/pokemon-rules/wp43-types-accuracy-and-damage.md	"[{""raw_id"":""RUN-B-010"",""report"":""agents/B/B-02/findings.json"",""value"":""将WP43摘要分为原定义与最终加载后资格，或只引用WP46/54精确主合同；不改变专用命中公式，不更改参考。补条款开/关冰目标对照。""},{""raw_id"":""RUN-D-013"",""report"":""agents/D/findings.json"",""value"":""将WP43此处目标拒冰文字限定为原定义，当前加载后资格引用WP46/54；保持命中−10公式及AI预测的独立差异。""}]"	按各raw_id的root_adjudications及每条extensions.root_review保留前提、收窄和反例。多处定位共享根因，不按文件重复计数。	"[{""raw_id"":""RUN-B-010"",""report"":""agents/B/B-02/findings.json"",""value"":""静态沿原定义→条款父族保存→子族继承查询→最终目标检查回读，并核SHEERCOLD功能身份。两稿须与WP46/54一致；目标资格通过不得写成必中或必倒。""},{""raw_id"":""RUN-D-013"",""report"":""agents/D/findings.json"",""value"":""上述同级冰目标夹具在三份真实合同中均不因冰属性本身拒绝；条款真时均拒；AI仍按独立预测说明。""}]"	findings.json#GIR-FD82-B010
GIR-FD82-B011	P2	WP42	F11-06	OPEN_NOT_EDITED_IN_THIS_REVIEW	灭亡歌全灭早退向量错误保留已由濒死清除的畏缩	deliverables/final-specification-set/combat-requirements/wp42-growth-end-of-round-and-battle-outcomes.md;deliverables/final-specification-set/test-catalog/combat-requirements-wp39-40-41-42-45.md;specs/combat/wp42-growth-end-of-round-and-battle-outcomes.md	"[{""raw_id"":""RUN-B-011"",""report"":""agents/B/B-02/findings.json"",""value"":""修正原R04与测试R04，明确“尾阶段未到达，但更早濒死已清该字段”；用侧期限/回合末标记证明早退，不用已清的成员畏缩。""}]"	按各raw_id的root_adjudications及每条extensions.root_review保留前提、收窄和反例。多处定位共享根因，不按文件重复计数。	"[{""raw_id"":""RUN-B-011"",""report"":""agents/B/B-02/findings.json"",""value"":""手工顺序核对灭亡歌→HP0→濒死初始化→检查点→阶段14；逐字段列出反射壁、畏缩和回合末标记的最终值，不能只检查最后一个清理函数是否执行。""}]"	findings.json#GIR-FD82-B011
GIR-FD82-B012	P2	WP41	F11-05	OPEN_NOT_EDITED_IN_THIS_REVIEW	Shift把连斩连续计数误写为反击计数清除	deliverables/final-specification-set/combat-requirements/wp41-switching-positioning-and-escape.md;specs/combat/wp41-switching-positioning-and-escape.md	"[{""raw_id"":""RUN-B-012"",""report"":""agents/B/B-02/findings.json"",""value"":""将两稿该词改为连斩连续使用计数，并明示反击记录与目标重映射/回合末清除的区别。无需复制源方法组织。""}]"	按各raw_id的root_adjudications及每条extensions.root_review保留前提、收窄和反例。多处定位共享根因，不按文件重复计数。	"[{""raw_id"":""RUN-B-012"",""report"":""agents/B/B-02/findings.json"",""value"":""固定上述两种计数，分别核Shift后及正常回合末后的值；重映射只改变指向而非反击伤害量。""}]"	findings.json#GIR-FD82-B012
GIR-FD82-B013	P2	WP32;WP38;WP42	F10-06;F11-07	OPEN_NOT_EDITED_IN_THIS_REVIEW	伙伴参战时满队捕获替换仍可对送盒旧成员错误还原持物	deliverables/final-specification-set/combat-requirements/wp42-growth-end-of-round-and-battle-outcomes.md;deliverables/final-specification-set/pokemon-rules/wp38-capture-and-receiving.md;deliverables/final-specification-set/test-catalog/pokemon-rules-wp31-32-37-38.md;specs/combat/wp42-growth-end-of-round-and-battle-outcomes.md;specs/pokemon-rules/wp38-capture-and-receiving.md	"[{""raw_id"":""RUN-B-013"",""report"":""agents/B/B-02/findings.json"",""value"":""分开伙伴实际参战与无伙伴路径；在WP38/42给出成员集合与还原记录错位的结果及固定向量。修正文档，不修参考、不自动重写20项AX登记数。B-01历史材料不改写，本批明确作后续证据。""}]"	按各raw_id的root_adjudications及每条extensions.root_review保留前提、收窄和反例。多处定位共享根因，不按文件重复计数。	"[{""raw_id"":""RUN-B-013"",""report"":""agents/B/B-02/findings.json"",""value"":""逐层静态核对：伙伴编组集合是否独立→储存是否克隆→接收删/移/追加的是谁→终局遍历谁。对无伙伴、伙伴、送盒任意中间成员分别列出身份和物品前后值；不要运行参考或用转译模型代替阅读。""}]"	findings.json#GIR-FD82-B013
GIR-FD82-B014	P2	WP41	F11-05	OPEN_NOT_EDITED_IN_THIS_REVIEW	伤害型换出把成功命中数误设为实际伤害前提	deliverables/final-specification-set/combat-requirements/wp41-switching-positioning-and-escape.md;deliverables/final-specification-set/combat-requirements/wp47-b-switching-control-and-item-changes.md;specs/combat/wp41-switching-positioning-and-escape.md	"[{""raw_id"":""RUN-B-014"",""report"":""agents/B/B-02/findings.json"",""value"":""改为“本次至少一击成功（实计击数>0）”，明确与真实HP损失分开；补结冻头0HP损失但允许换出的静态场景。""}]"	按各raw_id的root_adjudications及每条extensions.root_review保留前提、收窄和反例。多处定位共享根因，不按文件重复计数。	"[{""raw_id"":""RUN-B-014"",""report"":""agents/B/B-02/findings.json"",""value"":""按吸收→伤害计划→每击返回→实计击数→后段消费者顺序回读，核对HP0损失与numHits1并存，再核对换出其余门；不可只依原注释“inflicting damage”。""}]"	findings.json#GIR-FD82-B014
GIR-FD82-B015	P2	WP42	F11-06	OPEN_NOT_EDITED_IN_THIS_REVIEW	离场来源的未来攻击会先清他者指向原席位的交叉状态	deliverables/final-specification-set/combat-requirements/wp39-battle-context-and-participants.md;deliverables/final-specification-set/combat-requirements/wp42-growth-end-of-round-and-battle-outcomes.md;deliverables/final-specification-set/combat-requirements/wp45-weather-terrain-side-and-position-effects.md;deliverables/final-specification-set/pokemon-rules/wp46-damage-multihit-and-healing.md;specs/combat/wp39-battle-context-and-participants.md;specs/combat/wp42-growth-end-of-round-and-battle-outcomes.md;specs/combat/wp45-weather-terrain-side-and-position-effects.md;specs/pokemon-rules/wp46-damage-multihit-and-healing.md	"[{""raw_id"":""RUN-B-015"",""report"":""agents/B/B-02/findings.json"",""value"":""在WP42延迟阶段及WP45主合同明确这一次非上场交叉清理，并与WP39初始化描述分层；补上述黑色目光前后向量。只描述可观察状态变化，不要求独立实现照搬临时对象构造机制。""}]"	按各raw_id的root_adjudications及每条extensions.root_review保留前提、收窄和反例。多处定位共享根因，不按文件重复计数。	"[{""raw_id"":""RUN-B-015"",""report"":""agents/B/B-02/findings.json"",""value"":""静态沿到期来源查找→来源离场分支→临时构建→非接力初始化的他者遍历→个体复制→实际攻击核对；分别给出来源在场/离场时T的MeanLook前后值，并保持0运行证据。""}]"	findings.json#GIR-FD82-B015
GIR-FD82-B016	P2	WP44	F12-02	OPEN_NOT_EDITED_IN_THIS_REVIEW	净化阶级附表把独立参数和次序退化为源名称解码	deliverables/final-specification-set/pokemon-rules/wp44-effect-coverage.md;deliverables/final-specification-set/pokemon-rules/wp44-statuses-stat-stages-and-immunities.md;deliverables/final-specification-set/test-catalog/pokemon-rules-wp43-44-46-48-50.md;specs/pokemon-rules/wp44-effect-coverage.md;specs/pokemon-rules/wp44-statuses-stat-stages-and-immunities.md	"[{""raw_id"":""RUN-B-016"",""report"":""agents/B/B-03/findings.json"",""value"":""恢复紧凑、独立的参数表：审计ID仅用于关联，另列对象、项目、请求量及多项先后；两项镜甲参数仍留其专门组。源名和源码结构不得充当算法。""}]"	按各raw_id的root_adjudications及每条extensions.root_review保留前提、收窄和反例。多处定位共享根因，不按文件重复计数。	"[{""raw_id"":""RUN-B-016"",""report"":""agents/B/B-03/findings.json"",""value"":""逐65项对原表与已读定义验证对象/项目/量/顺序；至少用SHIFTGEAR速度先攻后和速度先降的三项自降对照，确认净化文本无需解码源名即可得出结果。""}]"	findings.json#GIR-FD82-B016
GIR-FD82-B017	P2	WP44;WP46	F12-02;F12-04	OPEN_NOT_EDITED_IN_THIS_REVIEW	HP平均从WP44移交后未进入任何实际执行合同	deliverables/final-specification-set/combat-requirements/wp52-b-field-damage-healing-and-target-evaluation.md;deliverables/final-specification-set/pokemon-rules/wp44-effect-coverage.md;deliverables/final-specification-set/pokemon-rules/wp44-statuses-stat-stages-and-immunities.md;deliverables/final-specification-set/pokemon-rules/wp46-damage-healing-coverage.md;deliverables/final-specification-set/pokemon-rules/wp46-damage-multihit-and-healing.md;deliverables/final-specification-set/test-catalog/pokemon-rules-wp43-44-46-48-50.md;specs/pokemon-rules/wp44-effect-coverage.md;specs/pokemon-rules/wp44-statuses-stat-stages-and-immunities.md;specs/pokemon-rules/wp46-damage-healing-coverage.md;specs/pokemon-rules/wp46-damage-multihit-and-healing.md	"[{""raw_id"":""RUN-B-017"",""report"":""agents/B/B-03/findings.json"",""value"":""在WP46补独立HP共享合同和覆盖行，接收WP44移交，列输入、整数平均、双方顺序与上限、普通伤害记录差异、HealBlock/替身、恢复道具顺序及固定向量；同步净化与覆盖/测试后重新审核。""}]"	按各raw_id的root_adjudications及每条extensions.root_review保留前提、收窄和反例。多处定位共享根因，不按文件重复计数。	"[{""raw_id"":""RUN-B-017"",""report"":""agents/B/B-03/findings.json"",""value"":""从PBS绑定到实际效果、通用目标门、HP中央写入及道具检查双向核对；明确AI评分与执行不同。复查奇数和、双方总HP不同、相等HP、HealBlock、替身和道具回调，不能只增加名称计数。""}]"	findings.json#GIR-FD82-B017
GIR-FD82-B019	P2	WP47-A;WP47-B	F12-05	OPEN_NOT_EDITED_IN_THIS_REVIEW	重定向资格误用原始目标数据，遗漏幽灵诅咒的动态目标	deliverables/final-specification-set/combat-requirements/wp47-a-move-attributes-targeting-and-calling.md;deliverables/final-specification-set/combat-requirements/wp47-b-switching-control-and-item-changes.md;deliverables/final-specification-set/test-catalog/combat-requirements-wp47-ab.md;specs/combat/wp47-a-move-attributes-targeting-and-calling.md;specs/combat/wp47-b-switching-control-and-item-changes.md	"[{""raw_id"":""RUN-B-019"",""report"":""agents/B/B-04/findings.json"",""value"":""将门明确为本次查询得到的动态目标类别的单目标/可针对敌方属性，并保留当前列表恰1、追击/禁止重定向/位置招门及龙箭扩展次序；加入幽灵诅咒+跟我来与无吸引对照，及精神场地广域目标的反向边界。""}]"	按各raw_id的root_adjudications及每条extensions.root_review保留前提、收窄和反例。多处定位共享根因，不按文件重复计数。	"[{""raw_id"":""RUN-B-019"",""report"":""agents/B/B-04/findings.json"",""value"":""以默认CURSE静态User、本次RandomNearFoe固定向量确认目标改席1；以动态AllNearFoes确认即使列表1也不进重定向；同时保留龙箭先扩展再STALWART返回。""}]"	findings.json#GIR-FD82-B019
GIR-FD82-B020	P2	WP51	F12-07	OPEN_NOT_EDITED_IN_THIS_REVIEW	AI 道具资格扫描遗漏混入选招道具时整段选择失败的合同	deliverables/final-specification-set/combat-requirements/wp51-ai-action-selection-and-skill.md;deliverables/final-specification-set/test-catalog/combat-requirements-wp49-51-52.md;specs/combat/wp51-ai-action-selection-and-skill.md;specs/combat/wp51-ai-decision-defaults.md	"[{""raw_id"":""RUN-B-020"",""report"":""agents/B/B-05/findings.json"",""value"":""在WP51普通主动道具流程补具名资格参数与整阶段失败边界，至少列选招PP物、需要战斗上下文的前置检查、无消费和继续阶段；加混列/移除对照。保持WP28真实人工选招与WP50持有PP恢复各自合同，不修改reference。""}]"	按各raw_id的root_adjudications及每条extensions.root_review保留前提、收窄和反例。多处定位共享根因，不按文件重复计数。	"[{""raw_id"":""RUN-B-020"",""report"":""agents/B/B-05/findings.json"",""value"":""沿合法Items输入→完整列表扫描→单件资格→异常包装→后续阶段逐点核对；POTION+ETHER无UseItem/无消费、仅POTION有登记与一次消费，不执行参考。""}]"	findings.json#GIR-FD82-B020
GIR-FD82-B021	P2	WP51;WP52-A;WP52-B;WP52-C	F12-07	OPEN_NOT_EDITED_IN_THIS_REVIEW	AI 回合末近似漏写逐项最低量，改变低总 HP 换人意愿	deliverables/final-specification-set/combat-requirements/wp51-ai-action-selection-and-skill.md;deliverables/final-specification-set/combat-requirements/wp52-a-generic-numerical-and-status-evaluation.md;deliverables/final-specification-set/test-catalog/combat-requirements-wp49-51-52.md;specs/combat/wp51-ai-action-selection-and-skill.md;specs/combat/wp52-a-generic-numerical-and-status-evaluation.md	"[{""raw_id"":""RUN-B-021"",""report"":""agents/B/B-05/findings.json"",""value"":""明确每个近似分量的取整和至少1，保留资格门、正负方向、BigRoot/Heatproof等局部运算顺序及Wish/PerishSong例外；加入H11 RainDish+Curse与单独RainDish静态向量，并复核下游引用，不把它改为真实回合末模拟。""}]"	按各raw_id的root_adjudications及每条extensions.root_review保留前提、收窄和反例。多处定位共享根因，不按文件重复计数。	"[{""raw_id"":""RUN-B-021"",""report"":""agents/B/B-05/findings.json"",""value"":""固定H11/h9/雨盘+诅咒应d1且中档该愿换假；无诅咒d−1；沙/雹等现有明确minimum及WP52回指保持。""}]"	findings.json#GIR-FD82-B021
GIR-FD82-B022	P2	WP52-B;WP52-C	F12-08	OPEN_NOT_EDITED_IN_THIS_REVIEW	WP52-B/C 净化附表改变了效果身份、评分阶段及绑定	deliverables/final-specification-set/combat-requirements/wp52-b-effect-coverage.md;deliverables/final-specification-set/combat-requirements/wp52-c-item-control-coverage-and-data.md;deliverables/final-specification-set/combat-requirements/wp52-c-items-calling-and-control-evaluation.md;deliverables/final-specification-set/test-catalog/combat-requirements-wp49-51-52.md;specs/combat/wp52-b-effect-coverage.md;specs/combat/wp52-c-item-control-coverage-and-data.md	"[{""raw_id"":""RUN-B-022"",""report"":""agents/B/B-06/findings.json"",""value"":""恢复三处正确族/身份及 OHKOIce 独立规则关系；删除额外整体 Helping Hand 条目；回核所有族+身份与绑定，不只按效果名或总数比较。主文原有正确算法不改。""}]"	按各raw_id的root_adjudications及每条extensions.root_review保留前提、收窄和反例。多处定位共享根因，不按文件重复计数。	"[{""raw_id"":""RUN-B-022"",""report"":""agents/B/B-06/findings.json"",""value"":""完整 A/B/C 原/最终集合及绑定静态比较；B恢复Assurance逐目标而无UserLost逐目标；C仅目标帮助/封印；OHKOIce独立冰门。配同级冰目标与普通封印100两向量。""}]"	findings.json#GIR-FD82-B022
GIR-FD82-B023	P2	WP52-B	F12-08	OPEN_NOT_EDITED_IN_THIS_REVIEW	Geomancy 评分缺少默认自身目标不会消费已登记目标偏好的边界	deliverables/final-specification-set/combat-requirements/wp52-b-effect-coverage.md;deliverables/final-specification-set/combat-requirements/wp52-b-field-damage-healing-and-target-evaluation.md;deliverables/final-specification-set/test-catalog/combat-requirements-wp49-51-52.md;specs/combat/wp52-b-effect-coverage.md;specs/combat/wp52-b-field-damage-healing-and-target-evaluation.md	"[{""raw_id"":""RUN-B-023"",""report"":""agents/B/B-06/findings.json"",""value"":""补一条默认GEOMANCY不消费该目标偏好的明确限定，保留本地处理器在被调用前提下的合同；补HP高/低、香草有/无100及三项全满20对照。不更改参考、不把处理器移族。""}]"	按各raw_id的root_adjudications及每条extensions.root_review保留前提、收窄和反例。多处定位共享根因，不按文件重复计数。	"[{""raw_id"":""RUN-B-023"",""report"":""agents/B/B-06/findings.json"",""value"":""沿PBS User→默认目标数量0→候选无目标分支→整体无专属分派，核对100；另逐项中央升阶失败产生20。只静态核对，不执行AI。""}]"	findings.json#GIR-FD82-B023
GIR-FD82-B024	P2	WP52-C	F12-08	OPEN_NOT_EDITED_IN_THIS_REVIEW	宝石评级附表把世代条件改成基础评级条件	deliverables/final-specification-set/combat-requirements/wp52-c-item-control-coverage-and-data.md;deliverables/final-specification-set/combat-requirements/wp52-c-items-calling-and-control-evaluation.md;deliverables/final-specification-set/test-catalog/combat-requirements-wp49-51-52.md;specs/combat/wp52-c-item-control-coverage-and-data.md;specs/combat/wp52-c-items-calling-and-control-evaluation.md	"[{""raw_id"":""RUN-B-024"",""report"":""agents/B/B-06/findings.json"",""value"":""把附表116改回明确“机制世代≤5”，并在正文简写处补明同一比较量，保留C05的8/6预期及18类型映射。""},{""raw_id"":""RUN-D-011"",""report"":""agents/D/findings.json"",""value"":""为≤5明确写出所比较参数，并统一正文、附表和C05。若预期确为世代门，删除附表的基础值措辞。""}]"	按各raw_id的root_adjudications及每条extensions.root_review保留前提、收窄和反例。多处定位共享根因，不按文件重复计数。	"[{""raw_id"":""RUN-B-024"",""report"":""agents/B/B-06/findings.json"",""value"":""静态核对评级表6、世代条件及对应类型可用性；用旧/新/无对应招三个固定输入验证8/6/0。""},{""raw_id"":""RUN-D-011"",""report"":""agents/D/findings.json"",""value"":""基础6、合法火招、中等技能、无其它后置加分的FIREGEM在世代5/8有唯一一致评级。""}]"	findings.json#GIR-FD82-B024
GIR-FD82-B025	P2	WP54	F13-03	OPEN_NOT_EDITED_IN_THIS_REVIEW	WP54净化稿把裁判来源改成最后出招方，灭亡歌路径可反转胜负	deliverables/final-specification-set/combat-requirements/wp42-growth-end-of-round-and-battle-outcomes.md;deliverables/final-specification-set/combat-requirements/wp54-entry-eligibility-level-adjustment-and-clauses.md;deliverables/final-specification-set/test-catalog/combat-requirements-wp54-55-56-58.md;specs/combat/wp42-growth-end-of-round-and-battle-outcomes.md;specs/combat/wp54-entry-eligibility-level-adjustment-and-clauses.md	"[{""raw_id"":""RUN-B-025"",""report"":""agents/B/B-07/findings.json"",""value"":""把最终128–130行恢复为本次门/检查点接收的使用者侧，并明确灭亡歌传保存的歌声来源；仅selfKO普通平局保持“最后使用者”。补两来源相同、最后出招方相反的成对向量。""}]"	按各raw_id的root_adjudications及每条extensions.root_review保留前提、收窄和反例。多处定位共享根因，不按文件重复计数。	"[{""raw_id"":""RUN-B-025"",""report"":""agents/B/B-07/findings.json"",""value"":""回核Clauses11–37与248–268各自读数对象；核对Perish368–390→主回合末正结果门→主循环终局，源2/错误最后方1的例子应可静态复核。不得修改参考或改动selfKO已有方向。""}]"	findings.json#GIR-FD82-B025
GIR-FD82-B026	P2	WP53	F13-02	OPEN_NOT_EDITED_IN_THIS_REVIEW	WP53未限定伙伴优先门，缩为一员不能保证捕虫战斗接管	deliverables/final-specification-set/creature-rpg/wp36-wild-encounters-and-modifiers.md;deliverables/final-specification-set/pokemon-rules/wp53-safari-and-bug-catching-contest.md;deliverables/final-specification-set/test-catalog/pokemon-rules-wp53-60-61-62-69-70.md;specs/creature-rpg/wp36-wild-encounters-and-modifiers.md;specs/pokemon-rules/wp53-safari-and-bug-catching-contest.md	"[{""raw_id"":""RUN-B-026"",""report"":""agents/B/B-07/findings.json"",""value"":""在WP53公开门明确单一敌方且允许覆盖的上游前提，删除或限定“一员兜底”为无伙伴且无其它更早真门；补伙伴有/无及force-single对照，标明双敌方走普通战斗的预算/保留/通知边界。WP36既有优先序保持。""}]"	按各raw_id的root_adjudications及每条extensions.root_review保留前提、收窄和反例。多处定位共享根因，不按文件重复计数。	"[{""raw_id"":""RUN-B-026"",""report"":""agents/B/B-07/findings.json"",""value"":""静态串联Bug开始→步进第二候选→公开包装基数门→普通核心/伙伴准备，与单候选大会直接入口对照；不能只调用大会入口来验证其是否会被选中。保留Demo事件是否允许该组合为U01。""}]"	findings.json#GIR-FD82-B026
GIR-FD82-B028	P2	WP56	F13-04	OPEN_NOT_EDITED_IN_THIS_REVIEW	Arena 补位并未重置裁判周期，规范把未接通的复位入口当成实际行为	deliverables/final-specification-set/combat-requirements/wp56-palace-and-arena-variants.md;deliverables/final-specification-set/combat-requirements/wp58-battle-recording-and-playback.md;deliverables/final-specification-set/test-catalog/combat-requirements-wp54-55-56-58.md;specs/combat/wp56-palace-and-arena-variants.md;specs/combat/wp58-battle-recording-and-playback.md	"[{""raw_id"":""RUN-B-028"",""report"":""agents/B/B-08/findings.json"",""value"":""按实际消费者改写复位生命周期：开场复位；正常补位保留上述量；计数至少3后每次回合末可继续裁判。同步P20、体分基线描述、循环/开场消息及WP58模式回指，并新增第3→4→5轮连续替补向量。保留这个来源异常，不修参考、不把无调用入口变成未来设计建议。""}]"	按各raw_id的root_adjudications及每条extensions.root_review保留前提、收窄和反例。多处定位共享根因，不按文件重复计数。	"[{""raw_id"":""RUN-B-028"",""report"":""agents/B/B-08/findings.json"",""value"":""全Scripts定义/调用/别名搜索与实际替补链相互核实；逐检查点记录count、mind、skill、starthp、开始消息标志和持久HP，验证V01在3/4/5轮裁判，首次三轮控制保持。""}]"	findings.json#GIR-FD82-B028
GIR-FD82-B029	P2	WP58	F13-06	OPEN_NOT_EDITED_IN_THIS_REVIEW	录像换人序列漏掉通过替补辅助入口到达的攻击阶段来源	deliverables/final-specification-set/combat-requirements/wp58-battle-recording-and-playback.md;deliverables/final-specification-set/test-catalog/combat-requirements-wp54-55-56-58.md;specs/combat/wp58-battle-recording-and-playback.md	"[{""raw_id"":""RUN-B-029"",""report"":""agents/B/B-08/findings.json"",""value"":""保留3个直接文字调用点的审计统计，但正文按完整消费者链列出回合末补位、攻击阶段属主选择、随机强制替补及不可达的内部换人风格确认。补Baton Pass正例与Roar/Arena对照，不能用搜索计数代替行为闭包。""}]"	按各raw_id的root_adjudications及每条extensions.root_review保留前提、收窄和反例。多处定位共享根因，不按文件重复计数。	"[{""raw_id"":""RUN-B-029"",""report"":""agents/B/B-08/findings.json"",""value"":""沿全部非随机替补辅助入口调用者检查phase/owner/候选门，确认BatonPass攻击后追加并消费1、Roar只消费随机、Arena不进入；W16保持。""}]"	findings.json#GIR-FD82-B029
GIR-FD82-B031	P2	WP67-A	F16-05	OPEN_NOT_EDITED_IN_THIS_REVIEW	目标取消返回层次不能一律写回招式菜单	deliverables/final-specification-set/test-catalog/user-interface-wp17-63-65-66-67-68-69-70-71.md;deliverables/final-specification-set/user-interface/wp67-a-battle-interaction-and-presentation.md;review/wp67a-delivery-2026-10-01/revision-v3/entry-coverage-table.md;specs/ui/wp67-a-battle-interaction-and-presentation.md	"[{""raw_id"":""RUN-B-031"",""report"":""agents/B/B-09/findings.json"",""value"":""按手选/Encore自动/物品三种调用者分别定义取消目标的返回层；保留K08正常手选，补有效Encore目标BACK→主菜单且候选清空的对照。""}]"	按各raw_id的root_adjudications及每条extensions.root_review保留前提、收窄和反例。多处定位共享根因，不按文件重复计数。	"[{""raw_id"":""RUN-B-031"",""report"":""agents/B/B-09/findings.json"",""value"":""相同合法2v2状态分别启用/清除Encore；无方向移动直接目标BACK，分别断言main/fight；两支PP不变。""}]"	findings.json#GIR-FD82-B031
GIR-FD82-B032	P2	WP67-A	F16-05	OPEN_NOT_EDITED_IN_THIS_REVIEW	Mega按钮资格写成必需持Mega石，丢失以已会指定招式取得Mega形态的实际路径；同时调试Ctrl只能绕过前三门之后的限制	deliverables/final-specification-set/test-catalog/user-interface-wp17-63-65-66-67-68-69-70-71.md;deliverables/final-specification-set/user-interface/wp67-a-battle-interaction-and-presentation.md;review/wp67a-delivery-2026-10-01/revision-v3/entry-coverage-table.md;specs/ui/wp67-a-battle-interaction-and-presentation.md	"[{""raw_id"":""RUN-B-032"",""report"":""agents/B/B-09/findings.json"",""value"":""以可达Mega形态为UI输入资格，引用WP22/WP40；明确道具或指定已会招式两来源。保留各共同门，不把调试直通误解为绕开前三门。补无持物Rayquaza正反例。""}]"	按各raw_id的root_adjudications及每条extensions.root_review保留前提、收窄和反例。多处定位共享根因，不按文件重复计数。	"[{""raw_id"":""RUN-B-032"",""report"":""agents/B/B-09/findings.json"",""value"":""原形Rayquaza有DragonAscent/无持物/有MegaRing显示并能切换；移除该招式且无Mega石时不显示；显示与攻击阶段真正变身分开。""}]"	findings.json#GIR-FD82-B032
GIR-FD82-B033	P2	WP67-A	F16-05	OPEN_NOT_EDITED_IN_THIS_REVIEW	NearAlly无存活相邻同伴时初始目标实际回退自身，不会选昏厥相邻者；两次候选枚举都已经排除昏厥者	deliverables/final-specification-set/test-catalog/user-interface-wp17-63-65-66-67-68-69-70-71.md;deliverables/final-specification-set/user-interface/wp67-a-battle-interaction-and-presentation.md;review/wp67a-delivery-2026-10-01/revision-v3/entry-coverage-table.md;specs/ui/wp67-a-battle-interaction-and-presentation.md	"[{""raw_id"":""RUN-B-033"",""report"":""agents/B/B-09/findings.json"",""value"":""明确NearAlly无存活相邻者时回退自身，分别描述文本、高亮、非负目标提交与执行期解析；不要替参考增加目标确认守卫。补盟友昏厥无后备的对照。""}]"	按各raw_id的root_adjudications及每条extensions.root_review保留前提、收窄和反例。多处定位共享根因，不按文件重复计数。	"[{""raw_id"":""RUN-B-033"",""report"":""agents/B/B-09/findings.json"",""value"":""2v2玩家位置0 Eevee HelpingHand、位置2已倒下且无后备，初选0；USE登记0/退出，BACK普通手选回招式菜单；恢复位置2存活时初选2。""}]"	findings.json#GIR-FD82-B033
GIR-FD82-B035	P2	WP66-C	F16-04	OPEN_NOT_EDITED_IN_THIS_REVIEW	商店失败回退只恢复总件数，不能概括为容器无净变化	deliverables/final-specification-set/user-interface/wp66-c-bag-item-storage-and-shop-ui.md;specs/ui/wp66-c-bag-item-storage-and-shop-ui.md	"[{""raw_id"":""RUN-B-035"",""report"":""agents/B/X-B-ITEM-UI/findings.json"",""value"":""把两稿120限定为“成功回退后购买物品总件数、金钱/BP及相关统计恢复；槽内数量分布不保证恢复”，保留回退移除失败的异常界限。补双槽例及单槽对照，不要求未来复制参考的数据结构。""}]"	按各raw_id的root_adjudications及每条extensions.root_review保留前提、收窄和反例。多处定位共享根因，不按文件重复计数。	"[{""raw_id"":""RUN-B-035"",""report"":""agents/B/X-B-ITEM-UI/findings.json"",""value"":""有限2槽POTION999/997分别在普通/BP商店买3；核对添加2、第3失败、回退2后的总量、两行数量、资源及统计；单槽997对照恢复为997。默认无限口袋的普通购买数量≤999不据此断言同样出现容量失败。""}]"	findings.json#GIR-FD82-B035
GIR-FD82-C002	P2	WP72	F18-01	OPEN_NOT_EDITED_IN_THIS_REVIEW	表达式开关“翻转后显示不变”缺少表达式独立于该开关的前提	deliverables/final-specification-set/demo-dx/wp72-debug-contexts-and-controls.md;deliverables/final-specification-set/test-catalog/demo-dx-wp72-73-74-75-76-77.md;review/wp72-delivery-2026-10-02/revision-v3/entry-coverage-table.md;specs/demo/wp72-debug-contexts-and-controls.md	"[{""raw_id"":""RUN-C-002"",""report"":""agents/C/C-01/findings.json"",""value"":""改为“USE 写原始值、不改表达式文本；刷新时按表达式重新求值，结果是否变化取决于依赖”；DG-M06 分出独立表达式与自引用原始值两种前提。""}]"	按各raw_id的root_adjudications及每条extensions.root_review保留前提、收窄和反例。多处定位共享根因，不按文件重复计数。	"[{""raw_id"":""RUN-C-002"",""report"":""agents/C/C-01/findings.json"",""value"":[""核验翻转→refresh→求值→原始开关读取的完整顺序"",""正文、原稿、附表和测试同时去掉无条件显示不变保证""]}]"	findings.json#GIR-FD82-C002
GIR-FD82-C003	P2	WP06;WP11;WP12;WP13;WP14;WP17;WP36;WP59;WP60;WP61;WP63;WP66-A;WP67-B;WP71;WP72;WP73-A;WP74;WP75;WP80	F18-02	OPEN_NOT_EDITED_IN_THIS_REVIEW	CE-M02 净化丢失数值和布尔子型，取消预期不再唯一	deliverables/final-specification-set/creature-rpg/wp28-item-use-and-training.md;deliverables/final-specification-set/creature-rpg/wp30-growth-learning-and-friendship.md;deliverables/final-specification-set/creature-rpg/wp36-wild-encounters-and-modifiers.md;deliverables/final-specification-set/demo-dx/wp72-debug-contexts-and-controls.md;deliverables/final-specification-set/demo-dx/wp73-a-content-editors.md;deliverables/final-specification-set/demo-dx/wp74-battle-animation-authoring-and-exchange.md;deliverables/final-specification-set/engine-overworld/wp11-map-topology-transfer.md;deliverables/final-specification-set/test-catalog/creature-rpg-wp35-36-57-64-68.md;deliverables/final-specification-set/test-catalog/demo-dx-wp72-73-74-75-76-77.md;deliverables/final-specification-set/test-catalog/engine-overworld-wp11-15-59-60.md;deliverables/final-specification-set/test-catalog/engine-overworld-wp16.md;deliverables/final-specification-set/test-catalog/pokemon-rules-wp53-60-61-62-69-70.md;deliverables/final-specification-set/test-catalog/user-interface-wp17-63-65-66-67-68-69-70-71.md;deliverables/final-specification-set/user-interface/wp17-messages-windows-input.md;review/wp80-delivery-2026-10-03/batch-03/clause-disposition.md;review/wp80-delivery-readiness-review-2026-10-03/input-snapshot/review/wp80-delivery-2026-10-03/batch-14/clause-disposition.md;specs/demo/wp73-a-content-editors.md;specs/demo/wp74-battle-animation-authoring-and-exchange.md;specs/demo/wp75-project-conversion-and-authoring-tools.md;specs/overworld/wp11-map-topology-transfer.md;specs/overworld/wp12-terrain-movement-vehicles.md;specs/overworld/wp59-world-time-weather-field-moves.md;specs/overworld/wp60-fishing.md;specs/pokemon-rules/wp61-field-passive-effects-and-blackout.md;specs/ui/wp17-messages-windows-input.md;specs/ui/wp66-a-party-and-summary-ui.md;specs/ui/wp67-b-lifecycle-presentations-and-history.md;specs/ui/wp71-tile-puzzles.md	"[{""raw_id"":""RUN-C-003"",""report"":""agents/C/C-01/findings.json"",""value"":""使用行为名称恢复区分，例如“可空有界数值（取消哨兵 −1）”和“可空三态布尔选择”；不必恢复源类名。补普通数值取消保留旧值对照。""},{""raw_id"":""RUN-D-007"",""report"":""agents/D/findings.json"",""value"":""分别限定非冲浪的机会判定、步进触发，以及请求类型自身无表的主动请求场景。""},{""raw_id"":""RUN-D-021"",""report"":""agents/D/findings.json"",""value"":""A23补非蛋目标总HP≥54等合法门；A31补初始招不在两升级招内，或分重叠对照；A33把唯一合格改为唯一候选/唯一成员。""},{""raw_id"":""RUN-D-022"",""report"":""agents/D/findings.json"",""value"":""各子例补具体属性变体、.midi后缀和训练家数；为普通数值/支持音频/两名训练家增加或指向反向对照。""}]"	按各raw_id的root_adjudications及每条extensions.root_review保留前提、收窄和反例。多处定位共享根因，不按文件重复计数。	"[{""raw_id"":""RUN-C-003"",""report"":""agents/C/C-01/findings.json"",""value"":[""CE-M02 每个子例有唯一输入类别、旧值和取消策略"",""与正文 §3.2/§3.3 和原 M02 保持等价""]},{""raw_id"":""RUN-D-007"",""report"":""agents/D/findings.json"",""value"":""无步进类表但有 OldRod 表的固定正常场景允许主动请求成功；非冲浪且无步进表才唯一预期机会判定假。""},{""raw_id"":""RUN-D-021"",""report"":""agents/D/findings.json"",""value"":""恢复量与去重计数均由完整夹具唯一计算，蛋拒绝用例不再含自矛盾合格前提。""},{""raw_id"":""RUN-D-022"",""report"":""agents/D/findings.json"",""value"":""每个子例的分派键明确，允许的相反分支不再被同一泛称测试覆盖成错误预期。""}]"	findings.json#GIR-FD82-C003
GIR-FD82-C004	P2	WP04;WP36;WP73-B	F02-02;F18-02	OPEN_NOT_EDITED_IN_THIS_REVIEW	遭遇步数率 0 在反写后重编译变回默认值的语义损失未登记	deliverables/final-specification-set/creature-rpg/wp36-wild-encounters-and-modifiers.md;deliverables/final-specification-set/demo-dx/wp73-b-world-editors.md;deliverables/final-specification-set/generic-kernel/wp04-pbs-lifecycle.md;deliverables/final-specification-set/test-catalog/demo-dx-wp72-73-74-75-76-77.md;specs/demo/wp73-b-world-editors.md	"[{""raw_id"":""RUN-C-004"",""report"":""agents/C/C-01/findings.json"",""value"":""在 WP73-B 保存/兼容边界列出 0 值的四阶段结果并交叉引用 WP04/WP36；测试增具名往返向量。保留异常事实，不更改参考或自动修成保真。""}]"	按各raw_id的root_adjudications及每条extensions.root_review保留前提、收窄和反例。多处定位共享根因，不按文件重复计数。	"[{""raw_id"":""RUN-C-004"",""report"":""agents/C/C-01/findings.json"",""value"":[""编辑输入范围→保存→专用反写→专用编译默认→数据保存的静态链逐段成立"",""加入 Land 默认 21 的固定向量及默认 0 类型的对照；明确无运行验证""]}]"	findings.json#GIR-FD82-C004
GIR-FD82-C005	P2	WP36;WP72;WP73-B	F18-01;F18-02	OPEN_NOT_EDITED_IN_THIS_REVIEW	遭遇编辑/编译后的注册数据与当前地图快照未在生效合同中分层	deliverables/final-specification-set/demo-dx/wp72-debug-contexts-and-controls.md;deliverables/final-specification-set/demo-dx/wp73-a-content-editors.md;deliverables/final-specification-set/demo-dx/wp73-b-world-editors.md	"[{""raw_id"":""RUN-C-005"",""report"":""agents/C/C-01/findings.json"",""value"":""为遭遇编辑加入“注册/文件/当前地图快照”状态表；列出保存、取消、调试编译、同值版本写入与真正重装的区别；将直接数据查询和快照消费者分开。""}]"	按各raw_id的root_adjudications及每条extensions.root_review保留前提、收窄和反例。多处定位共享根因，不按文件重复计数。	"[{""raw_id"":""RUN-C-005"",""report"":""agents/C/C-01/findings.json"",""value"":[""沿默认调试菜单与淡入淡出包装确认无隐藏刷新"",""至少检验保存前/保存后未重装/同值版本/变值版本四态"",""与 WP36 装载时计数清理规则一致，不扩大清理范围""]}]"	findings.json#GIR-FD82-C005
GIR-FD82-C007	P2	WP13;WP15;WP37;WP59;WP60;WP63;WP72;WP75	F14-01;F14-02;F18-01	OPEN_NOT_EDITED_IN_THIS_REVIEW	120 项战斗效果白名单的具体合同仍留在历史交付附件	audit/source-traceability.md;deliverables/final-specification-set/README.md;deliverables/final-specification-set/demo-dx/wp72-debug-contexts-and-controls.md;deliverables/final-specification-set/demo-dx/wp75-project-conversion-and-authoring-tools.md;deliverables/final-specification-set/engine-overworld/wp13-move-route-matrix.md;deliverables/final-specification-set/engine-overworld/wp15-resource-matching-and-audio.md;deliverables/final-specification-set/engine-overworld/wp59-world-time-weather-field-moves.md;deliverables/final-specification-set/pokemon-rules/wp37-roaming-and-poke-radar.md;deliverables/final-specification-set/pokemon-rules/wp60-berry-plants.md;deliverables/final-specification-set/test-catalog/demo-dx-wp72-73-74-75-76-77.md;deliverables/final-specification-set/test-catalog/engine-overworld-wp11-15-59-60.md;deliverables/final-specification-set/user-interface/wp63-pokegear-map-music-and-phone.md;review/wp72-delivery-2026-10-02/revision-v2/battle-effects-catalog.md;specs/demo/wp75-project-conversion-and-authoring-tools.md;specs/overworld/wp13-move-route-matrix.md;specs/overworld/wp15-resource-matching-and-audio.md;specs/overworld/wp59-world-time-weather-field-moves.md;specs/pokemon-rules/wp37-roaming-and-poke-radar.md;specs/ui/wp63-pokegear-map-music-and-phone.md	"[{""raw_id"":""RUN-C-007"",""report"":""agents/C/C-01/findings.json"",""value"":""把现行目录的行为含义、层、输入类型、默认、范围/哨兵净化为最终集内附表并明确引用；旧审计名映射另留审计。无需复制源哈希或源显示字符串。""},{""raw_id"":""RUN-C-090"",""report"":""agents/C/C-05/findings.json"",""value"":""给出独立行为数据表或等价分段值，明确插值/灰度通道、明暗整数与缓存刷新时钟，并给实际数值向量。""},{""raw_id"":""RUN-D-016"",""report"":""agents/D/findings.json"",""value"":""把120项行为化目录作为净化正文附表交付，或明确把该编辑能力标为未闭合而不让未来实现依赖清单外review。无需附源码或原结构。""}]"	所有已登记扩展均已裁决；旧电话18项兼容表属于必需合同。67树果完整目录未列当前范围必须全交付，机制与具名样本不足并不自动要求复制67数据全表；该扩展仅条件性建议，详见extension-adjudications与C06复核。	"[{""raw_id"":""RUN-C-007"",""report"":""agents/C/C-01/findings.json"",""value"":[""对120项逐条做原附件→最终附表→参考登记的等价核验"",""数量只是辅助；核验每项默认/范围、成员下标特例和表外限制"",""最终读者无需打开 review 或 reference 即可获得完整合同""]},{""raw_id"":""RUN-C-090"",""report"":""agents/C/C-05/findings.json"",""value"":[""只读固定参考文本核对修订及成对向量，不执行或修改参考"",""保持U01–U10/G01–G12/AX01–AX20及无运行/真实Demo/宿主与插件组合未证边界""]},{""raw_id"":""RUN-D-016"",""report"":""agents/D/findings.json"",""value"":""净化允许集内能逐项回答白名单成员、层级、类型、默认、范围/哨兵，并与120项计数及编辑行为一致。""}]"	findings.json#GIR-FD82-C007
GIR-FD82-C008	P2	WP72	F18-01	OPEN_NOT_EDITED_IN_THIS_REVIEW	完整调试菜单的 Use PC 入口没有规格或测试承接	deliverables/final-specification-set/demo-dx/wp72-debug-contexts-and-controls.md;deliverables/final-specification-set/test-catalog/demo-dx-wp72-73-74-75-76-77.md;review/wp72-delivery-2026-10-02/revision-v3/entry-coverage-table.md;specs/demo/wp72-debug-contexts-and-controls.md	"[{""raw_id"":""RUN-C-008"",""report"":""agents/C/C-01-S1/findings.json"",""value"":""增设 Use PC 的层级、完整/受限可达性、正常 PC 合同委派及取消返回；给出与直接盒子整理的对照。更新 Feature Matrix 的修订追踪由作者完成，本审查不改中央文件。""}]"	按各raw_id的root_adjudications及每条extensions.root_review保留前提、收窄和反例。多处定位共享根因，不按文件重复计数。	"[{""raw_id"":""RUN-C-008"",""report"":""agents/C/C-01-S1/findings.json"",""value"":[""正文、覆盖表、DG 至少一个对照场景承接该入口"",""检查没有将 PC 主菜单误述为直接整理盒子""]}]"	findings.json#GIR-FD82-C008
GIR-FD82-C009	P2	WP72	F18-01	OPEN_NOT_EDITED_IN_THIS_REVIEW	寄养与遗迹石选人取消仍覆盖固定事件变量	deliverables/final-specification-set/demo-dx/wp72-debug-contexts-and-controls.md;deliverables/final-specification-set/test-catalog/demo-dx-wp72-73-74-75-76-77.md;review/wp72-delivery-2026-10-02/revision-v3/entry-coverage-table.md;specs/demo/wp72-debug-contexts-and-controls.md	"[{""raw_id"":""RUN-C-009"",""report"":""agents/C/C-01-S1/findings.json"",""value"":""把“取消不写”限定为本次寄存/净化提交，明确两个入口各自的变量编号、成功/取消输出与刷新副作用；补取消向量。""}]"	按各raw_id的root_adjudications及每条extensions.root_review保留前提、收窄和反例。多处定位共享根因，不按文件重复计数。	"[{""raw_id"":""RUN-C-009"",""report"":""agents/C/C-01-S1/findings.json"",""value"":[""调用方实参→选人返回→变量写→业务提交门的四段链完整核对"",""保留 WP66-A 事件助手通用合同，同时补本入口固定变量编号""]}]"	findings.json#GIR-FD82-C009
GIR-FD82-C010	P2	WP72	F18-01	OPEN_NOT_EDITED_IN_THIS_REVIEW	示例队伍缺少固定物种顺序与逐物种招式映射	deliverables/final-specification-set/demo-dx/wp72-debug-contexts-and-controls.md;deliverables/final-specification-set/test-catalog/demo-dx-wp72-73-74-75-76-77.md;review/wp72-delivery-2026-10-02/revision-v3/entry-coverage-table.md;specs/demo/wp72-debug-contexts-and-controls.md	"[{""raw_id"":""RUN-C-010"",""report"":""agents/C/C-01-S1/findings.json"",""value"":""提供小型行为数据表，列六物种顺序、各自附加招式及其顺序、存在性跳过规则、记录初始招式时点；这些是数据身份，不应因净化删去。DG-M11 增明确前提与预期成员。""}]"	按各raw_id的root_adjudications及每条extensions.root_review保留前提、收窄和反例。多处定位共享根因，不按文件重复计数。	"[{""raw_id"":""RUN-C-010"",""report"":""agents/C/C-01-S1/findings.json"",""value"":[""数据表与参考预置逐项核对，不复制源语句"",""缺一种物种时保持其余相对顺序并少一成员；不错误补到六只""]}]"	findings.json#GIR-FD82-C010
GIR-FD82-C011	P2	WP72	F18-01	OPEN_NOT_EDITED_IN_THIS_REVIEW	奇妙空间中防御/特防编辑的显示与生效方向未定义	deliverables/final-specification-set/combat-requirements/wp45-weather-terrain-side-and-position-effects.md;deliverables/final-specification-set/demo-dx/wp72-debug-contexts-and-controls.md;review/wp72-delivery-2026-10-02/revision-v3/entry-coverage-table.md;specs/demo/wp72-debug-contexts-and-controls.md	"[{""raw_id"":""RUN-C-011"",""report"":""agents/C/C-01-S1/findings.json"",""value"":""增奇妙空间下的独立行为对照，区分菜单输入、当前显示缓存及战斗读取结果；不复制访问器结构，也不自动修参考。""}]"	按各raw_id的root_adjudications及每条extensions.root_review保留前提、收窄和反例。多处定位共享根因，不按文件重复计数。	"[{""raw_id"":""RUN-C-011"",""report"":""agents/C/C-01-S1/findings.json"",""value"":[""防御和特防各做对称向量；无奇妙空间对照正常同名写入"",""明确向量停留在子菜单范围，避免混入额外刷新或回合结束""]}]"	findings.json#GIR-FD82-C011
GIR-FD82-C012	P2	WP72	F18-01	OPEN_NOT_EDITED_IN_THIS_REVIEW	战斗调试 Teach 绕过普通学招的 Shadow 拒绝门	deliverables/final-specification-set/demo-dx/wp72-debug-contexts-and-controls.md;deliverables/final-specification-set/test-catalog/demo-dx-wp72-73-74-75-76-77.md;review/wp72-delivery-2026-10-02/revision-v3/entry-coverage-table.md;specs/demo/wp72-debug-contexts-and-controls.md	"[{""raw_id"":""RUN-C-012"",""report"":""agents/C/C-01-S1/findings.json"",""value"":""把战斗 Teach 明确写为独立调试路径，列其三个守卫和不存在的 Shadow 门；补两入口对照测试。保留非战斗正常助手规则。""}]"	按各raw_id的root_adjudications及每条extensions.root_review保留前提、收窄和反例。多处定位共享根因，不按文件重复计数。	"[{""raw_id"":""RUN-C-012"",""report"":""agents/C/C-01-S1/findings.json"",""value"":[""两入口调用链及 Shadow 拒绝位置逐段核对"",""原招式/战斗招式两层预期仍按有无在场对象区分""]}]"	findings.json#GIR-FD82-C012
GIR-FD82-C013	P2	WP72	F18-01	OPEN_NOT_EDITED_IN_THIS_REVIEW	只有一个玩家角色时并非只有提示：延后执行的退出分支会失败	deliverables/final-specification-set/demo-dx/wp72-debug-contexts-and-controls.md;review/wp72-delivery-2026-10-02/revision-v3/entry-coverage-table.md;specs/demo/wp72-debug-contexts-and-controls.md	"[{""raw_id"":""RUN-C-013"",""report"":""agents/C/C-01-S1/findings.json"",""value"":""将这一来源异常作为限定静态失败记录：提示已显示、角色未改、本地不恢复；全局宿主结果保持未验证。审计留源语义解释，行为正文不必规定语言或类结构。""}]"	早期ROOT对break/return存续范围的分析已被后续来源与语言规则复核纠正；当前不再是加载上下文争议。仅声明具名入口的局部跳出错误，不推断宿主最终崩溃或重启。见root/language-semantics-correction.md。	"[{""raw_id"":""RUN-C-013"",""report"":""agents/C/C-01-S1/findings.json"",""value"":[""注册保存→延后call→单条目分支→异常向上传播的静态链"",""不把异常事实列为源代码修复任务；不宣称实际宿主崩溃或重启""]}]"	findings.json#GIR-FD82-C013
GIR-FD82-C014	P2	WP72	F18-01	OPEN_NOT_EDITED_IN_THIS_REVIEW	普通随机 EV 总额的上界是否可取未明确	deliverables/final-specification-set/demo-dx/wp72-debug-contexts-and-controls.md;deliverables/final-specification-set/test-catalog/demo-dx-wp72-73-74-75-76-77.md;specs/demo/wp72-debug-contexts-and-controls.md	"[{""raw_id"":""RUN-C-014"",""report"":""agents/C/C-01-S1/findings.json"",""value"":""明确普通随机目标的闭开区间与整数性，最大分支独立描述；增加端点静态向量。""}]"	按各raw_id的root_adjudications及每条extensions.root_review保留前提、收窄和反例。多处定位共享根因，不按文件重复计数。	"[{""raw_id"":""RUN-C-014"",""report"":""agents/C/C-01-S1/findings.json"",""value"":[""两种命令的目标选择分支分开"",""不模拟随机序列，不对六维最终分布作无证均匀保证""]}]"	findings.json#GIR-FD82-C014
GIR-FD82-C016	P2	WP04;WP73-B	F18-02	OPEN_NOT_EDITED_IN_THIS_REVIEW	指标反写路径只由非零形态驱动，基础记录保存不保证更新PBS	deliverables/final-specification-set/demo-dx/wp73-b-world-editors.md;deliverables/final-specification-set/test-catalog/demo-dx-wp72-73-74-75-76-77.md;review/wp73b-delivery-2026-10-02/revision-v4/entry-coverage-table.md;specs/demo/wp73-b-world-editors.md	"[{""raw_id"":""RUN-C-016"",""report"":""agents/C/C-01-S2/findings.json"",""value"":""补保存时记录集合→后缀路径→记录省略→重载/重编译的状态表，含仅基础形态、同后缀非零、不同后缀和等值非零四例；说明预览/自动定位可先惰性创建非零记录。保留来源异常，不修参考。""}]"	按各raw_id的root_adjudications及每条extensions.root_review保留前提、收窄和反例。多处定位共享根因，不按文件重复计数。	"[{""raw_id"":""RUN-C-016"",""report"":""agents/C/C-01-S2/findings.json"",""value"":[""逐阶段区分运行数据、数据档案、PBS文件及已布局精灵"",""基于保存时集合而非进入前文件内容判定路径"",""维持metrics-first-judgment.md的独立来源推导；不执行参考""]}]"	findings.json#GIR-FD82-C016
GIR-FD82-C017	P2	WP73-A	F18-02	OPEN_NOT_EDITED_IN_THIS_REVIEW	物种招式选择器的默认招式预选错位未承接	deliverables/final-specification-set/demo-dx/wp73-a-content-editors.md;deliverables/final-specification-set/test-catalog/demo-dx-wp72-73-74-75-76-77.md;review/wp73a-delivery-2026-10-02/revision-v4/entry-coverage-table.md;specs/demo/wp73-a-content-editors.md	"[{""raw_id"":""RUN-C-017"",""report"":""agents/C/C-01-S2/findings.json"",""value"":""以行为向量定义合法段/完整段、初始行和确认/取消结果，并明确这是来源边界；不要求照搬列表容器或下标算法。""}]"	按各raw_id的root_adjudications及每条extensions.root_review保留前提、收窄和反例。多处定位共享根因，不按文件重复计数。	"[{""raw_id"":""RUN-C-017"",""report"":""agents/C/C-01-S2/findings.json"",""value"":[""覆盖默认在合法段首项、非首项、仅完整段三种前提"",""对照确认与BACK，保留两段中同招式可重复出现的事实""]}]"	findings.json#GIR-FD82-C017
GIR-FD82-C018	P2	WP73-A	F18-02	OPEN_NOT_EDITED_IN_THIS_REVIEW	字符串/进化子编辑确认原值会自匹配删项，字符串ESC也可到达	deliverables/final-specification-set/demo-dx/wp73-a-content-editors.md;deliverables/final-specification-set/test-catalog/demo-dx-wp72-73-74-75-76-77.md;review/wp73a-delivery-2026-10-02/revision-v4/entry-coverage-table.md;specs/demo/wp73-a-content-editors.md	"[{""raw_id"":""RUN-C-018"",""report"":""agents/C/C-01-S2/findings.json"",""value"":""明确自匹配与两类取消；增加单项集合/单路径的同值确认和ESC/BACK对照，分开工作列表变化、父槽回写及文件保存。""}]"	按各raw_id的root_adjudications及每条extensions.root_review保留前提、收窄和反例。多处定位共享根因，不按文件重复计数。	"[{""raw_id"":""RUN-C-018"",""report"":""agents/C/C-01-S2/findings.json"",""value"":[""字符串ESC→旧文本→自匹配删除链"",""进化确认旧值与独立取消哨兵的相反结果"",""不得把子页删除直接宣称为已写文件""]}]"	findings.json#GIR-FD82-C018
GIR-FD82-C019	P2	WP73-A;WP73-B	F18-02	OPEN_NOT_EDITED_IN_THIS_REVIEW	天气属性取消的结果取决于停在哪个输入阶段	deliverables/final-specification-set/demo-dx/wp73-a-content-editors.md;deliverables/final-specification-set/test-catalog/demo-dx-wp72-73-74-75-76-77.md;review/wp73a-delivery-2026-10-02/revision-v4/entry-coverage-table.md;specs/demo/wp73-a-content-editors.md	"[{""raw_id"":""RUN-C-019"",""report"":""agents/C/C-01-S2/findings.json"",""value"":""按“类型选择取消／None／概率BACK／正常概率确认”分列返回值及父层保存门；不要套用全局取消规则。""}]"	按各raw_id的root_adjudications及每条extensions.root_review保留前提、收窄和反例。多处定位共享根因，不按文件重复计数。	"[{""raw_id"":""RUN-C-019"",""report"":""agents/C/C-01-S2/findings.json"",""value"":[""数字框默认/取消返回与调用方无条件组合返回一起核验"",""父页No丢弃局部新组合、Yes保存的后置边界保持""]}]"	findings.json#GIR-FD82-C019
GIR-FD82-C020	P2	WP63;WP73-A;WP74	F18-02	OPEN_NOT_EDITED_IN_THIS_REVIEW	共享文件列表缺目录/图形载入失败不都回落为空白	deliverables/final-specification-set/demo-dx/wp73-a-content-editors.md;deliverables/final-specification-set/demo-dx/wp74-battle-animation-authoring-and-exchange.md;deliverables/final-specification-set/test-catalog/demo-dx-wp72-73-74-75-76-77.md;deliverables/final-specification-set/user-interface/wp63-pokegear-map-music-and-phone.md;review/wp73a-delivery-2026-10-02/revision-v4/entry-coverage-table.md;specs/demo/wp73-a-content-editors.md;specs/ui/wp63-pokegear-map-music-and-phone.md	"[{""raw_id"":""RUN-C-020"",""report"":""agents/C/C-01-S2/findings.json"",""value"":""分别列缺目录、空目录、具名受保护预览与普通未保护预览；保留宿主异常显示/恢复未验证，不承诺所有失败都变成提示。""}]"	按各raw_id的root_adjudications及每条extensions.root_review保留前提、收窄和反例。多处定位共享根因，不按文件重复计数。	"[{""raw_id"":""RUN-C-020"",""report"":""agents/C/C-01-S2/findings.json"",""value"":[""从属性入口到列表commands/refresh及底层图形加载的保护范围逐段核对"",""正常dispose恢复BGM的承诺须限定正常退出，不凭它推导异常也必恢复""]}]"	findings.json#GIR-FD82-C020
GIR-FD82-C021	P2	WP73-A;WP73-B	F18-02	OPEN_NOT_EDITED_IN_THIS_REVIEW	无询问复合子页返回会把未指定IV/EV归零，并可建立零宽地图尺寸	deliverables/final-specification-set/demo-dx/wp73-a-content-editors.md;deliverables/final-specification-set/test-catalog/demo-dx-wp72-73-74-75-76-77.md;review/wp73a-delivery-2026-10-02/revision-v4/entry-coverage-table.md;specs/demo/wp73-a-content-editors.md	"[{""raw_id"":""RUN-C-021"",""report"":""agents/C/C-01-S2/findings.json"",""value"":""补未指定、部分空、逐项取消、仅打开后BACK的返回值表，明确父层No/Yes及实际加载默认值差异。不要把归零改成“合理保留”来修参考。""}]"	按各raw_id的root_adjudications及每条extensions.root_review保留前提、收窄和反例。多处定位共享根因，不按文件重复计数。	"[{""raw_id"":""RUN-C-021"",""report"":""agents/C/C-01-S2/findings.json"",""value"":[""字段不存在和六项零集合分别走训练家加载两分支"",""IV/EV例20级只做独立固定算术10/30，不执行生成"",""地图宽0初始化与数字编辑范围1–30分开""]}]"	findings.json#GIR-FD82-C021
GIR-FD82-C022	P2	WP04;WP73-A	F18-02	OPEN_NOT_EDITED_IN_THIS_REVIEW	物种编辑读取旧进化字段名，保存可清空现有进化；参数转文本时点也被误述	deliverables/final-specification-set/demo-dx/wp73-a-content-editors.md;deliverables/final-specification-set/test-catalog/demo-dx-wp72-73-74-75-76-77.md;review/wp73a-delivery-2026-10-02/revision-v4/entry-coverage-table.md;specs/demo/wp73-a-content-editors.md	"[{""raw_id"":""RUN-C-022"",""report"":""agents/C/C-01-S2/findings.json"",""value"":""按精确字段名重写“打开/取消/保存/反写/重编译”五阶段合同，列空表覆盖与前向/反向关系分层；把转文本副作用归到真正调用单数字段的路径。旧审计保留，本审查不修参考或倒写AX历史。""}]"	按各raw_id的root_adjudications及每条extensions.root_review保留前提、收窄和反例。多处定位共享根因，不按文件重复计数。	"[{""raw_id"":""RUN-C-022"",""report"":""agents/C/C-01-S2/findings.json"",""value"":[""editor_properties字段名→get_property分支→默认填充→schema保存逐步核验"",""区分所选物种条目丢失与其它物种保留的反向记录"",""单独核反写遍历对未丢失路径参数的运行中类型变化，不用“打开即转文本”替代""]}]"	findings.json#GIR-FD82-C022
GIR-FD82-C023	P2	WP73-A	F18-02	OPEN_NOT_EDITED_IN_THIS_REVIEW	空训练家个体槽尚未选物种时，打开招式选择会失败	deliverables/final-specification-set/demo-dx/wp73-a-content-editors.md;deliverables/final-specification-set/test-catalog/demo-dx-wp72-73-74-75-76-77.md;review/wp73a-delivery-2026-10-02/revision-v4/entry-coverage-table.md;specs/demo/wp73-a-content-editors.md	"[{""raw_id"":""RUN-C-023"",""report"":""agents/C/C-01-S2/findings.json"",""value"":""明确物种未指定时招式属性的限定失败，给出先选物种与直接BACK的对照；不把源异常自动修为禁用按钮。""}]"	按各raw_id的root_adjudications及每条extensions.root_review保留前提、收窄和反例。多处定位共享根因，不按文件重复计数。	"[{""raw_id"":""RUN-C-023"",""report"":""agents/C/C-01-S2/findings.json"",""value"":[""空槽初始化→招式属性创建→选择器→严格查询→本地异常传播"",""不声称发生文件写入，不推断宿主最终恢复画面""]}]"	findings.json#GIR-FD82-C023
GIR-FD82-C024	P2	WP75	F18-04	OPEN_NOT_EDITED_IN_THIS_REVIEW	净化稿把提取脚本与合并脚本的活动入口写反	deliverables/final-specification-set/demo-dx/wp75-project-conversion-and-authoring-tools.md;deliverables/final-specification-set/test-catalog/demo-dx-wp72-73-74-75-76-77.md;specs/demo/wp75-project-conversion-and-authoring-tools.md	"[{""raw_id"":""RUN-C-024"",""report"":""agents/C/C-02/findings.json"",""value"":""恢复原稿的两文件→活动方向映射；区分活动与注释入口，保留§12各自的守卫、备份和写出合同。""}]"	按各raw_id的root_adjudications及每条extensions.root_review保留前提、收窄和反例。多处定位共享根因，不按文件重复计数。	"[{""raw_id"":""RUN-C-024"",""report"":""agents/C/C-02/findings.json"",""value"":[""以固定源码静态反查修订正文及关联测试；不得执行参考或修补参考"",""保留已知异常、缺失素材与运行未验证边界""]}]"	findings.json#GIR-FD82-C024
GIR-FD82-C025	P2	WP74	F18-03	OPEN_NOT_EDITED_IN_THIS_REVIEW	第60号单元槽在复制、清空和格式转换中的差异未承接	deliverables/final-specification-set/demo-dx/wp74-battle-animation-authoring-and-exchange.md;deliverables/final-specification-set/test-catalog/demo-dx-wp72-73-74-75-76-77.md;specs/demo/wp74-battle-animation-authoring-and-exchange.md	"[{""raw_id"":""RUN-C-025"",""report"":""agents/C/C-02/findings.json"",""value"":""为实际可存槽与各操作处理范围列矩阵；补复制/粘贴、区间复制/Paste Last、清空、插入和转换的槽60对照，保留参考异常。""}]"	按各raw_id的root_adjudications及每条extensions.root_review保留前提、收窄和反例。多处定位共享根因，不按文件重复计数。	"[{""raw_id"":""RUN-C-025"",""report"":""agents/C/C-02/findings.json"",""value"":[""以固定源码静态反查修订正文及关联测试；不得执行参考或修补参考"",""保留已知异常、缺失素材与运行未验证边界""]}]"	findings.json#GIR-FD82-C025
GIR-FD82-C026	P2	WP74	F18-03	OPEN_NOT_EDITED_IN_THIS_REVIEW	动画渐变被概括成普通插值，漏掉坐标符号、零时长和重叠旧值	deliverables/final-specification-set/demo-dx/wp74-battle-animation-authoring-and-exchange.md;deliverables/final-specification-set/test-catalog/demo-dx-wp72-73-74-75-76-77.md;specs/demo/wp74-battle-animation-authoring-and-exchange.md	"[{""raw_id"":""RUN-C-026"",""report"":""agents/C/C-02/findings.json"",""value"":""分开图形坐标、不透明/颜色、0时长和同层重叠规则，给出完整前提的数值向量；说明时序完成仍受动画帧数和实际帧访问限制，不修参考。""}]"	按各raw_id的root_adjudications及每条extensions.root_review保留前提、收窄和反例。多处定位共享根因，不按文件重复计数。	"[{""raw_id"":""RUN-C-026"",""report"":""agents/C/C-02/findings.json"",""value"":[""以固定源码静态反查修订正文及关联测试；不得执行参考或修补参考"",""保留已知异常、缺失素材与运行未验证边界""]}]"	findings.json#GIR-FD82-C026
GIR-FD82-C027	P2	WP75	F18-04	OPEN_NOT_EDITED_IN_THIS_REVIEW	分页与断句组合可丢失原第5至9行，规格未记录	deliverables/final-specification-set/demo-dx/wp75-project-conversion-and-authoring-tools.md;deliverables/final-specification-set/test-catalog/demo-dx-wp72-73-74-75-76-77.md;specs/demo/wp75-project-conversion-and-authoring-tools.md	"[{""raw_id"":""RUN-C-027"",""report"":""agents/C/C-02/findings.json"",""value"":""增加分页×断句的组合反例与实际删除范围，保持现有M15安全夹具及M17三行夹具有效；不能用隔离测试证明所有组合内容保留。""}]"	按各raw_id的root_adjudications及每条extensions.root_review保留前提、收窄和反例。多处定位共享根因，不按文件重复计数。	"[{""raw_id"":""RUN-C-027"",""report"":""agents/C/C-02/findings.json"",""value"":[""以固定源码静态反查修订正文及关联测试；不得执行参考或修补参考"",""保留已知异常、缺失素材与运行未验证边界""]}]"	findings.json#GIR-FD82-C027
GIR-FD82-C028	P2	WP77	F18-06	OPEN_NOT_EDITED_IN_THIS_REVIEW	电话占位符被误述为类型与金钱	deliverables/final-specification-set/demo-dx/wp77-demo-evidence-and-capability-coverage.md;specs/demo/wp77-demo-evidence-and-capability-coverage.md;specs/ui/wp63-pokegear-map-music-and-phone.md	"[{""raw_id"":""RUN-C-028"",""report"":""agents/C/C-02/findings.json"",""value"":""恢复五个兼容标记及各自含义；保留随机来源/缺失回退由WP63承接，不把配置台词升级为已发生通话。""}]"	按各raw_id的root_adjudications及每条extensions.root_review保留前提、收窄和反例。多处定位共享根因，不按文件重复计数。	"[{""raw_id"":""RUN-C-028"",""report"":""agents/C/C-02/findings.json"",""value"":[""以固定源码静态反查修订正文及关联测试；不得执行参考或修补参考"",""保留已知异常、缺失素材与运行未验证边界""]}]"	findings.json#GIR-FD82-C028
GIR-FD82-C029	P2	WP77	F18-06	OPEN_NOT_EDITED_IN_THIS_REVIEW	扭曲世界形态规则丢失限定物种与道具身份	audit/source-traceability.md;deliverables/final-specification-set/demo-dx/wp77-demo-evidence-and-capability-coverage.md;specs/demo/wp77-demo-evidence-and-capability-coverage.md	"[{""raw_id"":""RUN-C-029"",""report"":""agents/C/C-02/findings.json"",""value"":""明确主体GIRATINA和道具GRISEOUSORB及该分支的0/1结果，并与形态主规格的求值门链接；保留实际进入地图未验证。""}]"	按各raw_id的root_adjudications及每条extensions.root_review保留前提、收窄和反例。多处定位共享根因，不按文件重复计数。	"[{""raw_id"":""RUN-C-029"",""report"":""agents/C/C-02/findings.json"",""value"":[""以固定源码静态反查修订正文及关联测试；不得执行参考或修补参考"",""保留已知异常、缺失素材与运行未验证边界""]}]"	findings.json#GIR-FD82-C029
GIR-FD82-C030	P2	WP75	F18-04	OPEN_NOT_EDITED_IN_THIS_REVIEW	训练家转换产物未说明原页面条件会继续限制所有基础页	deliverables/final-specification-set/demo-dx/wp75-project-conversion-and-authoring-tools.md;deliverables/final-specification-set/test-catalog/demo-dx-wp72-73-74-75-76-77.md;specs/demo/wp75-project-conversion-and-authoring-tools.md	"[{""raw_id"":""RUN-C-030"",""report"":""agents/C/C-02/findings.json"",""value"":""明确逐字段保留/覆盖范围，至少列原开关1/2、变量、自开关的处理及动作/移动属性；补已有条件与A/B/EndIf/Vanish组合向量。""}]"	按各raw_id的root_adjudications及每条extensions.root_review保留前提、收窄和反例。多处定位共享根因，不按文件重复计数。	"[{""raw_id"":""RUN-C-030"",""report"":""agents/C/C-02/findings.json"",""value"":[""以固定源码静态反查修订正文及关联测试；不得执行参考或修补参考"",""保留已知异常、缺失素材与运行未验证边界""]}]"	findings.json#GIR-FD82-C030
GIR-FD82-C031	P2	WP74	F18-03	OPEN_NOT_EDITED_IN_THIS_REVIEW	组织器的保存询问初始选中Yes，被写成默认Cancel	deliverables/final-specification-set/demo-dx/wp74-battle-animation-authoring-and-exchange.md;deliverables/final-specification-set/test-catalog/demo-dx-wp72-73-74-75-76-77.md;review/wp74-delivery-2026-10-02/revision-v4/entry-coverage-table.md;specs/demo/wp74-battle-animation-authoring-and-exchange.md	"[{""raw_id"":""RUN-C-031"",""report"":""agents/C/C-02/findings.json"",""value"":""分开初始高亮Yes与BACK选择Cancel；修正文、保存矩阵和覆盖表，并给两输入的落盘对照。""}]"	按各raw_id的root_adjudications及每条extensions.root_review保留前提、收窄和反例。多处定位共享根因，不按文件重复计数。	"[{""raw_id"":""RUN-C-031"",""report"":""agents/C/C-02/findings.json"",""value"":[""以固定源码静态反查修订正文及关联测试；不得执行参考或修补参考"",""保留已知异常、缺失素材与运行未验证边界""]}]"	findings.json#GIR-FD82-C031
GIR-FD82-C032	P2	WP74	F18-03	OPEN_NOT_EDITED_IN_THIS_REVIEW	定义路径的坐标基准与控制点钳制未定义	deliverables/final-specification-set/demo-dx/wp74-battle-animation-authoring-and-exchange.md;deliverables/final-specification-set/test-catalog/demo-dx-wp72-73-74-75-76-77.md;specs/demo/wp74-battle-animation-authoring-and-exchange.md	"[{""raw_id"":""RUN-C-032"",""report"":""agents/C/C-02/findings.json"",""value"":""补路径输入的窗口坐标基准、曲线控制点范围与手绘区别，并说明写入后重绘的64偏移；增加端点和超界对照。""}]"	按各raw_id的root_adjudications及每条extensions.root_review保留前提、收窄和反例。多处定位共享根因，不按文件重复计数。	"[{""raw_id"":""RUN-C-032"",""report"":""agents/C/C-02/findings.json"",""value"":[""以固定源码静态反查修订正文及关联测试；不得执行参考或修补参考"",""保留已知异常、缺失素材与运行未验证边界""]}]"	findings.json#GIR-FD82-C032
GIR-FD82-C033	P2	WP74	F18-03	OPEN_NOT_EDITED_IN_THIS_REVIEW	ALT透明像素命中不考虑旋转，规格未保留这个限制	deliverables/final-specification-set/demo-dx/wp74-battle-animation-authoring-and-exchange.md;deliverables/final-specification-set/test-catalog/demo-dx-wp72-73-74-75-76-77.md;specs/demo/wp74-battle-animation-authoring-and-exchange.md	"[{""raw_id"":""RUN-C-033"",""report"":""agents/C/C-02/findings.json"",""value"":""明确ALT命中忽略角度的限制并补非对称图样的90°对照；保持宿主实际像素显示未运行验证，不将理想命中算法当成参考。""}]"	按各raw_id的root_adjudications及每条extensions.root_review保留前提、收窄和反例。多处定位共享根因，不按文件重复计数。	"[{""raw_id"":""RUN-C-033"",""report"":""agents/C/C-02/findings.json"",""value"":[""以固定源码静态反查修订正文及关联测试；不得执行参考或修补参考"",""保留已知异常、缺失素材与运行未验证边界""]}]"	findings.json#GIR-FD82-C033
GIR-FD82-C034	P2	WP75	F18-04	OPEN_NOT_EDITED_IN_THIS_REVIEW	旧战斗转换把参数数列为固定值，未承接省略可选尾参	deliverables/final-specification-set/demo-dx/wp75-project-conversion-and-authoring-tools.md;deliverables/final-specification-set/test-catalog/demo-dx-wp72-73-74-75-76-77.md;specs/demo/wp75-project-conversion-and-authoring-tools.md	"[{""raw_id"":""RUN-C-034"",""report"":""agents/C/C-02/findings.json"",""value"":""将表改为参数位置与可选尾参合同，说明识别阶段没有固定数量验证；给缺省尾参、显式默认和非默认三种对照。不要由此承诺任意缺少必需参数的输入可正常运行。""}]"	按各raw_id的root_adjudications及每条extensions.root_review保留前提、收窄和反例。多处定位共享根因，不按文件重复计数。	"[{""raw_id"":""RUN-C-034"",""report"":""agents/C/C-02/findings.json"",""value"":[""逐族区分识别条件、可选字段存在检查与生成产物；至少覆盖两参野外单/训练家单"",""与CV-M19空分支先后向量分开，保留未运行边界""]}]"	findings.json#GIR-FD82-C034
GIR-FD82-C035	P2	WP12	F04-03	OPEN_NOT_EDITED_IN_THIS_REVIEW	骑行取消条件被双重否定写成相反方向	deliverables/final-specification-set/engine-overworld/wp12-terrain-movement-vehicles.md;specs/overworld/wp12-terrain-movement-vehicles.md	"[{""raw_id"":""RUN-C-035"",""report"":""agents/C/C-03/findings.json"",""value"":""将条件改为“目的地不可骑行”或“可骑行判定为假”，并补许可/拒绝成对向量。""}]"	按各raw_id的root_adjudications及每条extensions.root_review保留前提、收窄和反例。多处定位共享根因，不按文件重复计数。	"[{""raw_id"":""RUN-C-035"",""report"":""agents/C/C-03/findings.json"",""value"":[""仅以固定来源静态复核修订与成对向量；不执行或修改参考"",""保留缺图、无运行、无真实Demo与插件组合未证边界；不把异常自动修成合理行为""]}]"	findings.json#GIR-FD82-C035
GIR-FD82-C036	P2	WP12	F04-02	OPEN_NOT_EDITED_IN_THIS_REVIEW	非玩家水域与冰面规则遗漏双向调用的另一端	deliverables/final-specification-set/engine-overworld/wp12-terrain-movement-vehicles.md;deliverables/final-specification-set/test-catalog/engine-overworld-wp11-15-59-60.md;specs/overworld/wp12-terrain-movement-vehicles.md	"[{""raw_id"":""RUN-C-036"",""report"":""agents/C/C-03/findings.json"",""value"":""用“判定格/沿本次方向的邻格”区分两次地图检查，并给水↔陆、冰↔陆四向对照；保留图块事件提前许可例外。""}]"	按各raw_id的root_adjudications及每条extensions.root_review保留前提、收窄和反例。多处定位共享根因，不按文件重复计数。	"[{""raw_id"":""RUN-C-036"",""report"":""agents/C/C-03/findings.json"",""value"":[""仅以固定来源静态复核修订与成对向量；不执行或修改参考"",""保留缺图、无运行、无真实Demo与插件组合未证边界；不把异常自动修成合理行为""]}]"	findings.json#GIR-FD82-C036
GIR-FD82-C037	P2	WP11;WP12;WP13	F04-01;F04-03;F04-04	OPEN_NOT_EDITED_IN_THIS_REVIEW	普通事件传送保留游泳，被泛化为显式传送默认取消	deliverables/final-specification-set/engine-overworld/wp11-map-topology-transfer.md;deliverables/final-specification-set/engine-overworld/wp12-terrain-movement-vehicles.md;deliverables/final-specification-set/engine-overworld/wp13-interpreter-command-matrix.md;specs/overworld/wp12-terrain-movement-vehicles.md	"[{""raw_id"":""RUN-C-037"",""report"":""agents/C/C-03/findings.json"",""value"":""分列201排队→场景保留游泳、直接默认入口取消游泳、显式false保留三条链；补同图对照，不改既有目的地骑行规则。""}]"	按各raw_id的root_adjudications及每条extensions.root_review保留前提、收窄和反例。多处定位共享根因，不按文件重复计数。	"[{""raw_id"":""RUN-C-037"",""report"":""agents/C/C-03/findings.json"",""value"":[""仅以固定来源静态复核修订与成对向量；不执行或修改参考"",""保留缺图、无运行、无真实Demo与插件组合未证边界；不把异常自动修成合理行为""]}]"	findings.json#GIR-FD82-C037
GIR-FD82-C038	P2	WP13	F04-04	OPEN_NOT_EDITED_IN_THIS_REVIEW	IM01的空操作区间误含有治疗效果的314	deliverables/final-specification-set/engine-overworld/wp13-interpreter-command-matrix.md;deliverables/final-specification-set/test-catalog/engine-overworld-wp11-15-59-60.md	"[{""raw_id"":""RUN-C-038"",""report"":""agents/C/C-03/findings.json"",""value"":""把区间拆成311–313与315–322，保留314的独立正向测试；复算枚举集合而非只检查行数。""},{""raw_id"":""RUN-D-002"",""report"":""agents/D/findings.json"",""value"":""把 IM01 的范围写成 311–313、315–322，明确排除 314。""}]"	按各raw_id的root_adjudications及每条extensions.root_review保留前提、收窄和反例。多处定位共享根因，不按文件重复计数。	"[{""raw_id"":""RUN-C-038"",""report"":""agents/C/C-03/findings.json"",""value"":[""仅以固定来源静态复核修订与成对向量；不执行或修改参考"",""保留缺图、无运行、无真实Demo与插件组合未证边界；不把异常自动修成合理行为""]},{""raw_id"":""RUN-D-002"",""report"":""agents/D/findings.json"",""value"":""给 314 参数 0、受伤队伍及开启储存自动治疗的固定场景，所有相关条目均唯一预期队伍治疗。""}]"	findings.json#GIR-FD82-C038
GIR-FD82-C039	P2	WP13	F04-04	OPEN_NOT_EDITED_IN_THIS_REVIEW	循环末尾的文本预读可在显示消息前失败	deliverables/final-specification-set/engine-overworld/wp13-interpreter-command-matrix.md;specs/overworld/wp13-interpreter-command-matrix.md;specs/overworld/wp13-map-events-npc-followers.md	"[{""raw_id"":""RUN-C-039"",""report"":""agents/C/C-03/findings.json"",""value"":""补文本预读对标签/注释/循环/跳转的行为与该异常，区分预读辅助和直接413；不得替参考修复。""}]"	按各raw_id的root_adjudications及每条extensions.root_review保留前提、收窄和反例。多处定位共享根因，不按文件重复计数。	"[{""raw_id"":""RUN-C-039"",""report"":""agents/C/C-03/findings.json"",""value"":[""仅以固定来源静态复核修订与成对向量；不执行或修改参考"",""保留缺图、无运行、无真实Demo与插件组合未证边界；不把异常自动修成合理行为""]}]"	findings.json#GIR-FD82-C039
GIR-FD82-C040	P2	WP13	F04-04	OPEN_NOT_EDITED_IN_THIS_REVIEW	脚本条件得到nil时并不会进入Else	deliverables/final-specification-set/engine-overworld/wp13-interpreter-command-matrix.md;deliverables/final-specification-set/test-catalog/engine-overworld-wp11-15-59-60.md;specs/overworld/wp13-interpreter-command-matrix.md	"[{""raw_id"":""RUN-C-040"",""report"":""agents/C/C-03/findings.json"",""value"":""为脚本条件增加真值、false、nil三类结果与Else精确比较规则，保留异常分层。""}]"	按各raw_id的root_adjudications及每条extensions.root_review保留前提、收窄和反例。多处定位共享根因，不按文件重复计数。	"[{""raw_id"":""RUN-C-040"",""report"":""agents/C/C-03/findings.json"",""value"":[""仅以固定来源静态复核修订与成对向量；不执行或修改参考"",""保留缺图、无运行、无真实Demo与插件组合未证边界；不把异常自动修成合理行为""]}]"	findings.json#GIR-FD82-C040
GIR-FD82-C041	P2	WP13	F04-04	OPEN_NOT_EDITED_IN_THIS_REVIEW	两类等待命令缺少20单位每秒的参数换算	deliverables/final-specification-set/engine-overworld/wp13-interpreter-command-matrix.md;deliverables/final-specification-set/engine-overworld/wp13-move-route-matrix.md;specs/overworld/wp13-interpreter-command-matrix.md;specs/overworld/wp13-move-route-matrix.md	"[{""raw_id"":""RUN-C-041"",""report"":""agents/C/C-03/findings.json"",""value"":""明确输入单位为1/20秒，给0、1、20三个向量并区分下一次更新机会与真实等待时长；无需保留源码计算结构。""}]"	按各raw_id的root_adjudications及每条extensions.root_review保留前提、收窄和反例。多处定位共享根因，不按文件重复计数。	"[{""raw_id"":""RUN-C-041"",""report"":""agents/C/C-03/findings.json"",""value"":[""仅以固定来源静态复核修订与成对向量；不执行或修改参考"",""保留缺图、无运行、无真实Demo与插件组合未证边界；不把异常自动修成合理行为""]}]"	findings.json#GIR-FD82-C041
GIR-FD82-C042	P2	WP13	F04-04	OPEN_NOT_EDITED_IN_THIS_REVIEW	251被写成按名称停止指定音效	deliverables/final-specification-set/engine-overworld/wp13-interpreter-command-matrix.md;specs/overworld/wp13-interpreter-command-matrix.md	"[{""raw_id"":""RUN-C-042"",""report"":""agents/C/C-03/findings.json"",""value"":""改为无名称输入、停止SE播放；如需说明全部SE通道语义，标注宿主可观察验证尚未执行。""}]"	按各raw_id的root_adjudications及每条extensions.root_review保留前提、收窄和反例。多处定位共享根因，不按文件重复计数。	"[{""raw_id"":""RUN-C-042"",""report"":""agents/C/C-03/findings.json"",""value"":[""仅以固定来源静态复核修订与成对向量；不执行或修改参考"",""保留缺图、无运行、无真实Demo与插件组合未证边界；不把异常自动修成合理行为""]}]"	findings.json#GIR-FD82-C042
GIR-FD82-C043	P2	WP14	F04-06	OPEN_NOT_EDITED_IN_THIS_REVIEW	额外连接数不保证新增同数目的不同连接	deliverables/final-specification-set/engine-overworld/wp14-random-dungeons.md;deliverables/final-specification-set/test-catalog/engine-overworld-wp11-15-59-60.md;specs/overworld/wp14-random-dungeons.md	"[{""raw_id"":""RUN-C-043"",""report"":""agents/C/C-03/findings.json"",""value"":""把请求数与不同新增边数分开，说明双向候选与可能重复效果；给重复方向及候选不足对照。""}]"	按各raw_id的root_adjudications及每条extensions.root_review保留前提、收窄和反例。多处定位共享根因，不按文件重复计数。	"[{""raw_id"":""RUN-C-043"",""report"":""agents/C/C-03/findings.json"",""value"":[""仅以固定来源静态复核修订与成对向量；不执行或修改参考"",""保留缺图、无运行、无真实Demo与插件组合未证边界；不把异常自动修成合理行为""]}]"	findings.json#GIR-FD82-C043
GIR-FD82-C044	P2	WP14	F04-06	OPEN_NOT_EDITED_IN_THIS_REVIEW	空可访问节点集会在房间退化之前失败	deliverables/final-specification-set/engine-overworld/wp14-random-dungeons.md;specs/overworld/wp14-random-dungeons.md	"[{""raw_id"":""RUN-C-044"",""report"":""agents/C/C-03/findings.json"",""value"":""明确空节点集失败及阶段；与NodeLayout=full、RoomLayout=antiring的零房间退化成对区分。""}]"	按各raw_id的root_adjudications及每条extensions.root_review保留前提、收窄和反例。多处定位共享根因，不按文件重复计数。	"[{""raw_id"":""RUN-C-044"",""report"":""agents/C/C-03/findings.json"",""value"":[""仅以固定来源静态复核修订与成对向量；不执行或修改参考"",""保留缺图、无运行、无真实Demo与插件组合未证边界；不把异常自动修成合理行为""]}]"	findings.json#GIR-FD82-C044
GIR-FD82-C045	P2	WP14	F04-06	OPEN_NOT_EDITED_IN_THIS_REVIEW	摆放候选房间与最终地面不等价：退化不登记，重绘不清旧记录	deliverables/final-specification-set/engine-overworld/wp14-random-dungeons.md;specs/overworld/wp14-random-dungeons.md	"[{""raw_id"":""RUN-C-045"",""report"":""agents/C/C-03/findings.json"",""value"":""独立描述“绘制的地面”与“摆放候选记录”，补两类生命周期与失败向量；保留条件状态证据层级，不复制内部容器结构。""}]"	按各raw_id的root_adjudications及每条extensions.root_review保留前提、收窄和反例。多处定位共享根因，不按文件重复计数。	"[{""raw_id"":""RUN-C-045"",""report"":""agents/C/C-03/findings.json"",""value"":[""仅以固定来源静态复核修订与成对向量；不执行或修改参考"",""保留缺图、无运行、无真实Demo与插件组合未证边界；不把异常自动修成合理行为""]}]"	findings.json#GIR-FD82-C045
GIR-FD82-C046	P2	WP14	F04-06	OPEN_NOT_EDITED_IN_THIS_REVIEW	摆放间隔需明确为切比雪夫距离而非两个方向都至少2	deliverables/final-specification-set/engine-overworld/wp14-random-dungeons.md;deliverables/final-specification-set/test-catalog/engine-overworld-wp11-15-59-60.md;specs/overworld/wp14-random-dungeons.md	"[{""raw_id"":""RUN-C-046"",""report"":""agents/C/C-03/findings.json"",""value"":""写出max(|Δx|,|Δy|)≥2及多格量词，补同轴和对角成对向量。""}]"	按各raw_id的root_adjudications及每条extensions.root_review保留前提、收窄和反例。多处定位共享根因，不按文件重复计数。	"[{""raw_id"":""RUN-C-046"",""report"":""agents/C/C-03/findings.json"",""value"":[""仅以固定来源静态复核修订与成对向量；不执行或修改参考"",""保留缺图、无运行、无真实Demo与插件组合未证边界；不把异常自动修成合理行为""]}]"	findings.json#GIR-FD82-C046
GIR-FD82-C047	P2	WP14	F04-06	OPEN_NOT_EDITED_IN_THIS_REVIEW	装饰密度0可编译通过并在启用对应装饰时除零	deliverables/final-specification-set/engine-overworld/wp14-random-dungeons.md;specs/overworld/wp14-random-dungeons.md	"[{""raw_id"":""RUN-C-047"",""report"":""agents/C/C-03/findings.json"",""value"":""补四类密度的0接受/有装饰失败/无装饰跳过合同，明确与概率0不同。""}]"	按各raw_id的root_adjudications及每条extensions.root_review保留前提、收窄和反例。多处定位共享根因，不按文件重复计数。	"[{""raw_id"":""RUN-C-047"",""report"":""agents/C/C-03/findings.json"",""value"":[""仅以固定来源静态复核修订与成对向量；不执行或修改参考"",""保留缺图、无运行、无真实Demo与插件组合未证边界；不把异常自动修成合理行为""]}]"	findings.json#GIR-FD82-C047
GIR-FD82-C048	P2	WP14	F04-06	OPEN_NOT_EDITED_IN_THIS_REVIEW	地牢图样、数量和图块映射仍不足以独立形成测试判据	deliverables/final-specification-set/engine-overworld/wp14-random-dungeons.md;deliverables/final-specification-set/test-catalog/engine-overworld-wp11-15-59-60.md;specs/overworld/wp14-random-dungeons.md	"[{""raw_id"":""RUN-C-048"",""report"":""agents/C/C-03/findings.json"",""value"":""以独立公式、输入输出表和少量向量补齐图样、取整、装饰数量/坐标域和图块布局；必要的兼容表可放净化附件并具名引用，不复制源码数组或方法组织；纠正12含4的计数。""},{""raw_id"":""RUN-D-003"",""report"":""agents/D/findings.json"",""value"":""定义百分比乘积的整数化方式和执行顺序，并补 25×70% 的精确向量。""}]"	按各raw_id的root_adjudications及每条extensions.root_review保留前提、收窄和反例。多处定位共享根因，不按文件重复计数。	"[{""raw_id"":""RUN-C-048"",""report"":""agents/C/C-03/findings.json"",""value"":[""仅以固定来源静态复核修订与成对向量；不执行或修改参考"",""保留缺图、无运行、无真实Demo与插件组合未证边界；不把异常自动修成合理行为""]},{""raw_id"":""RUN-D-003"",""report"":""agents/D/findings.json"",""value"":""读者不依赖语言除法约定即可唯一得出 25 个候选、70% 时的房间整数数目。""}]"	findings.json#GIR-FD82-C048
GIR-FD82-C049	P2	WP12;WP13	F04-02;F04-04;F04-05	OPEN_NOT_EDITED_IN_THIS_REVIEW	对角移动和NPC趋避策略仍指回来源而无独立行为合同	deliverables/final-specification-set/engine-overworld/wp12-terrain-movement-vehicles.md;deliverables/final-specification-set/engine-overworld/wp13-move-route-matrix.md;specs/overworld/wp12-terrain-movement-vehicles.md;specs/overworld/wp13-move-route-matrix.md	"[{""raw_id"":""RUN-C-049"",""report"":""agents/C/C-03/findings.json"",""value"":""补对角方向的固定顺序、多格前缘、NPC主轴/备用轴及自主选择概率；路线表引用这些独立条款而非来源方法。""}]"	按各raw_id的root_adjudications及每条extensions.root_review保留前提、收窄和反例。多处定位共享根因，不按文件重复计数。	"[{""raw_id"":""RUN-C-049"",""report"":""agents/C/C-03/findings.json"",""value"":[""仅以固定来源静态复核修订与成对向量；不执行或修改参考"",""保留缺图、无运行、无真实Demo与插件组合未证边界；不把异常自动修成合理行为""]}]"	findings.json#GIR-FD82-C049
GIR-FD82-C050	P2	WP12	F04-03	OPEN_NOT_EDITED_IN_THIS_REVIEW	冰滑在冰面前方受阻时即清状态，退出条件被漏写	deliverables/final-specification-set/engine-overworld/wp12-terrain-movement-vehicles.md;specs/overworld/wp12-terrain-movement-vehicles.md	"[{""raw_id"":""RUN-C-050"",""report"":""agents/C/C-03/findings.json"",""value"":""补冰面＋前向通行双守卫及受阻/离冰/调试Ctrl三类出口；把冰滑清理与瀑布through清理分开。""}]"	按各raw_id的root_adjudications及每条extensions.root_review保留前提、收窄和反例。多处定位共享根因，不按文件重复计数。	"[{""raw_id"":""RUN-C-050"",""report"":""agents/C/C-03/findings.json"",""value"":[""仅以固定来源静态复核修订与成对向量；不执行或修改参考"",""保留缺图、无运行、无真实Demo与插件组合未证边界；不把异常自动修成合理行为""]}]"	findings.json#GIR-FD82-C050
GIR-FD82-C051	P2	WP13;WP75	F04-05;F18-04	OPEN_NOT_EDITED_IN_THIS_REVIEW	门口跟随者编排有实际转换调用，却没有独立效果合同	deliverables/final-specification-set/engine-overworld/wp13-map-events-npc-followers.md;specs/overworld/wp13-map-events-npc-followers.md	"[{""raw_id"":""RUN-C-051"",""report"":""agents/C/C-03/findings.json"",""value"":""补门口三操作的输入、队列顺序、透明/隐藏差异、状态写回与路线辅助约束；列为静态调用链，真实门事件仍未证。""}]"	按各raw_id的root_adjudications及每条extensions.root_review保留前提、收窄和反例。多处定位共享根因，不按文件重复计数。	"[{""raw_id"":""RUN-C-051"",""report"":""agents/C/C-03/findings.json"",""value"":[""仅以固定来源静态复核修订与成对向量；不执行或修改参考"",""保留缺图、无运行、无真实Demo与插件组合未证边界；不把异常自动修成合理行为""]}]"	findings.json#GIR-FD82-C051
GIR-FD82-C052	P2	WP11;WP12	F04-01;F04-02	OPEN_NOT_EDITED_IN_THIS_REVIEW	边缘跨图只查目标全阻挡，未承接其与普通双向通行的差异	deliverables/final-specification-set/engine-overworld/wp11-map-topology-transfer.md;deliverables/final-specification-set/engine-overworld/wp12-terrain-movement-vehicles.md;specs/overworld/wp11-map-topology-transfer.md	"[{""raw_id"":""RUN-C-052"",""report"":""agents/C/C-03/findings.json"",""value"":""在边缘入口明确目标方向0、through/调试前提、全阻挡/事件检查与源格不查，补同图/跨图成对向量。""}]"	按各raw_id的root_adjudications及每条extensions.root_review保留前提、收窄和反例。多处定位共享根因，不按文件重复计数。	"[{""raw_id"":""RUN-C-052"",""report"":""agents/C/C-03/findings.json"",""value"":[""仅以固定来源静态复核修订与成对向量；不执行或修改参考"",""保留缺图、无运行、无真实Demo与插件组合未证边界；不把异常自动修成合理行为""]}]"	findings.json#GIR-FD82-C052
GIR-FD82-C053	P2	WP13	F04-04	OPEN_NOT_EDITED_IN_THIS_REVIEW	连续选择组的合并和选项变换未被命令矩阵承接	deliverables/final-specification-set/engine-overworld/wp13-interpreter-command-matrix.md;deliverables/final-specification-set/user-interface/wp17-messages-windows-input.md;specs/overworld/wp13-interpreter-command-matrix.md	"[{""raw_id"":""RUN-C-053"",""report"":""agents/C/C-03/findings.json"",""value"":""补同层合并判据、取消目标更新、一次性改名/隐藏与索引映射合同，给合并/隐藏/下次选择不继承变换三组向量；与WP17消息选择交界具名链接。""}]"	按各raw_id的root_adjudications及每条extensions.root_review保留前提、收窄和反例。多处定位共享根因，不按文件重复计数。	"[{""raw_id"":""RUN-C-053"",""report"":""agents/C/C-03/findings.json"",""value"":[""固定文本静态核对；不运行参考脚本"",""保留Demo事件不可达性未知""]}]"	findings.json#GIR-FD82-C053
GIR-FD82-C054	P2	WP12	F04-03	OPEN_NOT_EDITED_IN_THIS_REVIEW	换向先转身与75毫秒门遗漏上一帧已移动的直接移动分支	deliverables/final-specification-set/engine-overworld/wp12-terrain-movement-vehicles.md;specs/overworld/wp12-terrain-movement-vehicles.md	"[{""raw_id"":""RUN-C-054"",""report"":""agents/C/C-03/findings.json"",""value"":""把上一帧已移动、静止持续同向、静止换向三分支分列，补两个有/无前帧移动标记的成对输入向量。""}]"	按各raw_id的root_adjudications及每条extensions.root_review保留前提、收窄和反例。多处定位共享根因，不按文件重复计数。	"[{""raw_id"":""RUN-C-054"",""report"":""agents/C/C-03/findings.json"",""value"":[""仅按固定来源静态推导；无运行手感主张""]}]"	findings.json#GIR-FD82-C054
GIR-FD82-C055	P2	WP15	F05-02	OPEN_NOT_EDITED_IN_THIS_REVIEW	净化把音频三字段语法变成另一种两字段语法	deliverables/final-specification-set/engine-overworld/wp15-resource-matching-and-audio.md;deliverables/final-specification-set/test-catalog/engine-overworld-wp11-15-59-60.md;specs/overworld/wp15-resource-matching-and-audio.md	"[{""raw_id"":""RUN-C-055"",""report"":""agents/C/C-04/findings.json"",""value"":""恢复三字段语法并保留两字段的明确意义；另与 RUN-C-056 的播放包装区别。""},{""raw_id"":""RUN-D-004"",""report"":""agents/D/findings.json"",""value"":""给出可区分的完整格式或优先规则，并提供同时指定音量和音调及只给一个数的示例。""}]"	按各raw_id的root_adjudications及每条extensions.root_review保留前提、收窄和反例。多处定位共享根因，不按文件重复计数。	"[{""raw_id"":""RUN-C-055"",""report"":""agents/C/C-04/findings.json"",""value"":[""只读固定参考文本核对修订和成对向量，不执行或修改参考"",""保留 U01–U10、G01–G12、AX01–AX20、无运行/真实 Demo 及插件组合未证边界""]},{""raw_id"":""RUN-D-004"",""report"":""agents/D/findings.json"",""value"":""theme:80 及包含两数的合法字符串均有唯一解析结果；无需核验真实音频文件。""}]"	findings.json#GIR-FD82-C055
GIR-FD82-C056	P2	WP15;WP17	F05-02	OPEN_NOT_EDITED_IN_THIS_REVIEW	通用播放包装会覆盖字符串内的音量和音调	deliverables/final-specification-set/engine-overworld/wp15-resource-matching-and-audio.md	"[{""raw_id"":""RUN-C-056"",""report"":""agents/C/C-04/findings.json"",""value"":""分列独立语法解析、通用字符串播放、音频对象播放、消息控制播放的参数合并规则与对照向量。""}]"	按各raw_id的root_adjudications及每条extensions.root_review保留前提、收窄和反例。多处定位共享根因，不按文件重复计数。	"[{""raw_id"":""RUN-C-056"",""report"":""agents/C/C-04/findings.json"",""value"":[""只读固定参考文本核对修订和成对向量，不执行或修改参考"",""保留 U01–U10、G01–G12、AX01–AX20、无运行/真实 Demo 及插件组合未证边界""]}]"	findings.json#GIR-FD82-C056
GIR-FD82-C057	P2	WP15	F05-02	OPEN_NOT_EDITED_IN_THIS_REVIEW	暂停例外被错误扩大到播放登记	deliverables/final-specification-set/engine-overworld/wp15-resource-matching-and-audio.md;specs/overworld/wp15-resource-matching-and-audio.md	"[{""raw_id"":""RUN-C-057"",""report"":""agents/C/C-04/findings.json"",""value"":""把登记、位置、暂停标记、宿主请求分列；明确BGM/BGS零淡出暂停差异及恢复门。""}]"	按各raw_id的root_adjudications及每条extensions.root_review保留前提、收窄和反例。多处定位共享根因，不按文件重复计数。	"[{""raw_id"":""RUN-C-057"",""report"":""agents/C/C-04/findings.json"",""value"":[""只读固定参考文本核对修订和成对向量，不执行或修改参考"",""保留 U01–U10、G01–G12、AX01–AX20、无运行/真实 Demo 及插件组合未证边界""]}]"	findings.json#GIR-FD82-C057
GIR-FD82-C058	P2	WP15;WP65	F05-02	OPEN_NOT_EDITED_IN_THIS_REVIEW	音乐记忆并非独立的播放对象快照	deliverables/final-specification-set/engine-overworld/wp15-resource-matching-and-audio.md;deliverables/final-specification-set/user-interface/wp65-title-load-options-pause-and-pc.md;specs/ui/wp65-title-load-options-pause-and-pc.md	"[{""raw_id"":""RUN-C-058"",""report"":""agents/C/C-04/findings.json"",""value"":""用独立行为描述记忆记录可被当前登记的后续原位修改影响，保留247/音量更改/248序列向量；无需规定对象结构。""}]"	按各raw_id的root_adjudications及每条extensions.root_review保留前提、收窄和反例。多处定位共享根因，不按文件重复计数。	"[{""raw_id"":""RUN-C-058"",""report"":""agents/C/C-04/findings.json"",""value"":[""只读固定参考文本核对修订和成对向量，不执行或修改参考"",""保留 U01–U10、G01–G12、AX01–AX20、无运行/真实 Demo 及插件组合未证边界""]}]"	findings.json#GIR-FD82-C058
GIR-FD82-C059	P2	WP15	F05-02	OPEN_NOT_EDITED_IN_THIS_REVIEW	提示切曲遗漏覆盖目标、复用计时和到期取消门	deliverables/final-specification-set/engine-overworld/wp15-resource-matching-and-audio.md;deliverables/final-specification-set/test-catalog/engine-overworld-wp11-15-59-60.md	"[{""raw_id"":""RUN-C-059"",""report"":""agents/C/C-04/findings.json"",""value"":""补待播目标与计时的状态转换、到期条件及被占用后的清理；增加连续提示/中途播放两例。""}]"	按各raw_id的root_adjudications及每条extensions.root_review保留前提、收窄和反例。多处定位共享根因，不按文件重复计数。	"[{""raw_id"":""RUN-C-059"",""report"":""agents/C/C-04/findings.json"",""value"":[""只读固定参考文本核对修订和成对向量，不执行或修改参考"",""保留 U01–U10、G01–G12、AX01–AX20、无运行/真实 Demo 及插件组合未证边界""]}]"	findings.json#GIR-FD82-C059
GIR-FD82-C060	P2	WP15	F05-02	OPEN_NOT_EDITED_IN_THIS_REVIEW	叫声时长把内部负失败值与公开结果混为一谈	deliverables/final-specification-set/engine-overworld/wp15-resource-matching-and-audio.md	"[{""raw_id"":""RUN-C-060"",""report"":""agents/C/C-04/findings.json"",""value"":""分开格式解析内部失败、公开非负时长与叫声缩放/后缀回退；不要承诺未经宿主验证的MP3解码成功范围。""}]"	按各raw_id的root_adjudications及每条extensions.root_review保留前提、收窄和反例。多处定位共享根因，不按文件重复计数。	"[{""raw_id"":""RUN-C-060"",""report"":""agents/C/C-04/findings.json"",""value"":[""只读固定参考文本核对修订和成对向量，不执行或修改参考"",""保留 U01–U10、G01–G12、AX01–AX20、无运行/真实 Demo 及插件组合未证边界""]}]"	findings.json#GIR-FD82-C060
GIR-FD82-C061	P2	WP15;WP17	F05-01;F05-05	OPEN_NOT_EDITED_IN_THIS_REVIEW	动画位图、头像和内嵌图像的缺失路径仍被错误归一	deliverables/final-specification-set/engine-overworld/wp15-resource-matching-and-audio.md;deliverables/final-specification-set/user-interface/wp17-draw-text-tags.md;deliverables/final-specification-set/user-interface/wp17-messages-windows-input.md	"[{""raw_id"":""RUN-C-061"",""report"":""agents/C/C-04/findings.json"",""value"":""给出各真实入口的失败表，区分预解析失败、普通包装、帧图包装和直接位图加载；保留损坏文件细节/宿主输出未运行边界。""}]"	按各raw_id的root_adjudications及每条extensions.root_review保留前提、收窄和反例。多处定位共享根因，不按文件重复计数。	"[{""raw_id"":""RUN-C-061"",""report"":""agents/C/C-04/findings.json"",""value"":[""只读固定参考文本核对修订和成对向量，不执行或修改参考"",""保留 U01–U10、G01–G12、AX01–AX20、无运行/真实 Demo 及插件组合未证边界""]}]"	findings.json#GIR-FD82-C061
GIR-FD82-C062	P2	WP16	F05-03	OPEN_NOT_EDITED_IN_THIS_REVIEW	自动图块帧数把中间位图尺寸当成资源尺寸	deliverables/final-specification-set/engine-overworld/wp16-world-rendering-and-visual-transitions.md	"[{""raw_id"":""RUN-C-062"",""report"":""agents/C/C-04/findings.json"",""value"":""以源资源布局定义帧数和48图样映射，内部折列只作审计；补32高和128/192高资源对照；[0]动画周期还需显式失败边界。""}]"	按各raw_id的root_adjudications及每条extensions.root_review保留前提、收窄和反例。多处定位共享根因，不按文件重复计数。	"[{""raw_id"":""RUN-C-062"",""report"":""agents/C/C-04/findings.json"",""value"":[""只读固定参考文本核对修订和成对向量，不执行或修改参考"",""保留 U01–U10、G01–G12、AX01–AX20、无运行/真实 Demo 及插件组合未证边界""]}]"	findings.json#GIR-FD82-C062
GIR-FD82-C063	P2	WP16	F05-04	OPEN_NOT_EDITED_IN_THIS_REVIEW	图块角色的灌木路径不能按三段渐隐描述	deliverables/final-specification-set/engine-overworld/wp16-world-rendering-and-visual-transitions.md	"[{""raw_id"":""RUN-C-063"",""report"":""agents/C/C-04/findings.json"",""value"":""分别记录字符图正常渐隐与图块图越界复制异常；像素最终呈现仍标宿主未运行，不修参考。""}]"	按各raw_id的root_adjudications及每条extensions.root_review保留前提、收窄和反例。多处定位共享根因，不按文件重复计数。	"[{""raw_id"":""RUN-C-063"",""report"":""agents/C/C-04/findings.json"",""value"":[""只读固定参考文本核对修订和成对向量，不执行或修改参考"",""保留 U01–U10、G01–G12、AX01–AX20、无运行/真实 Demo 及插件组合未证边界""]}]"	findings.json#GIR-FD82-C063
GIR-FD82-C064	P2	WP16	F05-04	OPEN_NOT_EDITED_IN_THIS_REVIEW	冲浪基底被缩成上下水临时图形而漏掉潜水和持续显示	deliverables/final-specification-set/engine-overworld/wp16-world-rendering-and-visual-transitions.md	"[{""raw_id"":""RUN-C-064"",""report"":""agents/C/C-04/findings.json"",""value"":""按载具标记、临时坐标和父透明/不透明度分列生命周期与定位；保留优先序及透明异常。""}]"	按各raw_id的root_adjudications及每条extensions.root_review保留前提、收窄和反例。多处定位共享根因，不按文件重复计数。	"[{""raw_id"":""RUN-C-064"",""report"":""agents/C/C-04/findings.json"",""value"":[""只读固定参考文本核对修订和成对向量，不执行或修改参考"",""保留 U01–U10、G01–G12、AX01–AX20、无运行/真实 Demo 及插件组合未证边界""]}]"	findings.json#GIR-FD82-C064
GIR-FD82-C065	P2	WP16	F05-04	OPEN_NOT_EDITED_IN_THIS_REVIEW	反射的颜色、不透明度和默认摆动规则有误	deliverables/final-specification-set/engine-overworld/wp16-world-rendering-and-visual-transitions.md;deliverables/final-specification-set/test-catalog/engine-overworld-wp16.md	"[{""raw_id"":""RUN-C-065"",""report"":""agents/C/C-04/findings.json"",""value"":""明确父不透明度继承、普通叠加色、净变换及摆动周期/幅度与真实默认值；修正WR06的高度前提。""}]"	按各raw_id的root_adjudications及每条extensions.root_review保留前提、收窄和反例。多处定位共享根因，不按文件重复计数。	"[{""raw_id"":""RUN-C-065"",""report"":""agents/C/C-04/findings.json"",""value"":[""只读固定参考文本核对修订和成对向量，不执行或修改参考"",""保留 U01–U10、G01–G12、AX01–AX20、无运行/真实 Demo 及插件组合未证边界""]}]"	findings.json#GIR-FD82-C065
GIR-FD82-C066	P2	WP16	F05-04	OPEN_NOT_EDITED_IN_THIS_REVIEW	动态阴影已有创建链与确定失败分支却仍只列未穷尽	deliverables/final-specification-set/engine-overworld/wp16-world-rendering-and-visual-transitions.md	"[{""raw_id"":""RUN-C-066"",""report"":""agents/C/C-04/findings.json"",""value"":""提取注释条件/参数默认值/玩家与事件分支及失败时点，保留真实Demo可达性未证；不可自动修正参考形状错误。""}]"	按各raw_id的root_adjudications及每条extensions.root_review保留前提、收窄和反例。多处定位共享根因，不按文件重复计数。	"[{""raw_id"":""RUN-C-066"",""report"":""agents/C/C-04/findings.json"",""value"":[""只读固定参考文本核对修订和成对向量，不执行或修改参考"",""保留 U01–U10、G01–G12、AX01–AX20、无运行/真实 Demo 及插件组合未证边界""]}]"	findings.json#GIR-FD82-C066
GIR-FD82-C067	P2	WP13;WP16	F05-04	OPEN_NOT_EDITED_IN_THIS_REVIEW	零时长色调和雾透明度不会取消已有插值	deliverables/final-specification-set/engine-overworld/wp16-world-rendering-and-visual-transitions.md	"[{""raw_id"":""RUN-C-067"",""report"":""agents/C/C-04/findings.json"",""value"":""补零时长覆盖当前值但保留旧在途任务的状态规则及四入口对照；明确20单位/秒，保持异常而不修参考。""}]"	按各raw_id的root_adjudications及每条extensions.root_review保留前提、收窄和反例。多处定位共享根因，不按文件重复计数。	"[{""raw_id"":""RUN-C-067"",""report"":""agents/C/C-04/findings.json"",""value"":[""只读固定参考文本核对修订和成对向量，不执行或修改参考"",""保留 U01–U10、G01–G12、AX01–AX20、无运行/真实 Demo 及插件组合未证边界""]}]"	findings.json#GIR-FD82-C067
GIR-FD82-C068	P2	WP16	F05-04	OPEN_NOT_EDITED_IN_THIS_REVIEW	计时器并不在排序200的图片层	deliverables/final-specification-set/engine-overworld/wp16-world-rendering-and-visual-transitions.md	"[{""raw_id"":""RUN-C-068"",""report"":""agents/C/C-04/findings.json"",""value"":""分开图片与计时器的实际排序关系，同时保持呈现方式自由；补计时器与图片/闪烁并存场景。""}]"	按各raw_id的root_adjudications及每条extensions.root_review保留前提、收窄和反例。多处定位共享根因，不按文件重复计数。	"[{""raw_id"":""RUN-C-068"",""report"":""agents/C/C-04/findings.json"",""value"":[""只读固定参考文本核对修订和成对向量，不执行或修改参考"",""保留 U01–U10、G01–G12、AX01–AX20、无运行/真实 Demo 及插件组合未证边界""]}]"	findings.json#GIR-FD82-C068
GIR-FD82-C069	P2	WP16	F05-04	OPEN_NOT_EDITED_IN_THIS_REVIEW	通用具名转场未被世界规格或战前附表完整承接	deliverables/final-specification-set/engine-overworld/wp16-pre-battle-transitions.md;deliverables/final-specification-set/engine-overworld/wp16-world-rendering-and-visual-transitions.md	"[{""raw_id"":""RUN-C-069"",""report"":""agents/C/C-04/findings.json"",""value"":""补通用效果身份与可见行为类别、大小写/扩展名匹配、调用方时长及快照前置；不要求复制类层级、插值或逐像素图样。""}]"	按各raw_id的root_adjudications及每条extensions.root_review保留前提、收窄和反例。多处定位共享根因，不按文件重复计数。	"[{""raw_id"":""RUN-C-069"",""report"":""agents/C/C-04/findings.json"",""value"":[""只读固定参考文本核对修订和成对向量，不执行或修改参考"",""保留 U01–U10、G01–G12、AX01–AX20、无运行/真实 Demo 及插件组合未证边界""]}]"	findings.json#GIR-FD82-C069
GIR-FD82-C070	P2	WP17	F05-05	OPEN_NOT_EDITED_IN_THIS_REVIEW	默认消息溢出会自动暂停并逐行滚动	deliverables/final-specification-set/user-interface/wp17-messages-windows-input.md	"[{""raw_id"":""RUN-C-070"",""report"":""agents/C/C-04/findings.json"",""value"":""补可见行数、自动暂停插入点、确认后0.1秒行滚动与结束状态；与显式暂停和即时模式分开。""}]"	按各raw_id的root_adjudications及每条extensions.root_review保留前提、收窄和反例。多处定位共享根因，不按文件重复计数。	"[{""raw_id"":""RUN-C-070"",""report"":""agents/C/C-04/findings.json"",""value"":[""只读固定参考文本核对修订和成对向量，不执行或修改参考"",""保留 U01–U10、G01–G12、AX01–AX20、无运行/真实 Demo 及插件组合未证边界""]}]"	findings.json#GIR-FD82-C070
GIR-FD82-C071	P2	WP17	F05-05	OPEN_NOT_EDITED_IN_THIS_REVIEW	无符号数字输入对负值并非取绝对值	deliverables/final-specification-set/user-interface/wp17-messages-windows-input.md	"[{""raw_id"":""RUN-C-071"",""report"":""agents/C/C-04/findings.json"",""value"":""分列有符号/无符号数字窗赋值，补参数上下限共同归零的全负范围向量。""}]"	按各raw_id的root_adjudications及每条extensions.root_review保留前提、收窄和反例。多处定位共享根因，不按文件重复计数。	"[{""raw_id"":""RUN-C-071"",""report"":""agents/C/C-04/findings.json"",""value"":[""只读固定参考文本核对修订和成对向量，不执行或修改参考"",""保留 U01–U10、G01–G12、AX01–AX20、无运行/真实 Demo 及插件组合未证边界""]}]"	findings.json#GIR-FD82-C071
GIR-FD82-C072	P2	WP17	F05-06	OPEN_NOT_EDITED_IN_THIS_REVIEW	光标命名缺少导航、快捷确认定位和输入优先序	deliverables/final-specification-set/user-interface/wp17-messages-windows-input.md	"[{""raw_id"":""RUN-C-072"",""report"":""agents/C/C-04/findings.json"",""value"":""给字符区/控制行转移表、空列规则、ACTION语义与移动优先；保留具体字符集身份或兼容表而不设计窗口架构。""}]"	按各raw_id的root_adjudications及每条extensions.root_review保留前提、收窄和反例。多处定位共享根因，不按文件重复计数。	"[{""raw_id"":""RUN-C-072"",""report"":""agents/C/C-04/findings.json"",""value"":[""只读固定参考文本核对修订和成对向量，不执行或修改参考"",""保留 U01–U10、G01–G12、AX01–AX20、无运行/真实 Demo 及插件组合未证边界""]}]"	findings.json#GIR-FD82-C072
GIR-FD82-C073	P2	WP17	F05-06	OPEN_NOT_EDITED_IN_THIS_REVIEW	零长度上限在两种命名模式有不同出口	deliverables/final-specification-set/user-interface/wp17-messages-windows-input.md	"[{""raw_id"":""RUN-C-073"",""report"":""agents/C/C-04/findings.json"",""value"":""登记上限0/负数的入口前置与实际失败时点，或明确范围排除且不得声称等价；加双模式对照。""}]"	按各raw_id的root_adjudications及每条extensions.root_review保留前提、收窄和反例。多处定位共享根因，不按文件重复计数。	"[{""raw_id"":""RUN-C-073"",""report"":""agents/C/C-04/findings.json"",""value"":[""只读固定参考文本核对修订和成对向量，不执行或修改参考"",""保留 U01–U10、G01–G12、AX01–AX20、无运行/真实 Demo 及插件组合未证边界""]}]"	findings.json#GIR-FD82-C073
GIR-FD82-C074	P2	WP17	F05-05	OPEN_NOT_EDITED_IN_THIS_REVIEW	内嵌图像省略裁剪框时并非从整图原点开始	deliverables/final-specification-set/user-interface/wp17-draw-text-tags.md	"[{""raw_id"":""RUN-C-074"",""report"":""agents/C/C-04/findings.json"",""value"":""如实记默认源起点与宽高来源、显式矩形覆盖和越界部分宿主边界；加默认/显式对照，不修参考偏移。""}]"	按各raw_id的root_adjudications及每条extensions.root_review保留前提、收窄和反例。多处定位共享根因，不按文件重复计数。	"[{""raw_id"":""RUN-C-074"",""report"":""agents/C/C-04/findings.json"",""value"":[""只读固定参考文本核对修订和成对向量，不执行或修改参考"",""保留 U01–U10、G01–G12、AX01–AX20、无运行/真实 Demo 及插件组合未证边界""]}]"	findings.json#GIR-FD82-C074
GIR-FD82-C075	P2	WP17	F05-05	OPEN_NOT_EDITED_IN_THIS_REVIEW	实体转义存在依赖是否有识别标记的分支	deliverables/final-specification-set/user-interface/wp17-draw-text-tags.md	"[{""raw_id"":""RUN-C-075"",""report"":""agents/C/C-04/findings.json"",""value"":""补实体目录、解码顺序与入口/路径条件；用无标记、有无动作标记、消息包装三组对照。""}]"	按各raw_id的root_adjudications及每条extensions.root_review保留前提、收窄和反例。多处定位共享根因，不按文件重复计数。	"[{""raw_id"":""RUN-C-075"",""report"":""agents/C/C-04/findings.json"",""value"":[""只读固定参考文本核对修订和成对向量，不执行或修改参考"",""保留 U01–U10、G01–G12、AX01–AX20、无运行/真实 Demo 及插件组合未证边界""]}]"	findings.json#GIR-FD82-C075
GIR-FD82-C076	P2	WP17	F05-05	OPEN_NOT_EDITED_IN_THIS_REVIEW	玩家性别色与相反性别色被合写而无各自规则	deliverables/final-specification-set/user-interface/wp17-messages-windows-input.md	"[{""raw_id"":""RUN-C-076"",""report"":""agents/C/C-04/findings.json"",""value"":""分列两个标记与男/女/未知或无玩家的完整替换表，保留替换顺序及正文/阴影配色依赖。""}]"	按各raw_id的root_adjudications及每条extensions.root_review保留前提、收窄和反例。多处定位共享根因，不按文件重复计数。	"[{""raw_id"":""RUN-C-076"",""report"":""agents/C/C-04/findings.json"",""value"":[""只读固定参考文本核对修订和成对向量，不执行或修改参考"",""保留 U01–U10、G01–G12、AX01–AX20、无运行/真实 Demo 及插件组合未证边界""]}]"	findings.json#GIR-FD82-C076
GIR-FD82-C077	P2	WP16	F05-04	OPEN_NOT_EDITED_IN_THIS_REVIEW	世界角色动画只有入口概述而缺少独立播放合同	deliverables/final-specification-set/engine-overworld/wp16-world-rendering-and-visual-transitions.md	"[{""raw_id"":""RUN-C-077"",""report"":""agents/C/C-04/findings.json"",""value"":""补该来源家族的独立行为表与调用者边界，至少帧率/定位/单元语义/当前帧定时/并存和结束；循环异常可单列而不补造成正常循环。""}]"	按各raw_id的root_adjudications及每条extensions.root_review保留前提、收窄和反例。多处定位共享根因，不按文件重复计数。	"[{""raw_id"":""RUN-C-077"",""report"":""agents/C/C-04/findings.json"",""value"":[""只读固定参考文本核对修订和成对向量，不执行或修改参考"",""保留 U01–U10、G01–G12、AX01–AX20、无运行/真实 Demo 及插件组合未证边界""]}]"	findings.json#GIR-FD82-C077
GIR-FD82-C078	P2	WP16	F05-04	OPEN_NOT_EDITED_IN_THIS_REVIEW	震动力度0会在更新时失败而非产生零位移	deliverables/final-specification-set/engine-overworld/wp16-world-rendering-and-visual-transitions.md	"[{""raw_id"":""RUN-C-078"",""report"":""agents/C/C-04/findings.json"",""value"":""补力度0的实际失败与非零前置，零时长/零速度分开；不把参考自动修成无操作。""}]"	按各raw_id的root_adjudications及每条extensions.root_review保留前提、收窄和反例。多处定位共享根因，不按文件重复计数。	"[{""raw_id"":""RUN-C-078"",""report"":""agents/C/C-04/findings.json"",""value"":[""只读固定参考文本核对修订和成对向量，不执行或修改参考"",""保留 U01–U10、G01–G12、AX01–AX20、无运行/真实 Demo 及插件组合未证边界""]}]"	findings.json#GIR-FD82-C078
GIR-FD82-C079	P2	WP36	F10-01;F10-02	OPEN_NOT_EDITED_IN_THIS_REVIEW	等级修正的特性身份与参考登记不一致	deliverables/final-specification-set/creature-rpg/wp36-wild-encounters-and-modifiers.md;specs/creature-rpg/wp36-wild-encounters-and-modifiers.md	"[{""raw_id"":""RUN-C-079"",""report"":""agents/C/C-05/findings.json"",""value"":""用准确内容ID明确三项；中文名与ID一致，补HUSTLE/GUTS负对照，不要求复制源分支结构。""}]"	按各raw_id的root_adjudications及每条extensions.root_review保留前提、收窄和反例。多处定位共享根因，不按文件重复计数。	"[{""raw_id"":""RUN-C-079"",""report"":""agents/C/C-05/findings.json"",""value"":[""只读固定参考文本核对修订及成对向量，不执行或修改参考"",""保持U01–U10/G01–G12/AX01–AX20及无运行/真实Demo/宿主与插件组合未证边界""]}]"	findings.json#GIR-FD82-C079
GIR-FD82-C080	P2	WP36	F10-01;F10-02	OPEN_NOT_EDITED_IN_THIS_REVIEW	遭遇专用解析遗漏重复类型覆盖及数值接受边界	deliverables/final-specification-set/creature-rpg/wp36-wild-encounters-and-modifiers.md;deliverables/final-specification-set/generic-kernel/wp03-content-identity-and-schema.md;specs/creature-rpg/wp36-wild-encounters-and-modifiers.md	"[{""raw_id"":""RUN-C-080"",""report"":""agents/C/C-05/findings.json"",""value"":""补该专用语法的段头/概率转换、重复类型替换、正值下限及对照；保留地图×版本重复节仍拒绝。""}]"	按各raw_id的root_adjudications及每条extensions.root_review保留前提、收窄和反例。多处定位共享根因，不按文件重复计数。	"[{""raw_id"":""RUN-C-080"",""report"":""agents/C/C-05/findings.json"",""value"":[""只读固定参考文本核对修订及成对向量，不执行或修改参考"",""保持U01–U10/G01–G12/AX01–AX20及无运行/真实Demo/宿主与插件组合未证边界""]}]"	findings.json#GIR-FD82-C080
GIR-FD82-C081	P2	WP36	F10-01;F10-02	OPEN_NOT_EDITED_IN_THIS_REVIEW	迈步计数把回绕写成钳制	deliverables/final-specification-set/creature-rpg/wp36-wild-encounters-and-modifiers.md;deliverables/final-specification-set/generic-kernel/wp06-time-random-steps-stats.md;specs/creature-rpg/wp36-wild-encounters-and-modifiers.md	"[{""raw_id"":""RUN-C-081"",""report"":""agents/C/C-05/findings.json"",""value"":""改为非负31位回绕并给上界向量，或精确引用WP06；不用源按位赋值写法作为架构模板。""}]"	按各raw_id的root_adjudications及每条extensions.root_review保留前提、收窄和反例。多处定位共享根因，不按文件重复计数。	"[{""raw_id"":""RUN-C-081"",""report"":""agents/C/C-05/findings.json"",""value"":[""只读固定参考文本核对修订及成对向量，不执行或修改参考"",""保持U01–U10/G01–G12/AX01–AX20及无运行/真实Demo/宿主与插件组合未证边界""]}]"	findings.json#GIR-FD82-C081
GIR-FD82-C082	P2	WP36	F10-01;F10-02	OPEN_NOT_EDITED_IN_THIS_REVIEW	普通遭遇机会的陆地表口径遗漏捕虫表	deliverables/final-specification-set/creature-rpg/wp36-wild-encounters-and-modifiers.md;deliverables/final-specification-set/test-catalog/creature-rpg-wp35-36-57-64-68.md	"[{""raw_id"":""RUN-C-082"",""report"":""agents/C/C-05/findings.json"",""value"":""分清普通陆地汇总含contest与雷达正常陆地查询；收紧无表测试前提，分别列机会值和最终是否触发。""}]"	按各raw_id的root_adjudications及每条extensions.root_review保留前提、收窄和反例。多处定位共享根因，不按文件重复计数。	"[{""raw_id"":""RUN-C-082"",""report"":""agents/C/C-05/findings.json"",""value"":[""只读固定参考文本核对修订及成对向量，不执行或修改参考"",""保持U01–U10/G01–G12/AX01–AX20及无运行/真实Demo/宿主与插件组合未证边界""]}]"	findings.json#GIR-FD82-C082
GIR-FD82-C083	P2	WP36;WP77	F10-01;F10-02;F18-06	OPEN_NOT_EDITED_IN_THIS_REVIEW	队伍平衡等级只有名称，没有可计算的规则	deliverables/final-specification-set/creature-rpg/wp36-wild-encounters-and-modifiers.md;deliverables/final-specification-set/demo-dx/wp77-demo-evidence-and-capability-coverage.md	"[{""raw_id"":""RUN-C-083"",""report"":""agents/C/C-05/findings.json"",""value"":""为平衡等级建立独立数学合同：输入集合、标准差、权重边界、归一、取整、加2、最大值与空输入；WP36/WP77引用同一处。""}]"	按各raw_id的root_adjudications及每条extensions.root_review保留前提、收窄和反例。多处定位共享根因，不按文件重复计数。	"[{""raw_id"":""RUN-C-083"",""report"":""agents/C/C-05/findings.json"",""value"":[""只读固定参考文本核对修订及成对向量，不执行或修改参考"",""保持U01–U10/G01–G12/AX01–AX20及无运行/真实Demo/宿主与插件组合未证边界""]}]"	findings.json#GIR-FD82-C083
GIR-FD82-C084	P2	WP36;WP37	F10-01;F10-02;F10-03;F10-04	OPEN_NOT_EDITED_IN_THIS_REVIEW	漫游公开链遗漏临时个体生成及其副作用	deliverables/final-specification-set/pokemon-rules/wp37-roaming-and-poke-radar.md;specs/pokemon-rules/wp37-roaming-and-poke-radar.md	"[{""raw_id"":""RUN-C-084"",""report"":""agents/C/C-05/findings.json"",""value"":""区分公开包装的临时生成、持续对象首次生成/复用、通知参数来源；记录正常链通知次数及副作用，不强制对象架构。""}]"	按各raw_id的root_adjudications及每条extensions.root_review保留前提、收窄和反例。多处定位共享根因，不按文件重复计数。	"[{""raw_id"":""RUN-C-084"",""report"":""agents/C/C-05/findings.json"",""value"":[""只读固定参考文本核对修订及成对向量，不执行或修改参考"",""保持U01–U10/G01–G12/AX01–AX20及无运行/真实Demo/宿主与插件组合未证边界""]}]"	findings.json#GIR-FD82-C084
GIR-FD82-C085	P2	WP37	F10-03;F10-04	OPEN_NOT_EDITED_IN_THIS_REVIEW	漫游覆盖许可遗漏暂态下标存在门	deliverables/final-specification-set/pokemon-rules/wp37-roaming-and-poke-radar.md;review/wp37-delivery-2026-10-02/revision-v3/entry-coverage-table.md	"[{""raw_id"":""RUN-C-085"",""report"":""agents/C/C-05/findings.json"",""value"":""显式并列待用选择和暂态下标两门，并给非空/空交叉对照；保留两字段持久边界。""}]"	按各raw_id的root_adjudications及每条extensions.root_review保留前提、收窄和反例。多处定位共享根因，不按文件重复计数。	"[{""raw_id"":""RUN-C-085"",""report"":""agents/C/C-05/findings.json"",""value"":[""只读固定参考文本核对修订及成对向量，不执行或修改参考"",""保持U01–U10/G01–G12/AX01–AX20及无运行/真实Demo/宿主与插件组合未证边界""]}]"	findings.json#GIR-FD82-C085
GIR-FD82-C086	P2	WP59	F14-01;F14-02	OPEN_NOT_EDITED_IN_THIS_REVIEW	独立上浮入口被并入DIVE，丢失返回和音乐差异	deliverables/final-specification-set/engine-overworld/wp59-world-time-weather-field-moves.md;specs/overworld/wp59-world-time-weather-field-moves.md	"[{""raw_id"":""RUN-C-086"",""report"":""agents/C/C-05/findings.json"",""value"":""为直接上浮补独立资格/前期无值/取消false/成功true、反向首匹配、坐标方向、旗标、音乐和统计对照。""}]"	按各raw_id的root_adjudications及每条extensions.root_review保留前提、收窄和反例。多处定位共享根因，不按文件重复计数。	"[{""raw_id"":""RUN-C-086"",""report"":""agents/C/C-05/findings.json"",""value"":[""只读固定参考文本核对修订及成对向量，不执行或修改参考"",""保持U01–U10/G01–G12/AX01–AX20及无运行/真实Demo/宿主与插件组合未证边界""]}]"	findings.json#GIR-FD82-C086
GIR-FD82-C087	P2	WP59	F14-01;F14-02	OPEN_NOT_EDITED_IN_THIS_REVIEW	力量交互把strengthboulder标记缩短为boulder	deliverables/final-specification-set/engine-overworld/wp59-world-time-weather-field-moves.md;specs/overworld/wp59-world-time-weather-field-moves.md	"[{""raw_id"":""RUN-C-087"",""report"":""agents/C/C-05/findings.json"",""value"":""保留四类兼容识别串及大小写/包含语义，分别与普通领域名称分开。""}]"	按各raw_id的root_adjudications及每条extensions.root_review保留前提、收窄和反例。多处定位共享根因，不按文件重复计数。	"[{""raw_id"":""RUN-C-087"",""report"":""agents/C/C-05/findings.json"",""value"":[""只读固定参考文本核对修订及成对向量，不执行或修改参考"",""保持U01–U10/G01–G12/AX01–AX20及无运行/真实Demo/宿主与插件组合未证边界""]}]"	findings.json#GIR-FD82-C087
GIR-FD82-C088	P2	WP59	F14-01;F14-02	OPEN_NOT_EDITED_IN_THIS_REVIEW	旅行能力缺少落位方向与坐标保留规则	deliverables/final-specification-set/engine-overworld/wp59-world-time-weather-field-moves.md	"[{""raw_id"":""RUN-C-088"",""report"":""agents/C/C-05/findings.json"",""value"":""补每族坐标/面向的来源、固定方向及完成顺序；引用通用传送的取模/转向规则，不重复实现结构。""}]"	按各raw_id的root_adjudications及每条extensions.root_review保留前提、收窄和反例。多处定位共享根因，不按文件重复计数。	"[{""raw_id"":""RUN-C-088"",""report"":""agents/C/C-05/findings.json"",""value"":[""只读固定参考文本核对修订及成对向量，不执行或修改参考"",""保持U01–U10/G01–G12/AX01–AX20及无运行/真实Demo/宿主与插件组合未证边界""]}]"	findings.json#GIR-FD82-C088
GIR-FD82-C089	P2	WP59	F14-01;F14-02	OPEN_NOT_EDITED_IN_THIS_REVIEW	通用场地招式演出未形成行为合同	deliverables/final-specification-set/engine-overworld/wp59-world-time-weather-field-moves.md	"[{""raw_id"":""RUN-C-089"",""report"":""agents/C/C-05/findings.json"",""value"":""补共享演出的五阶段、方向、叫声时点、正常完成与无个体返回、更新机会、资源缺失未证边界；媒体名字仅作兼容数据。""}]"	按各raw_id的root_adjudications及每条extensions.root_review保留前提、收窄和反例。多处定位共享根因，不按文件重复计数。	"[{""raw_id"":""RUN-C-089"",""report"":""agents/C/C-05/findings.json"",""value"":[""只读固定参考文本核对修订及成对向量，不执行或修改参考"",""保持U01–U10/G01–G12/AX01–AX20及无运行/真实Demo/宿主与插件组合未证边界""]}]"	findings.json#GIR-FD82-C089
GIR-FD82-C091	P2	WP59	F14-01;F14-02	OPEN_NOT_EDITED_IN_THIS_REVIEW	星期/月/季节辅助遗漏候选集合与布尔结果	deliverables/final-specification-set/engine-overworld/wp59-world-time-weather-field-moves.md;specs/overworld/wp59-world-time-weather-field-moves.md	"[{""raw_id"":""RUN-C-091"",""report"":""agents/C/C-05/findings.json"",""value"":""用集合匹配描述三个查询的输入、布尔输出、变量副作用及不匹配/空候选/不写变量对照，不要求保留源函数接口。""}]"	按各raw_id的root_adjudications及每条extensions.root_review保留前提、收窄和反例。多处定位共享根因，不按文件重复计数。	"[{""raw_id"":""RUN-C-091"",""report"":""agents/C/C-05/findings.json"",""value"":[""只读固定参考文本核对修订及成对向量，不执行或修改参考"",""保持U01–U10/G01–G12/AX01–AX20及无运行/真实Demo/宿主与插件组合未证边界""]}]"	findings.json#GIR-FD82-C091
GIR-FD82-C092	P2	WP59	F14-01;F14-02	OPEN_NOT_EDITED_IN_THIS_REVIEW	雨类水花索引基准及显示周期未完整定义	deliverables/final-specification-set/engine-overworld/wp59-world-time-weather-field-moves.md;specs/overworld/wp59-world-time-weather-field-moves.md	"[{""raw_id"":""RUN-C-092"",""report"":""agents/C/C-05/findings.json"",""value"":""明确从0起的奇数索引或等价的一起点偶数序号；分开寿命/可见阶段与静止位置，用成对索引和时间向量验证。""}]"	雨类水花奇偶基准、离散寿命和静止位置缺口成立；“仅最后0.2秒可见”只适用于正常更新，必须排除重置当次。重置时opacity255并返回，普通更新剩余0.30时0、0.19时255；未实测屏幕帧。	"[{""raw_id"":""RUN-C-092"",""report"":""agents/C/C-05/findings.json"",""value"":[""只读固定参考文本核对修订及成对向量，不执行或修改参考"",""保持U01–U10/G01–G12/AX01–AX20及无运行/真实Demo/宿主与插件组合未证边界""]}]"	findings.json#GIR-FD82-C092
GIR-FD82-C093	P2	WP59	F14-01;F14-02	OPEN_NOT_EDITED_IN_THIS_REVIEW	天气目录未交付速度/色调数据，Storm图形关系还被写错	deliverables/final-specification-set/engine-overworld/wp16-world-rendering-and-visual-transitions.md;deliverables/final-specification-set/engine-overworld/wp59-world-time-weather-field-moves.md;specs/overworld/wp59-world-time-weather-field-moves.md	"[{""raw_id"":""RUN-C-093"",""report"":""agents/C/C-05/findings.json"",""value"":""提供各天气的独立数据表和特殊更新规则，区分Rain/Storm资源身份与HeavyRain复用，保留真实素材/帧结果未证。固定渐变阶段已有WP16条款，可准确引用而不重复遗漏。""}]"	按各raw_id的root_adjudications及每条extensions.root_review保留前提、收窄和反例。多处定位共享根因，不按文件重复计数。	"[{""raw_id"":""RUN-C-093"",""report"":""agents/C/C-05/findings.json"",""value"":[""只读固定参考文本核对修订及成对向量，不执行或修改参考"",""保持U01–U10/G01–G12/AX01–AX20及无运行/真实Demo/宿主与插件组合未证边界""]}]"	findings.json#GIR-FD82-C093
GIR-FD82-C094	P2	WP59	F14-01;F14-02	OPEN_NOT_EDITED_IN_THIS_REVIEW	进入地图的立即天气设置未接回连接跨界的渐变标志	deliverables/final-specification-set/engine-overworld/wp11-map-topology-transfer.md;deliverables/final-specification-set/engine-overworld/wp59-world-time-weather-field-moves.md;deliverables/final-specification-set/test-catalog/engine-overworld-wp11-15-59-60.md;specs/overworld/wp11-map-topology-transfer.md;specs/overworld/wp59-world-time-weather-field-moves.md	"[{""raw_id"":""RUN-C-094"",""report"":""agents/C/C-05/findings.json"",""value"":""分列进入通知意图写入与调用者后写入，给连接跨界/显式传送的最终时长及无在途/在途对照；与WP11的20值同步。""}]"	按各raw_id的root_adjudications及每条extensions.root_review保留前提、收窄和反例。多处定位共享根因，不按文件重复计数。	"[{""raw_id"":""RUN-C-094"",""report"":""agents/C/C-05/findings.json"",""value"":[""只读固定参考文本核对修订及成对向量，不执行或修改参考"",""保持U01–U10/G01–G12/AX01–AX20及无运行/真实Demo/宿主与插件组合未证边界""]}]"	findings.json#GIR-FD82-C094
GIR-FD82-C095	P2	WP59	F14-01;F14-02	OPEN_NOT_EDITED_IN_THIS_REVIEW	攀瀑效果未给向上门与成功返回但不移动的结果	deliverables/final-specification-set/engine-overworld/wp12-terrain-movement-vehicles.md;deliverables/final-specification-set/engine-overworld/wp59-world-time-weather-field-moves.md	"[{""raw_id"":""RUN-C-095"",""report"":""agents/C/C-05/findings.json"",""value"":""补启用阶段的精确门与三入口对照；引用WP12已覆盖的步后清理，不把它重复列作缺口。""}]"	按各raw_id的root_adjudications及每条extensions.root_review保留前提、收窄和反例。多处定位共享根因，不按文件重复计数。	"[{""raw_id"":""RUN-C-095"",""report"":""agents/C/C-05/findings.json"",""value"":[""只读固定参考文本核对修订及成对向量，不执行或修改参考"",""保持U01–U10/G01–G12/AX01–AX20及无运行/真实Demo/宿主与插件组合未证边界""]}]"	findings.json#GIR-FD82-C095
GIR-FD82-C096	P2	WP36	F10-01;F10-02	OPEN_NOT_EDITED_IN_THIS_REVIEW	相同遭遇版本写入不会重装表或清步数	deliverables/final-specification-set/creature-rpg/wp36-wild-encounters-and-modifiers.md;specs/creature-rpg/wp36-wild-encounters-and-modifiers.md	"[{""raw_id"":""RUN-C-096"",""report"":""agents/C/C-05/findings.json"",""value"":""把写入、值变化、必要上下文存在分开；加同值/异值对照，并保持累加器保留的既有规则。""}]"	按各raw_id的root_adjudications及每条extensions.root_review保留前提、收窄和反例。多处定位共享根因，不按文件重复计数。	"[{""raw_id"":""RUN-C-096"",""report"":""agents/C/C-05/findings.json"",""value"":[""只读固定参考文本核对修订及成对向量，不执行或修改参考"",""保持U01–U10/G01–G12/AX01–AX20及无运行/真实Demo/宿主与插件组合未证边界""]}]"	findings.json#GIR-FD82-C096
GIR-FD82-C097	P2	WP59	F14-01;F14-02	OPEN_NOT_EDITED_IN_THIS_REVIEW	逃生点只被当作既有输入，创建及洞窟边界未提取	deliverables/final-specification-set/engine-overworld/wp59-world-time-weather-field-moves.md	"[{""raw_id"":""RUN-C-097"",""report"":""agents/C/C-05/findings.json"",""value"":""提取创建/清除入口与四方向向量、洞窟前后顺序和DIG/逃脱绳消费交界；Demo可达性继续保留未知。""}]"	按各raw_id的root_adjudications及每条extensions.root_review保留前提、收窄和反例。多处定位共享根因，不按文件重复计数。	"[{""raw_id"":""RUN-C-097"",""report"":""agents/C/C-05/findings.json"",""value"":[""只读固定参考文本核对修订及成对向量，不执行或修改参考"",""保持U01–U10/G01–G12/AX01–AX20及无运行/真实Demo/宿主与插件组合未证边界""]}]"	findings.json#GIR-FD82-C097
GIR-FD82-C098	P2	WP60	F14-04	OPEN_NOT_EDITED_IN_THIS_REVIEW	鱼竿资格把当前格出向通行写成面向格通行	deliverables/final-specification-set/engine-overworld/wp60-fishing.md;deliverables/final-specification-set/test-catalog/engine-overworld-wp11-15-59-60.md;specs/overworld/wp60-fishing.md	"[{""raw_id"":""RUN-C-098"",""report"":""agents/C/C-06/findings.json"",""value"":""把门写为当前位置按面向的通行许可，保留面向地形单独判定和冲浪豁免；补源/目标许可相反的两例。""}]"	按各raw_id的root_adjudications及每条extensions.root_review保留前提、收窄和反例。多处定位共享根因，不按文件重复计数。	"[{""raw_id"":""RUN-C-098"",""report"":""agents/C/C-06/findings.json"",""value"":[""只读固定参考与修订文字，核对边界和成对向量；不执行或修改参考"",""保持U01–U10/G01–G12/AX01–AX20及无运行/真实Demo/宿主与插件组合未证边界""]}]"	findings.json#GIR-FD82-C098
GIR-FD82-C099	P2	WP60	F14-04	OPEN_NOT_EDITED_IN_THIS_REVIEW	收竿窗口未定义期限相等及同轮输入优先级	deliverables/final-specification-set/engine-overworld/wp60-fishing.md;deliverables/final-specification-set/test-catalog/engine-overworld-wp11-15-59-60.md;specs/overworld/wp60-fishing.md	"[{""raw_id"":""RUN-C-099"",""report"":""agents/C/C-06/findings.json"",""value"":""给出严格比较和输入先于超时的优先级，补相等、超期同轮有/无输入三个静态向量。""}]"	按各raw_id的root_adjudications及每条extensions.root_review保留前提、收窄和反例。多处定位共享根因，不按文件重复计数。	"[{""raw_id"":""RUN-C-099"",""report"":""agents/C/C-06/findings.json"",""value"":[""只读固定参考与修订文字，核对边界和成对向量；不执行或修改参考"",""保持U01–U10/G01–G12/AX01–AX20及无运行/真实Demo/宿主与插件组合未证边界""]}]"	findings.json#GIR-FD82-C099
GIR-FD82-C100	P2	WP60	F14-03	OPEN_NOT_EDITED_IN_THIS_REVIEW	覆盖物修正并不限于新机制植物	deliverables/final-specification-set/pokemon-rules/wp60-berry-plants.md;specs/pokemon-rules/wp60-berry-plants.md	"[{""raw_id"":""RUN-C-100"",""report"":""agents/C/C-06/findings.json"",""value"":""将界面施肥许可和数据结算适用范围分开；领域修正按覆盖物身份生效，不额外加机制门；补旧对象直接更新对照。""}]"	按各raw_id的root_adjudications及每条extensions.root_review保留前提、收窄和反例。多处定位共享根因，不按文件重复计数。	"[{""raw_id"":""RUN-C-100"",""report"":""agents/C/C-06/findings.json"",""value"":[""只读固定参考与修订文字，核对边界和成对向量；不执行或修改参考"",""保持U01–U10/G01–G12/AX01–AX20及无运行/真实Demo/宿主与插件组合未证边界""]}]"	findings.json#GIR-FD82-C100
GIR-FD82-C101	P2	WP60	F14-03	OPEN_NOT_EDITED_IN_THIS_REVIEW	浇水反馈被写成新旧文案各显示一次	deliverables/final-specification-set/pokemon-rules/wp60-berry-plants.md;specs/pokemon-rules/wp60-berry-plants.md	"[{""raw_id"":""RUN-C-101"",""report"":""agents/C/C-06/findings.json"",""value"":""明确公共首条＋按当前配置二选一的次条；状态双写单独描述，补配置新/旧对照。""}]"	按各raw_id的root_adjudications及每条extensions.root_review保留前提、收窄和反例。多处定位共享根因，不按文件重复计数。	"[{""raw_id"":""RUN-C-101"",""report"":""agents/C/C-06/findings.json"",""value"":[""只读固定参考与修订文字，核对边界和成对向量；不执行或修改参考"",""保持U01–U10/G01–G12/AX01–AX20及无运行/真实Demo/宿主与插件组合未证边界""]}]"	findings.json#GIR-FD82-C101
GIR-FD82-C102	P2	WP60	F14-03	OPEN_NOT_EDITED_IN_THIS_REVIEW	树果闪光门遗漏成熟瞬间与重植回退	deliverables/final-specification-set/pokemon-rules/wp60-berry-plants.md;specs/pokemon-rules/wp60-berry-plants.md	"[{""raw_id"":""RUN-C-102"",""report"":""agents/C/C-06/findings.json"",""value"":""独立列出闪光的四个条件及4→5、8→2、0→1对照，不复制实现结构。""}]"	成熟/生长闪光要求新阶段非零、阶段变化、旧阶段>0、新阶段<=5以及新机制条件；1→0清除不闪光。B第二审查收窄的非零门优先于原始宽泛描述。	"[{""raw_id"":""RUN-C-102"",""report"":""agents/C/C-06/findings.json"",""value"":[""只读固定参考与修订文字，核对边界和成对向量；不执行或修改参考"",""保持U01–U10/G01–G12/AX01–AX20及无运行/真实Demo/宿主与插件组合未证边界""]}]"	findings.json#GIR-FD82-C102
GIR-FD82-C103	P2	WP61	F14-05	OPEN_NOT_EDITED_IN_THIS_REVIEW	煤灰草擦除不受玩家持袋门限制	deliverables/final-specification-set/creature-rpg/wp24-player-trainers-partners.md;deliverables/final-specification-set/pokemon-rules/wp61-field-passive-effects-and-blackout.md;specs/pokemon-rules/wp61-field-passive-effects-and-blackout.md	"[{""raw_id"":""RUN-C-103"",""report"":""agents/C/C-06/findings.json"",""value"":""补扫描层优先级、总会擦除与条件性获量分开，给NPC/无袋/上限/多层对照；不把已列统计名当成完成合同。""}]"	按各raw_id的root_adjudications及每条extensions.root_review保留前提、收窄和反例。多处定位共享根因，不按文件重复计数。	"[{""raw_id"":""RUN-C-103"",""report"":""agents/C/C-06/findings.json"",""value"":[""只读固定参考与修订文字，核对边界和成对向量；不执行或修改参考"",""保持U01–U10/G01–G12/AX01–AX20及无运行/真实Demo/宿主与插件组合未证边界""]}]"	findings.json#GIR-FD82-C103
GIR-FD82-C104	P2	WP61	F14-05	OPEN_NOT_EDITED_IN_THIS_REVIEW	强制路线玩家一步会发两次通用迈步通知	deliverables/final-specification-set/pokemon-rules/wp61-field-passive-effects-and-blackout.md;deliverables/final-specification-set/test-catalog/pokemon-rules-wp53-60-61-62-69-70.md;specs/pokemon-rules/wp61-field-passive-effects-and-blackout.md	"[{""raw_id"":""RUN-C-104"",""report"":""agents/C/C-06/findings.json"",""value"":""补普通玩家/强制路线玩家/NPC的真实通知次数与时间点；保留不计全局步数的已正确部分，并给两层地块向量。""}]"	按各raw_id的root_adjudications及每条extensions.root_review保留前提、收窄和反例。多处定位共享根因，不按文件重复计数。	"[{""raw_id"":""RUN-C-104"",""report"":""agents/C/C-06/findings.json"",""value"":[""只读固定参考与修订文字，核对边界和成对向量；不执行或修改参考"",""保持U01–U10/G01–G12/AX01–AX20及无运行/真实Demo/宿主与插件组合未证边界""]}]"	findings.json#GIR-FD82-C104
GIR-FD82-C105	P2	WP61	F14-05	OPEN_NOT_EDITED_IN_THIS_REVIEW	低电量警告缺少抑制门与一次性锁存合同	deliverables/final-specification-set/pokemon-rules/wp61-field-passive-effects-and-blackout.md;specs/pokemon-rules/wp61-field-passive-effects-and-blackout.md	"[{""raw_id"":""RUN-C-105"",""report"":""agents/C/C-06/findings.json"",""value"":""补全部抑制门、先锁存再消息、暂态生命周期及三段序列测试；宿主电量数据是否可信仍保留未验证。""}]"	按各raw_id的root_adjudications及每条extensions.root_review保留前提、收窄和反例。多处定位共享根因，不按文件重复计数。	"[{""raw_id"":""RUN-C-105"",""report"":""agents/C/C-06/findings.json"",""value"":[""只读固定参考与修订文字，核对边界和成对向量；不执行或修改参考"",""保持U01–U10/G01–G12/AX01–AX20及无运行/真实Demo/宿主与插件组合未证边界""]}]"	findings.json#GIR-FD82-C105
GIR-FD82-C106	P2	WP61	F14-05	OPEN_NOT_EDITED_IN_THIS_REVIEW	洞穴演出只列素材未决，缺静态行为合同	deliverables/final-specification-set/engine-overworld/wp16-world-rendering-and-visual-transitions.md;deliverables/final-specification-set/pokemon-rules/wp61-field-passive-effects-and-blackout.md;specs/pokemon-rules/wp61-field-passive-effects-and-blackout.md	"[{""raw_id"":""RUN-C-106"",""report"":""agents/C/C-06/findings.json"",""value"":""补进入/退出两条独立时间线、15层几何/灰阶规则、色调恢复请求与更新范围；媒体实测仍保留未决。""}]"	按各raw_id的root_adjudications及每条extensions.root_review保留前提、收窄和反例。多处定位共享根因，不按文件重复计数。	"[{""raw_id"":""RUN-C-106"",""report"":""agents/C/C-06/findings.json"",""value"":[""只读固定参考与修订文字，核对边界和成对向量；不执行或修改参考"",""保持U01–U10/G01–G12/AX01–AX20及无运行/真实Demo/宿主与插件组合未证边界""]}]"	findings.json#GIR-FD82-C106
GIR-FD82-C107	P2	WP63	F15-03	OPEN_NOT_EDITED_IN_THIS_REVIEW	电话普通注册在文本类型输入下先新增再失败	deliverables/final-specification-set/user-interface/wp63-pokegear-map-music-and-phone.md;specs/ui/wp63-pokegear-map-music-and-phone.md	"[{""raw_id"":""RUN-C-107"",""report"":""agents/C/C-06/findings.json"",""value"":""分开身份规范化和反馈查找；补文本/规范标识、普通/静默四对照及失败后联系人已新增的状态。""}]"	按各raw_id的root_adjudications及每条extensions.root_review保留前提、收窄和反例。多处定位共享根因，不按文件重复计数。	"[{""raw_id"":""RUN-C-107"",""report"":""agents/C/C-06/findings.json"",""value"":[""只读固定参考与修订文字，核对边界和成对向量；不执行或修改参考"",""保持U01–U10/G01–G12/AX01–AX20及无运行/真实Demo/宿主与插件组合未证边界""]}]"	findings.json#GIR-FD82-C107
GIR-FD82-C108	P2	WP63	F15-03	OPEN_NOT_EDITED_IN_THIS_REVIEW	NPC电话的零公共事件ID会走错误的训练家对话路径	deliverables/final-specification-set/user-interface/wp63-pokegear-map-music-and-phone.md;specs/ui/wp63-pokegear-map-music-and-phone.md	"[{""raw_id"":""RUN-C-108"",""report"":""agents/C/C-06/findings.json"",""value"":""明确正ID分派、零/缺省ID的异常及已写联系人仍保留；补0、正且存在、正且缺失三例，不凭空修复参考。""}]"	按各raw_id的root_adjudications及每条extensions.root_review保留前提、收窄和反例。多处定位共享根因，不按文件重复计数。	"[{""raw_id"":""RUN-C-108"",""report"":""agents/C/C-06/findings.json"",""value"":[""只读固定参考与修订文字，核对边界和成对向量；不执行或修改参考"",""保持U01–U10/G01–G12/AX01–AX20及无运行/真实Demo/宿主与插件组合未证边界""]}]"	findings.json#GIR-FD82-C108
GIR-FD82-C109	P2	WP63	F15-02	OPEN_NOT_EDITED_IN_THIS_REVIEW	未知区域参数被过度概括为严格抛错	deliverables/final-specification-set/test-catalog/user-interface-wp17-63-65-66-67-68-69-70-71.md;deliverables/final-specification-set/user-interface/wp63-pokegear-map-music-and-phone.md;specs/ui/wp63-pokegear-map-music-and-phone.md	"[{""raw_id"":""RUN-C-109"",""report"":""agents/C/C-06/findings.json"",""value"":""收窄错误命题，补未知指定参数回当前位置、当前位置未知抛错、无定位且0未知抛错三例；保留现有P33两种正确失败前提。""}]"	按各raw_id的root_adjudications及每条extensions.root_review保留前提、收窄和反例。多处定位共享根因，不按文件重复计数。	"[{""raw_id"":""RUN-C-109"",""report"":""agents/C/C-06/findings.json"",""value"":[""只读固定参考与修订文字，核对边界和成对向量；不执行或修改参考"",""保持U01–U10/G01–G12/AX01–AX20及无运行/真实Demo/宿主与插件组合未证边界""]}]"	findings.json#GIR-FD82-C109
GIR-FD82-C110	P2	WP63	F15-02	OPEN_NOT_EDITED_IN_THIS_REVIEW	区域地图子格定位缺少可计算规则	deliverables/final-specification-set/user-interface/wp63-pokegear-map-music-and-phone.md;specs/ui/wp63-pokegear-map-music-and-phone.md	"[{""raw_id"":""RUN-C-110"",""report"":""agents/C/C-06/findings.json"",""value"":""给出两轴公式、宽启用门、高的向上取整和仅用长度的边界，补宽1/缺省以及上述非整行字符串例。""}]"	按各raw_id的root_adjudications及每条extensions.root_review保留前提、收窄和反例。多处定位共享根因，不按文件重复计数。	"[{""raw_id"":""RUN-C-110"",""report"":""agents/C/C-06/findings.json"",""value"":[""只读固定参考与修订文字，核对边界和成对向量；不执行或修改参考"",""保持U01–U10/G01–G12/AX01–AX20及无运行/真实Demo/宿主与插件组合未证边界""]}]"	findings.json#GIR-FD82-C110
GIR-FD82-C111	P2	WP63	F15-02	OPEN_NOT_EDITED_IN_THIS_REVIEW	区域同格重复点的首条决定规则未提取	deliverables/final-specification-set/user-interface/wp63-pokegear-map-music-and-phone.md;specs/ui/wp63-pokegear-map-music-and-phone.md	"[{""raw_id"":""RUN-C-111"",""report"":""agents/C/C-06/findings.json"",""value"":""补按作者记录顺序首条坐标命中的行为，并说明不可见/缺字段不继续；增加重复同格成对向量。""}]"	按各raw_id的root_adjudications及每条extensions.root_review保留前提、收窄和反例。多处定位共享根因，不按文件重复计数。	"[{""raw_id"":""RUN-C-111"",""report"":""agents/C/C-06/findings.json"",""value"":[""只读固定参考与修订文字，核对边界和成对向量；不执行或修改参考"",""保持U01–U10/G01–G12/AX01–AX20及无运行/真实Demo/宿主与插件组合未证边界""]}]"	findings.json#GIR-FD82-C111
GIR-FD82-C112	P2	WP63	F15-03	OPEN_NOT_EDITED_IN_THIS_REVIEW	电话随机占位符未给每通固定与槽位抽样口径	deliverables/final-specification-set/user-interface/wp63-pokegear-map-music-and-phone.md;specs/ui/wp63-pokegear-map-music-and-phone.md	"[{""raw_id"":""RUN-C-112"",""report"":""agents/C/C-06/findings.json"",""value"":""补每通一次抽取、全部分段共享、前4槽均匀而非遭遇权重及空表回退，配重复占位符和不等权重向量。""}]"	按各raw_id的root_adjudications及每条extensions.root_review保留前提、收窄和反例。多处定位共享根因，不按文件重复计数。	"[{""raw_id"":""RUN-C-112"",""report"":""agents/C/C-06/findings.json"",""value"":[""只读固定参考与修订文字，核对边界和成对向量；不执行或修改参考"",""保持U01–U10/G01–G12/AX01–AX20及无运行/真实Demo/宿主与插件组合未证边界""]}]"	findings.json#GIR-FD82-C112
GIR-FD82-C113	P2	WP63	F15-02	OPEN_NOT_EDITED_IN_THIS_REVIEW	点唱机跨图场景遗漏遭遇率旗标清空	deliverables/final-specification-set/test-catalog/user-interface-wp17-63-65-66-67-68-69-70-71.md;deliverables/final-specification-set/user-interface/wp63-pokegear-map-music-and-phone.md;specs/ui/wp63-pokegear-map-music-and-phone.md	"[{""raw_id"":""RUN-C-113"",""report"":""agents/C/C-06/findings.json"",""value"":""在点唱机处写清当前地图旗标清理；把P29拆成命令后和换图后两次观测，并给Custom覆盖对照。""}]"	按各raw_id的root_adjudications及每条extensions.root_review保留前提、收窄和反例。多处定位共享根因，不按文件重复计数。	"[{""raw_id"":""RUN-C-113"",""report"":""agents/C/C-06/findings.json"",""value"":[""只读固定参考与修订文字，核对边界和成对向量；不执行或修改参考"",""保持U01–U10/G01–G12/AX01–AX20及无运行/真实Demo/宿主与插件组合未证边界""]}]"	findings.json#GIR-FD82-C113
GIR-FD82-C114	P2	WP65	F16-01;F16-02	OPEN_NOT_EDITED_IN_THIS_REVIEW	标题与控制帮助的静态时间线未完整交付	deliverables/final-specification-set/test-catalog/user-interface-wp17-63-65-66-67-68-69-70-71.md;deliverables/final-specification-set/user-interface/wp65-controls-help-appendix.md;deliverables/final-specification-set/user-interface/wp65-title-load-options-pause-and-pc.md;specs/ui/wp65-title-load-options-pause-and-pc.md	"[{""raw_id"":""RUN-C-114"",""report"":""agents/C/C-06/findings.json"",""value"":""补各场景独立时间线和输入允许阶段，用秒表达并说明名义时长；保留冻结组建与实际运行未验证，勿把冻结期间内部状态当可见画面。""}]"	按各raw_id的root_adjudications及每条extensions.root_review保留前提、收窄和反例。多处定位共享根因，不按文件重复计数。	"[{""raw_id"":""RUN-C-114"",""report"":""agents/C/C-06/findings.json"",""value"":[""只读固定参考与修订文字，核对边界和成对向量；不执行或修改参考"",""保持U01–U10/G01–G12/AX01–AX20及无运行/真实Demo/宿主与插件组合未证边界""]}]"	findings.json#GIR-FD82-C114
GIR-FD82-C115	P2	WP65	F16-01	OPEN_NOT_EDITED_IN_THIS_REVIEW	画面尺寸选项缺倍率与全屏请求映射	deliverables/final-specification-set/user-interface/wp65-title-load-options-pause-and-pc.md;specs/ui/wp65-title-load-options-pause-and-pc.md	"[{""raw_id"":""RUN-C-115"",""report"":""agents/C/C-06/findings.json"",""value"":""补索引→倍率/全屏表、窗口居中与首次内部尺寸请求；把静态请求和宿主实际输出分开，给负值/大于4的边界。""}]"	按各raw_id的root_adjudications及每条extensions.root_review保留前提、收窄和反例。多处定位共享根因，不按文件重复计数。	"[{""raw_id"":""RUN-C-115"",""report"":""agents/C/C-06/findings.json"",""value"":[""只读固定参考与修订文字，核对边界和成对向量；不执行或修改参考"",""保持U01–U10/G01–G12/AX01–AX20及无运行/真实Demo/宿主与插件组合未证边界""]}]"	findings.json#GIR-FD82-C115
GIR-FD82-C117	P2	WP66-C	F16-04	OPEN_NOT_EDITED_IN_THIS_REVIEW	背包排序取消恢复画面游标但不恢复保存索引	deliverables/final-specification-set/test-catalog/user-interface-wp17-63-65-66-67-68-69-70-71.md;deliverables/final-specification-set/user-interface/wp66-c-bag-item-storage-and-shop-ui.md;specs/ui/wp66-c-bag-item-storage-and-shop-ui.md	"[{""raw_id"":""RUN-C-117"",""report"":""agents/C/C-07/findings.json"",""value"":""明确三状态的更新时点与取消例外，补退出重开的连续向量。""}]"	按各raw_id的root_adjudications及每条extensions.root_review保留前提、收窄和反例。多处定位共享根因，不按文件重复计数。	"[{""raw_id"":""RUN-C-117"",""report"":""agents/C/C-07/findings.json"",""value"":[""固定参考只读回查，正文/测试按具名输入和观测时点重写；不执行或修复reference"",""保留U01–U10/G01–G12/AX01–AX20及真实Demo/素材/宿主/插件组合未证边界""]}]"	findings.json#GIR-FD82-C117
GIR-FD82-C118	P2	WP66-A;WP66-B;WP66-C	F16-03;F16-04	OPEN_NOT_EDITED_IN_THIS_REVIEW	UI图标动画与空值分叉未进入最终行为合同	deliverables/final-specification-set/engine-overworld/wp15-resource-matching-and-audio.md;deliverables/final-specification-set/user-interface/wp66-a-party-and-summary-ui.md;deliverables/final-specification-set/user-interface/wp66-b-storage-and-pokedex-ui.md;deliverables/final-specification-set/user-interface/wp66-c-bag-item-storage-and-shop-ui.md	"[{""raw_id"":""RUN-C-118"",""report"":""agents/C/C-07/findings.json"",""value"":""增加实现独立的图标行为附表，区分物品、个体、物种、盒格与持物提示；列尺寸、周期/相位、HP门、空值和选中位移；保留素材实际结果未证。""}]"	按各raw_id的root_adjudications及每条extensions.root_review保留前提、收窄和反例。多处定位共享根因，不按文件重复计数。	"[{""raw_id"":""RUN-C-118"",""report"":""agents/C/C-07/findings.json"",""value"":[""固定参考只读回查，正文/测试按具名输入和观测时点重写；不执行或修复reference"",""保留U01–U10/G01–G12/AX01–AX20及真实Demo/素材/宿主/插件组合未证边界""]}]"	findings.json#GIR-FD82-C118
GIR-FD82-C119	P2	WP67-B	F16-06	OPEN_NOT_EDITED_IN_THIS_REVIEW	进化自然结束帧仍先接受BACK取消	deliverables/final-specification-set/test-catalog/user-interface-wp17-63-65-66-67-68-69-70-71.md;deliverables/final-specification-set/user-interface/wp67-b-lifecycle-presentations-and-history.md;specs/ui/wp67-b-lifecycle-presentations-and-history.md	"[{""raw_id"":""RUN-C-119"",""report"":""agents/C/C-07/findings.json"",""value"":""按处理顺序写定末轮输入优先与进入后续阶段后的边界，补同帧完成/取消和不可取消对照。""}]"	按各raw_id的root_adjudications及每条extensions.root_review保留前提、收窄和反例。多处定位共享根因，不按文件重复计数。	"[{""raw_id"":""RUN-C-119"",""report"":""agents/C/C-07/findings.json"",""value"":[""固定参考只读回查，正文/测试按具名输入和观测时点重写；不执行或修复reference"",""保留U01–U10/G01–G12/AX01–AX20及真实Demo/素材/宿主/插件组合未证边界""]}]"	findings.json#GIR-FD82-C119
GIR-FD82-C120	P2	WP66-B	F16-03	OPEN_NOT_EDITED_IN_THIS_REVIEW	只浏览盒子也可能归一并改写墙纸记录	deliverables/final-specification-set/creature-rpg/wp25-party-and-storage.md;deliverables/final-specification-set/user-interface/wp66-b-storage-and-pokedex-ui.md;specs/ui/wp66-b-storage-and-pokedex-ui.md	"[{""raw_id"":""RUN-C-120"",""report"":""agents/C/C-07/findings.json"",""value"":""补显示读取的三路转换与写回规则、适用时点和不回滚；必要旧格式标识放兼容附表，测试分别核内存值和显示值。""}]"	按各raw_id的root_adjudications及每条extensions.root_review保留前提、收窄和反例。多处定位共享根因，不按文件重复计数。	"[{""raw_id"":""RUN-C-120"",""report"":""agents/C/C-07/findings.json"",""value"":[""固定参考只读回查，正文/测试按具名输入和观测时点重写；不执行或修复reference"",""保留U01–U10/G01–G12/AX01–AX20及真实Demo/素材/宿主/插件组合未证边界""]}]"	findings.json#GIR-FD82-C120
GIR-FD82-C121	P2	WP66-B	F16-03	OPEN_NOT_EDITED_IN_THIS_REVIEW	图鉴美制显示遗漏信息页与搜索页的重量换算分叉	deliverables/final-specification-set/user-interface/wp66-b-storage-and-pokedex-ui.md;specs/ui/wp66-b-storage-and-pokedex-ui.md	"[{""raw_id"":""RUN-C-121"",""report"":""agents/C/C-07/findings.json"",""value"":""按入口列地区门、舍入、单位与过滤口径，保留搜索重量错换算作为参考异常，增加10kg双页对照。""}]"	按各raw_id的root_adjudications及每条extensions.root_review保留前提、收窄和反例。多处定位共享根因，不按文件重复计数。	"[{""raw_id"":""RUN-C-121"",""report"":""agents/C/C-07/findings.json"",""value"":[""固定参考只读回查，正文/测试按具名输入和观测时点重写；不执行或修复reference"",""保留U01–U10/G01–G12/AX01–AX20及真实Demo/素材/宿主/插件组合未证边界""]}]"	findings.json#GIR-FD82-C121
GIR-FD82-C122	P2	WP66-B	F16-03	OPEN_NOT_EDITED_IN_THIS_REVIEW	图鉴可列形态遗漏性别合并与首个合格性别规则	deliverables/final-specification-set/pokemon-rules/wp62-pokedex-records-regions-and-content.md;deliverables/final-specification-set/user-interface/wp66-b-storage-and-pokedex-ui.md;specs/ui/wp66-b-storage-and-pokedex-ui.md	"[{""raw_id"":""RUN-C-122"",""report"":""agents/C/C-07/findings.json"",""value"":""补完整结构门之后的两性折叠、选择顺序、标签规则；保留已有无名/重定向排除和首轮写回。""}]"	按各raw_id的root_adjudications及每条extensions.root_review保留前提、收窄和反例。多处定位共享根因，不按文件重复计数。	"[{""raw_id"":""RUN-C-122"",""report"":""agents/C/C-07/findings.json"",""value"":[""固定参考只读回查，正文/测试按具名输入和观测时点重写；不执行或修复reference"",""保留U01–U10/G01–G12/AX01–AX20及真实Demo/素材/宿主/插件组合未证边界""]}]"	findings.json#GIR-FD82-C122
GIR-FD82-C123	P2	WP66-B	F16-03	OPEN_NOT_EDITED_IN_THIS_REVIEW	图鉴搜索缺可选标尺与参数画面的确定输入合同	deliverables/final-specification-set/test-catalog/user-interface-wp17-63-65-66-67-68-69-70-71.md;deliverables/final-specification-set/user-interface/wp66-b-storage-and-pokedex-ui.md;specs/ui/wp66-b-storage-and-pokedex-ui.md	"[{""raw_id"":""RUN-C-123"",""report"":""agents/C/C-07/findings.json"",""value"":""提供行为化候选表/分段标尺、端点联动和导航转移表，明确主画面与参数画面的ACTION职责；保留37计数仅作辅助。""}]"	按各raw_id的root_adjudications及每条extensions.root_review保留前提、收窄和反例。多处定位共享根因，不按文件重复计数。	"[{""raw_id"":""RUN-C-123"",""report"":""agents/C/C-07/findings.json"",""value"":[""固定参考只读回查，正文/测试按具名输入和观测时点重写；不执行或修复reference"",""保留U01–U10/G01–G12/AX01–AX20及真实Demo/素材/宿主/插件组合未证边界""]}]"	findings.json#GIR-FD82-C123
GIR-FD82-C124	P2	WP66-A	F16-03	OPEN_NOT_EDITED_IN_THIS_REVIEW	摘要个性描述的并列IV决胜顺序未定义	deliverables/final-specification-set/pokemon-rules/wp19-attributes-ability-and-stats.md;deliverables/final-specification-set/user-interface/wp66-a-party-and-summary-ui.md;specs/ui/wp66-a-party-and-summary-ui.md	"[{""raw_id"":""RUN-C-124"",""report"":""agents/C/C-07/findings.json"",""value"":""补有序决胜集合、严格大于更新/首遇并列保留规则和30档描述含义数据；不复制实现循环或源控制结构。""}]"	按各raw_id的root_adjudications及每条extensions.root_review保留前提、收窄和反例。多处定位共享根因，不按文件重复计数。	"[{""raw_id"":""RUN-C-124"",""report"":""agents/C/C-07/findings.json"",""value"":[""固定参考只读回查，正文/测试按具名输入和观测时点重写；不执行或修复reference"",""保留U01–U10/G01–G12/AX01–AX20及真实Demo/素材/宿主/插件组合未证边界""]}]"	findings.json#GIR-FD82-C124
GIR-FD82-C125	P2	WP66-A	F16-03	OPEN_NOT_EDITED_IN_THIS_REVIEW	换位目标选择经Box Link缩短队伍后仍用旧来源索引提交	deliverables/final-specification-set/user-interface/wp66-a-party-and-summary-ui.md;specs/ui/wp66-a-party-and-summary-ui.md	"[{""raw_id"":""RUN-C-125"",""report"":""agents/C/C-07/findings.json"",""value"":""分开取消与继续提交；记录来源索引没有重绑、具体失败时点和已提交状态，增加该连续反例；不要以改成稳定身份或自动取消修复参考。""}]"	按各raw_id的root_adjudications及每条extensions.root_review保留前提、收窄和反例。多处定位共享根因，不按文件重复计数。	"[{""raw_id"":""RUN-C-125"",""report"":""agents/C/C-07/findings.json"",""value"":[""固定参考只读回查，正文/测试按具名输入和观测时点重写；不执行或修复reference"",""保留U01–U10/G01–G12/AX01–AX20及真实Demo/素材/宿主/插件组合未证边界""]}]"	findings.json#GIR-FD82-C125
GIR-FD82-C126	P2	WP66-A	F16-03	OPEN_NOT_EDITED_IN_THIS_REVIEW	零招式个体可显示空槽但进入招式选择会失败	deliverables/final-specification-set/creature-rpg/wp20-hp-status-moves-helditem.md;deliverables/final-specification-set/user-interface/wp66-a-party-and-summary-ui.md;specs/ui/wp66-a-party-and-summary-ui.md	"[{""raw_id"":""RUN-C-126"",""report"":""agents/C/C-07/findings.json"",""value"":""补零/非零已知招式的入口结果和失败时点；保留零招通用教学直接成功的对照，不为参考新增可取消空态。""}]"	按各raw_id的root_adjudications及每条extensions.root_review保留前提、收窄和反例。多处定位共享根因，不按文件重复计数。	"[{""raw_id"":""RUN-C-126"",""report"":""agents/C/C-07/findings.json"",""value"":[""固定参考只读回查，正文/测试按具名输入和观测时点重写；不执行或修复reference"",""保留U01–U10/G01–G12/AX01–AX20及真实Demo/素材/宿主/插件组合未证边界""]}]"	findings.json#GIR-FD82-C126
GIR-FD82-C127	P2	WP68	F17-02	OPEN_NOT_EDITED_IN_THIS_REVIEW	随机手牌合同遗漏对局副本构建时的同身份槽位归并	deliverables/final-specification-set/creature-rpg/wp68-triple-triad.md;deliverables/final-specification-set/test-catalog/creature-rpg-wp35-36-57-64-68.md;specs/creature-rpg/wp68-triple-triad.md	"[{""raw_id"":""RUN-C-127"",""report"":""agents/C/C-08/findings.json"",""value"":""补充对局副本的合并/填槽准备规则，明确槽位均匀只适用于准备后的副本；保留永久库存不变，并增补该固定向量。""}]"	按各raw_id的root_adjudications及每条extensions.root_review保留前提、收窄和反例。多处定位共享根因，不按文件重复计数。	"[{""raw_id"":""RUN-C-127"",""report"":""agents/C/C-08/findings.json"",""value"":[""固定向量须同时区分永久[A1,A1,B3]、对局[A2,B3]与首抽1/2；不能以增加随机模拟代替准备规则。"",""仅改规格/测试/审计文字，保留现状异常与来源边界；不修或执行参考。"",""重核具名反例及跨稿一致性；U01–U10/G01–G12/AX01–AX20与真实Demo/素材/宿主/插件组合继续保留。""]}]"	findings.json#GIR-FD82-C127
GIR-FD82-C129	P2	WP71	F17-07	OPEN_NOT_EDITED_IN_THIS_REVIEW	默认4×4模式6/7的五步打乱不能抵消成完成态	deliverables/final-specification-set/user-interface/wp71-tile-puzzles.md;review/wp80-delivery-2026-10-03/batch-14/clause-disposition.md;specs/ui/wp71-tile-puzzles.md	"[{""raw_id"":""RUN-C-129"",""report"":""agents/C/C-08/findings.json"",""value"":""按尺寸重写可达性：默认4×4模式6/7初始必未完成；其它尺寸继续保持具名未证或另给固定证明。保留后续合法操作可解的构造论证，补上两条不变量。""},{""raw_id"":""RUN-D-015"",""report"":""agents/D/findings.json"",""value"":""撤回模式7由五次初始化抵消为全0的可达声明，区分任意外部状态与正常五次构造；其它模式的初始完成可能性按各自尺寸限定。""}]"	按各raw_id的root_adjudications及每条extensions.root_review保留前提、收窄和反例。多处定位共享根因，不按文件重复计数。	"[{""raw_id"":""RUN-C-129"",""report"":""agents/C/C-08/findings.json"",""value"":[""独立计数W交数须全为奇，模式6须说明4循环符号；不得把5步改成4步来消除此规格错误。"",""仅改规格/测试/审计文字，保留现状异常与来源边界；不修或执行参考。"",""重核具名反例及跨稿一致性；U01–U10/G01–G12/AX01–AX20与真实Demo/素材/宿主/插件组合继续保留。""]},{""raw_id"":""RUN-D-015"",""report"":""agents/D/findings.json"",""value"":""默认4×4的16项交集固定算术均为奇，正文与测试不再声称正常模式7五次构造可首帧完成；仍允许之后合法玩家操作完成。""}]"	findings.json#GIR-FD82-C129
GIR-FD82-C131	P2	WP71	F17-07	OPEN_NOT_EDITED_IN_THIS_REVIEW	表外拼图模式仍可由公共完成检查返回true	deliverables/final-specification-set/user-interface/wp71-tile-puzzles.md;specs/ui/wp71-tile-puzzles.md	"[{""raw_id"":""RUN-C-131"",""report"":""agents/C/C-08/findings.json"",""value"":""把无模式专属动作限定为尚未完成时；明确公共完成判定同样消费表外模式，并增加模式0+1×1+BACK的true向量。""}]"	按各raw_id的root_adjudications及每条extensions.root_review保留前提、收窄和反例。多处定位共享根因，不按文件重复计数。	"[{""raw_id"":""RUN-C-131"",""report"":""agents/C/C-08/findings.json"",""value"":[""仅改规格/测试/审计文字，保留现状异常与来源边界；不修或执行参考。"",""重核具名反例及跨稿一致性；U01–U10/G01–G12/AX01–AX20与真实Demo/素材/宿主/插件组合继续保留。""]}]"	findings.json#GIR-FD82-C131
GIR-FD82-D018	P2	WP42	F11-06	OPEN_NOT_EDITED_IN_THIS_REVIEW	独立读者问题 RUN-D-018: source-dependent automatic reposition predicate	deliverables/final-specification-set/combat-requirements/wp41-switching-positioning-and-escape.md;deliverables/final-specification-set/combat-requirements/wp42-growth-end-of-round-and-battle-outcomes.md;deliverables/final-specification-set/user-interface/wp67-a-battle-interaction-and-presentation.md	"[{""raw_id"":""RUN-D-018"",""report"":""agents/D/findings.json"",""value"":""将按源排除改为完整的行为条件、候选次序、每侧/全局终止条件，并给至少单侧可移与两侧可移的固定例。""}]"	按各raw_id的root_adjudications及每条extensions.root_review保留前提、收窄和反例。多处定位共享根因，不按文件重复计数。	"[{""raw_id"":""RUN-D-018"",""report"":""agents/D/findings.json"",""value"":""给定席位、存活、业主与空位分布即可唯一算出自动交换序列；不需要源文件来补排除条件。""}]"	findings.json#GIR-FD82-D018
GIR-FD82-D023	P2	WP66-C	F16-04	OPEN_NOT_EDITED_IN_THIS_REVIEW	独立读者问题 RUN-D-023: display formula missing quantity multiplier	deliverables/final-specification-set/creature-rpg/wp29-shops-and-exchanges.md;deliverables/final-specification-set/test-catalog/user-interface-wp17-63-65-66-67-68-69-70-71.md;deliverables/final-specification-set/user-interface/wp66-c-bag-item-storage-and-shop-ui.md	"[{""raw_id"":""RUN-D-023"",""report"":""agents/D/findings.json"",""value"":""补数量×floor(单价÷2)，明确半价为显示单价的计算，实际确认与扣款仍全价。""}]"	按各raw_id的root_adjudications及每条extensions.root_review保留前提、收窄和反例。多处定位共享根因，不按文件重复计数。	"[{""raw_id"":""RUN-D-023"",""report"":""agents/D/findings.json"",""value"":""价20、数量1/2/3显示10/20/30BP，各处一致。""}]"	findings.json#GIR-FD82-D023
GIR-FD82-D024	P2	WP74	F18-03	OPEN_NOT_EDITED_IN_THIS_REVIEW	独立读者问题 RUN-D-024: path resampling grid/count undefined or contradictory	deliverables/final-specification-set/demo-dx/wp74-battle-animation-authoring-and-exchange.md;deliverables/final-specification-set/test-catalog/demo-dx-wp72-73-74-75-76-77.md	"[{""raw_id"":""RUN-D-024"",""report"":""agents/D/findings.json"",""value"":""直接给出候选参数t的序列、候选总数如何形成（是否含重复端点）、前N取舍与整数舍入规则；三个路径分别给非整点向量。""}]"	按各raw_id的root_adjudications及每条extensions.root_review保留前提、收窄和反例。多处定位共享根因，不按文件重复计数。	"[{""raw_id"":""RUN-D-024"",""report"":""agents/D/findings.json"",""value"":""对0→20,N4及一条非整数分段线，能逐项算出全部候选和实际写入点，候选计数与现有0→12示例相容或明确修正。""}]"	findings.json#GIR-FD82-D024
GIR-FD82-D025	P2	WP72	F18-01	OPEN_NOT_EDITED_IN_THIS_REVIEW	独立读者问题 RUN-D-025: contradictory variable ACTION transition	deliverables/final-specification-set/demo-dx/wp72-debug-contexts-and-controls.md;deliverables/final-specification-set/test-catalog/demo-dx-wp72-73-74-75-76-77.md	"[{""raw_id"":""RUN-D-025"",""report"":""agents/D/findings.json"",""value"":""改成按输入类型/值列明的转移表，至少列0、非零数、空串、非空串、其它类型；消除互换与同类型归零的冲突。""}]"	按各raw_id的root_adjudications及每条extensions.root_review保留前提、收窄和反例。多处定位共享根因，不按文件重复计数。	"[{""raw_id"":""RUN-D-025"",""report"":""agents/D/findings.json"",""value"":""正文与DG-M07对0和空串两次ACTION有相同的唯一状态轨迹，其余类型行为也明示。""}]"	findings.json#GIR-FD82-D025
WP80-INTAKE-R01	P2	WP13;WP14;WP59;WP72;WP74;WP75	F18-01	OPEN_NOT_EDITED_IN_THIS_REVIEW	必要输入语法全角化	deliverables/final-specification-set/demo-dx/wp72-debug-contexts-and-controls.md;deliverables/final-specification-set/demo-dx/wp74-battle-animation-authoring-and-exchange.md;deliverables/final-specification-set/demo-dx/wp75-project-conversion-and-authoring-tools.md;deliverables/final-specification-set/engine-overworld/wp13-map-events-npc-followers.md;deliverables/final-specification-set/engine-overworld/wp14-random-dungeons.md;deliverables/final-specification-set/engine-overworld/wp59-world-time-weather-field-moves.md;deliverables/final-specification-set/test-catalog/demo-dx-wp72-73-74-75-76-77.md;deliverables/final-specification-set/test-catalog/engine-overworld-wp11-15-59-60.md;review/wp80-delivery-2026-10-03/batch-15/clause-disposition.md;specs/demo/wp72-debug-contexts-and-controls.md;specs/overworld/wp59-world-time-weather-field-moves.md	"[{""raw_id"":""RUN-C-001"",""report"":""agents/C/C-01/findings.json"",""value"":""净化稿明确 ASCII s:（小写 s、U+003A），测试加入全角冒号不被识别的反例；不要为净化改写输入字符。""}]"	全集标点候选已逐项分类：415冒号候选、154等号候选和18具名括号候选；并非全是缺陷。C02/C03/C05扩展全部已裁决，WP14有效新增位置40/137，旧39引用不支持此主张。精确位置见root/fullwidth-syntax-review.json与citation-corrections.tsv。A的局部P3建议不改变整体P2兼容根因。	"[{""raw_id"":""RUN-C-001"",""report"":""agents/C/C-01/findings.json"",""value"":[""逐字符比对正文、DG-M06 与参考识别条件"",""对照原规格与净化稿；不执行参考""]}]"	findings.json#WP80-INTAKE-R01
WP80-INTAKE-R02	P2	WP68;WP69;WP70;WP80	F17-01;F17-02;F17-03;F17-04;F17-05;F17-06	OPEN_NOT_EDITED_IN_THIS_REVIEW	原输入批准与净化输出待审混淆	audit/source-traceability.md;deliverables/final-specification-set/creature-rpg/wp68-triple-triad.md;deliverables/final-specification-set/pokemon-rules/wp69-voltorb-flip.md;deliverables/final-specification-set/pokemon-rules/wp70-lottery.md;deliverables/final-specification-set/user-interface/wp68-duel.md;deliverables/final-specification-set/user-interface/wp69-slot-machine.md;deliverables/final-specification-set/user-interface/wp69-slot-reels.md;deliverables/final-specification-set/user-interface/wp70-mining-data.md;deliverables/final-specification-set/user-interface/wp70-mining.md;review/wp80-delivery-2026-10-03/batch-08/checks.json;review/wp80-delivery-2026-10-03/batch-08/clause-disposition.md;review/wp80-delivery-2026-10-03/batch-09c/checks.json;review/wp80-delivery-2026-10-03/batch-09c/clause-disposition.md;review/wp80-delivery-2026-10-03/batch-14/checks.json;review/wp80-delivery-2026-10-03/batch-14/clause-disposition.md;review/wp80-delivery-2026-10-03/batch-14/round-169-final-checks.json;review/wp80-delivery-2026-10-03/wp80-completion-report.md	在后续授权整改中更正当前净化/追溯/交付状态，并为冻结历史自检增加勘误或后继说明；分别登记原输入限定批准与新输出待统一review。保留原审查快照和历史字节，不全局删除ReviewPending。	按各raw_id的root_adjudications及每条extensions.root_review保留前提、收窄和反例。多处定位共享根因，不按文件重复计数。	9输入逐一关联原批准、路径重映射和当前身份；列举的错误当前载体均有明确更正/勘误；新输出仍以本轮真实裁决为准。	findings.json#WP80-INTAKE-R02
GIR-FD82-001	P3	WP01;WP68;WP69;WP70;WP71;WP80	F17-01;F17-02;F17-03;F17-06;F17-07;F18-07	OPEN_NOT_EDITED_IN_THIS_REVIEW	全集范围声明与导航仍停留在旧交付阶段	audit/source-traceability.md;deliverables/final-specification-set/README.md;deliverables/final-specification-set/creature-rpg/wp68-triple-triad.md;deliverables/final-specification-set/pokemon-rules/wp69-voltorb-layouts.md;deliverables/final-specification-set/scope-statement.md;deliverables/final-specification-set/user-interface/wp68-duel.md;deliverables/final-specification-set/user-interface/wp69-slot-machine.md;deliverables/final-specification-set/user-interface/wp69-slot-reels.md;deliverables/final-specification-set/user-interface/wp70-mining-data.md;deliverables/final-specification-set/user-interface/wp70-mining.md;deliverables/final-specification-set/user-interface/wp71-tile-puzzles.md;review/wp80-delivery-readiness-review-2026-10-03/global-review-handoff.md	"[{""raw_id"":""RUN-A-005"",""report"":""agents/A/A-01/findings.json"",""value"":""同步为全集作者交付、仍待统一独立审查的当前状态，保留所有未验证边界；如保留历史说明须明确时点。""},{""raw_id"":""RUN-C-132"",""report"":""agents/C/C-08/findings.json"",""value"":""修正本批七个具名相对路径或统一为明确根相对引用；保留批次限定与来源分离。可由ROOT合并全局同类导航问题，不重复统计根因。""},{""raw_id"":""RUN-D-001"",""report"":""agents/D/findings.json"",""value"":""更新 scope 的当前批次与完成度到本交付基线，并统一 README 范围声明。""},{""raw_id"":""ROOT_independent_first_judgment"",""report"":""root/independent-first-judgments.md"",""value"":""更新当前全集作者交付及审查结论口径，ui导航更正为实际user-interface，保留静态与运行限制。""}]"	范围阶段、ui目录与七正文审计相对路径同归入口导航根因，统一P3；原输入批准错配另归INTAKE-R02。D原始P2与原描述保留，不是新的状态结论。	"[{""raw_id"":""RUN-A-005"",""report"":""agents/A/A-01/findings.json"",""value"":[""范围声明不再称当前仅批次 1"",""不得把该维护修正升级为全集独立通过或运行通过""]},{""raw_id"":""RUN-C-132"",""report"":""agents/C/C-08/findings.json"",""value"":[""仅改规格/测试/审计文字，保留现状异常与来源边界；不修或执行参考。"",""重核具名反例及跨稿一致性；U01–U10/G01–G12/AX01–AX20与真实Demo/素材/宿主/插件组合继续保留。""]},{""raw_id"":""RUN-D-001"",""report"":""agents/D/findings.json"",""value"":""两文对当前已交付批次和可使用正文范围给出同一结果。""}]"	findings.json#GIR-FD82-001
GIR-FD82-006	P3	WP17;WP66-A;WP66-C;WP79	F05-06;F16-03;F16-04	OPEN_NOT_EDITED_IN_THIS_REVIEW	暂停与导航箭头缺少动画节拍和开始相位合同	deliverables/final-specification-set/user-interface/wp17-messages-windows-input.md;deliverables/final-specification-set/user-interface/wp66-c-bag-item-storage-and-shop-ui.md;review/wp79-coverage-review-2026-10-03/revision-v6/source-judgments.json	在交互/对应UI说明具名箭头的帧数、每帧秒数、相位来源及暂停显示首帧与后续更新区别；不要求使用参考精灵类或布局。	按各raw_id的root_adjudications及每条extensions.root_review保留前提、收窄和反例。多处定位共享根因，不按文件重复计数。	用时钟0.00/0.15/0.31/0.60等固定时点分别核暂停与导航箭头；新开/重新显示和后续更新分开断言，维持资源/宿主未证。	findings.json#GIR-FD82-006
GIR-FD82-A009	P3	WP05	F01-04	OPEN_NOT_EDITED_IN_THIS_REVIEW	EP08 无条件要求更新链接但未提供 Link 前提	deliverables/final-specification-set/test-catalog/generic-kernel-wp05-06-07-08-09-10.md;specs/kernel/wp05-events-extensions-plugins.md	"[{""raw_id"":""RUN-A-009"",""report"":""agents/A/A-01/findings.json"",""value"":""给 EP08 加 B 提供有效 Link 的前提，或拆成有/无 Link 两条条件预期；同步原始场景。""}]"	按各raw_id的root_adjudications及每条extensions.root_review保留前提、收窄和反例。多处定位共享根因，不按文件重复计数。	"[{""raw_id"":""RUN-A-009"",""report"":""agents/A/A-01/findings.json"",""value"":[""B 无 Link 时不要求更新链接"",""B 有 Link 时错误消息包含该链接"",""两种情形均维持依赖不足终止规则""]}]"	findings.json#GIR-FD82-A009
GIR-FD82-A017	P3	WP06	F01-05;F03-05	OPEN_NOT_EDITED_IN_THIS_REVIEW	游戏时间锚点清空的审计路径指向不存在目录	audit/source-traceability.md	"[{""raw_id"":""RUN-A-017"",""report"":""agents/A/A-02/findings.json"",""value"":""仅修追溯文件中的目录路径，保留行为与行范围。""}]"	按各raw_id的root_adjudications及每条extensions.root_review保留前提、收窄和反例。多处定位共享根因，不按文件重复计数。	"[{""raw_id"":""RUN-A-017"",""report"":""agents/A/A-02/findings.json"",""value"":[""静态验证正确路径存在及 243–246 行语义"",""不以路径修复升级任何运行确认""]}]"	findings.json#GIR-FD82-A017
GIR-FD82-A018	P3	WP08	F02-05	OPEN_NOT_EDITED_IN_THIS_REVIEW	LZ08–LZ10 省略决定预期的非地图节身份	deliverables/final-specification-set/test-catalog/generic-kernel-wp05-06-07-08-09-10.md;specs/kernel/wp08-localization.md	"[{""raw_id"":""RUN-A-018"",""report"":""agents/A/A-02/findings.json"",""value"":""给 LZ08–LZ10 各自补回 SCRIPT_TEXTS 节名；LZ11 继续单独使用 Map005。""}]"	按各raw_id的root_adjudications及每条extensions.root_review保留前提、收窄和反例。多处定位共享根因，不按文件重复计数。	"[{""raw_id"":""RUN-A-018"",""report"":""agents/A/A-02/findings.json"",""value"":[""四向量明确节头、内容行数和输出/失败阶段"",""保留 LZ07/08 的截断时点说明""]}]"	findings.json#GIR-FD82-A018
GIR-FD82-A021	P3	WP18	F06-01	OPEN_NOT_EDITED_IN_THIS_REVIEW	物种记录的其余默认值并非全为空	deliverables/final-specification-set/creature-rpg/wp18-creature-identity-species-ownership.md;specs/creature-rpg/wp18-creature-identity-species-ownership.md	"[{""raw_id"":""RUN-A-021"",""report"":""agents/A/A-03/findings.json"",""value"":""将默认目录补齐或把其余概括限定到明确列出的集合/可选空值字段；区分空数组、空字符串、空值、数值0与继承形态。""}]"	按各raw_id的root_adjudications及每条extensions.root_review保留前提、收窄和反例。多处定位共享根因，不按文件重复计数。	"[{""raw_id"":""RUN-A-021"",""report"":""agents/A/A-03/findings.json"",""value"":[""对上述省略字段的人工构造输入逐项对照。"",""保留已有基础能力≤0归1、EV负值归0等正确条款。""]}]"	findings.json#GIR-FD82-A021
GIR-FD82-A024	P3	WP20	F06-06	OPEN_NOT_EDITED_IN_THIS_REVIEW	重学配置的蛋招式表述应限定为已记录的最初招式	deliverables/final-specification-set/creature-rpg/wp20-hp-status-moves-helditem.md;deliverables/final-specification-set/creature-rpg/wp30-growth-learning-and-friendship.md;specs/creature-rpg/wp20-hp-status-moves-helditem.md	"[{""raw_id"":""RUN-A-024"",""report"":""agents/A/A-03/findings.json"",""value"":""配置行改为最初招式记录中的额外招式（可含已记录的蛋招式），引用WP30；明确不直接枚举整个物种蛋招式表。""}]"	按各raw_id的root_adjudications及每条extensions.root_review保留前提、收窄和反例。多处定位共享根因，不按文件重复计数。	"[{""raw_id"":""RUN-A-024"",""report"":""agents/A/A-03/findings.json"",""value"":[""空记录与补记录、配置开/关作四组对照。"",""保持兼容判定仍可查询蛋招式，勿把兼容性等同可重学。""]}]"	findings.json#GIR-FD82-A024
GIR-FD82-A025	P3	WP20	F06-06	OPEN_NOT_EDITED_IN_THIS_REVIEW	按索引遗忘遗漏负索引从末尾计数的边界	deliverables/final-specification-set/creature-rpg/wp20-hp-status-moves-helditem.md;specs/creature-rpg/wp20-hp-status-moves-helditem.md	"[{""raw_id"":""RUN-A-025"",""report"":""agents/A/A-03/findings.json"",""value"":""以长度n和等效位置n+i描述有效负索引，给出两端边界；保持正常菜单取消守卫属于调用者。""}]"	按各raw_id的root_adjudications及每条extensions.root_review保留前提、收窄和反例。多处定位共享根因，不按文件重复计数。	"[{""raw_id"":""RUN-A-025"",""report"":""agents/A/A-03/findings.json"",""value"":[""-1、-n、-(n+1)、n四个边界均可由净化正文确定。"",""未知道具/招式标识入口的规则不得因此改变。""]}]"	findings.json#GIR-FD82-A025
GIR-FD82-A031	P3	WP23	F06-08	OPEN_NOT_EDITED_IN_THIS_REVIEW	SH06 的90点香下降缺少储存性格前提	deliverables/final-specification-set/pokemon-rules/wp23-shadow-data-and-vectors.md;deliverables/final-specification-set/test-catalog/pokemon-rules-wp19-21-22-23-34.md;specs/pokemon-rules/wp23-shadow-data-and-vectors.md;specs/pokemon-rules/wp23-shadow-hyper-and-purification.md	"[{""raw_id"":""RUN-A-031"",""report"":""agents/A/A-04/findings.json"",""value"":""在W06/SH06补“储存Nature=HARDY”及需要比较跨阶段时的明确初始G；可另加LONELY对照，不改变正确下降表。""}]"	按各raw_id的root_adjudications及每条extensions.root_review保留前提、收窄和反例。多处定位共享根因，不按文件重复计数。	"[{""raw_id"":""RUN-A-031"",""report"":""agents/A/A-04/findings.json"",""value"":[""对照完整前提后90与130分别可唯一推出；友好变化门仍使用下降前心阶段。""]}]"	findings.json#GIR-FD82-A031
GIR-FD82-A032	P3	WP24	F07-03	OPEN_NOT_EDITED_IN_THIS_REVIEW	建议名在长度等于上限时也去尾部数字	deliverables/final-specification-set/creature-rpg/wp24-player-trainers-partners.md;specs/creature-rpg/wp24-player-trainers-partners.md	"[{""raw_id"":""RUN-A-032"",""report"":""agents/A/A-05/findings.json"",""value"":""将首词和去数字后候选的接受条件均写为非空且长度小于上限，明确等长也继续下一阶段；保留最终完整用户名截断回退。""}]"	按各raw_id的root_adjudications及每条extensions.root_review保留前提、收窄和反例。多处定位共享根因，不按文件重复计数。	"[{""raw_id"":""RUN-A-032"",""report"":""agents/A/A-05/findings.json"",""value"":[""最终合同可唯一导出两个对照名字；新增等于上限的测试，不改变现有john doe2→John样本。""]}]"	findings.json#GIR-FD82-A032
GIR-FD82-A033	P3	WP24	F07-02	OPEN_NOT_EDITED_IN_THIS_REVIEW	未知训练家类型的检查入口不一律报错	deliverables/final-specification-set/creature-rpg/wp24-player-trainers-partners.md;specs/creature-rpg/wp24-player-trainers-partners.md	"[{""raw_id"":""RUN-A-033"",""report"":""agents/A/A-05/findings.json"",""value"":""把边界段拆为装载/伙伴注册报错和检查入口依调试模式放行或提示/false；保留缺失数据对照表。""}]"	按各raw_id的root_adjudications及每条extensions.root_review保留前提、收窄和反例。多处定位共享根因，不按文件重复计数。	"[{""raw_id"":""RUN-A-033"",""report"":""agents/A/A-05/findings.json"",""value"":[""对照表与边界段一致，检查与装载分别有确定结果。""]}]"	findings.json#GIR-FD82-A033
GIR-FD82-A036	P3	WP25	F07-05	OPEN_NOT_EDITED_IN_THIS_REVIEW	PS-11要落在2号盒，必须排除更早的空盒	deliverables/final-specification-set/creature-rpg/wp25-party-and-storage.md;deliverables/final-specification-set/test-catalog/creature-rpg-wp18-20-24-25-26.md;specs/creature-rpg/wp25-party-and-storage.md	"[{""raw_id"":""RUN-A-036"",""report"":""agents/A/A-05/findings.json"",""value"":""补充0、1号盒满的输入并给0号盒有位的对照，或把期望改成最早空盒并指定其编号。""},{""raw_id"":""RUN-D-005"",""report"":""agents/D/findings.json"",""value"":""补充盒 0 和盒 1 已满、当前盒不是可用盒的完整前提，或把预期改为从 0 起首个有位盒。""}]"	按各raw_id的root_adjudications及每条extensions.root_review保留前提、收窄和反例。多处定位共享根因，不按文件重复计数。	"[{""raw_id"":""RUN-A-036"",""report"":""agents/A/A-05/findings.json"",""value"":[""两个确定夹具分别返回2和0；不靠默认未写出的空盒状态推断。""]},{""raw_id"":""RUN-D-005"",""report"":""agents/D/findings.json"",""value"":""给定所有较早候选盒的占用后，PS-11 唯一推导盒 2；另设盒 0 有位对照应返回 0。""}]"	findings.json#GIR-FD82-A036
GIR-FD82-A037	P3	WP26	F10-05	OPEN_NOT_EDITED_IN_THIS_REVIEW	AQ-04引用AQ-01导致静默送盒前提丢失	deliverables/final-specification-set/test-catalog/creature-rpg-wp18-20-24-25-26.md;specs/creature-rpg/wp26-acquisition-gifts-and-script-trade.md	"[{""raw_id"":""RUN-A-037"",""report"":""agents/A/A-05/findings.json"",""value"":""将AQ-04明确继承AQ-03的满队/盒有位输入并指定入盒预期；可另留有位入队对照。""}]"	按各raw_id的root_adjudications及每条extensions.root_review保留前提、收窄和反例。多处定位共享根因，不按文件重复计数。	"[{""raw_id"":""RUN-A-037"",""report"":""agents/A/A-05/findings.json"",""value"":[""最终AQ-04固定为静默送盒：盒中新增、队伍长度不变、无提示；有位静默对照只入队。""]}]"	findings.json#GIR-FD82-A037
GIR-FD82-A038	P3	WP27	F08-01	OPEN_NOT_EDITED_IN_THIS_REVIEW	背包给予命令要求非蛋成员，而非队伍仅非空	deliverables/final-specification-set/creature-rpg/wp27-bag-and-item-storage.md;specs/creature-rpg/wp27-bag-and-item-storage.md	"[{""raw_id"":""RUN-A-038"",""report"":""agents/A/A-06/findings.json"",""value"":""把菜单守卫明确为至少一名非蛋成员且物品可携带；保留后段防御性守卫并与正常可达菜单区分。""}]"	按各raw_id的root_adjudications及每条extensions.root_review保留前提、收窄和反例。多处定位共享根因，不按文件重复计数。	"[{""raw_id"":""RUN-A-038"",""report"":""agents/A/A-06/findings.json"",""value"":[""固定仅蛋与一名非蛋两例，分别断言给予命令不可见/可见。""]}]"	findings.json#GIR-FD82-A038
GIR-FD82-A043	P3	WP29	F08-06	OPEN_NOT_EDITED_IN_THIS_REVIEW	SH-08缺少选择全部五件的数量前提	deliverables/final-specification-set/test-catalog/creature-rpg-wp27-28-29-30-33.md;specs/creature-rpg/wp29-shops-and-exchanges.md	"[{""raw_id"":""RUN-A-043"",""report"":""agents/A/A-06/findings.json"",""value"":""原表与SH-08均补选择5、无覆盖及不触钱包上限的前提；不改750算术。""}]"	按各raw_id的root_adjudications及每条extensions.root_review保留前提、收窄和反例。多处定位共享根因，不按文件重复计数。	"[{""raw_id"":""RUN-A-043"",""report"":""agents/A/A-06/findings.json"",""value"":[""默认1对照与显式5两例给出150/750，避免把持有数量当作选择结果。""]}]"	findings.json#GIR-FD82-A043
GIR-FD82-A049	P3	WP30	F09-01	OPEN_NOT_EDITED_IN_THIS_REVIEW	战斗学招遗忘选择实际使用单个体摘要画面	deliverables/final-specification-set/combat-requirements/wp42-growth-end-of-round-and-battle-outcomes.md;deliverables/final-specification-set/creature-rpg/wp30-growth-learning-and-friendship.md;specs/creature-rpg/wp30-growth-learning-and-friendship.md	"[{""raw_id"":""RUN-A-049"",""report"":""agents/A/A-07/findings.json"",""value"":""两处战斗队伍界面统一为单个体摘要遗忘画面；保持战斗版结果同步与通用版机器PP分支差异。""}]"	按各raw_id的root_adjudications及每条extensions.root_review保留前提、收窄和反例。多处定位共享根因，不按文件重复计数。	"[{""raw_id"":""RUN-A-049"",""report"":""agents/A/A-07/findings.json"",""value"":[""战斗与通用包装均对接摘要遗忘合同；返回单位是招式槽而非队伍槽。""]}]"	findings.json#GIR-FD82-A049
GIR-FD82-A050	P3	WP31	F09-03	OPEN_NOT_EDITED_IN_THIS_REVIEW	进化完成前可见新种白色剪影	deliverables/final-specification-set/pokemon-rules/wp31-basic-evolution.md;deliverables/final-specification-set/user-interface/wp67-b-lifecycle-presentations-and-history.md;specs/pokemon-rules/wp31-basic-evolution.md	"[{""raw_id"":""RUN-A-050"",""report"":""agents/A/A-07/findings.json"",""value"":""改为新种以白色剪影参与交替缩放，成功结束后显露正常颜色；初始隐藏、动画可见、成功揭示三阶段分别描述。""}]"	按各raw_id的root_adjudications及每条extensions.root_review保留前提、收窄和反例。多处定位共享根因，不按文件重复计数。	"[{""raw_id"":""RUN-A-050"",""report"":""agents/A/A-07/findings.json"",""value"":[""在初始开场、首轮新种放大、成功揭示三个时间点，分别核对不可见/白色剪影/正常颜色。""]}]"	findings.json#GIR-FD82-A050
GIR-FD82-A051	P3	WP32	F09-04	OPEN_NOT_EDITED_IN_THIS_REVIEW	三成员捕获替换示例需显式声明队伍容量已满	deliverables/final-specification-set/pokemon-rules/wp32-context-inputs-and-scenarios.md;deliverables/final-specification-set/pokemon-rules/wp32-contextual-trade-and-post-battle-evolution.md;deliverables/final-specification-set/test-catalog/pokemon-rules-wp31-32-37-38.md;specs/pokemon-rules/wp32-context-inputs-and-scenarios.md;specs/pokemon-rules/wp32-contextual-trade-and-post-battle-evolution.md	"[{""raw_id"":""RUN-A-051"",""report"":""agents/A/A-07/findings.json"",""value"":""补齐容量3及替换/盒子前提，或换六成员例；若仅保留抽象数组关系，应标成不覆盖捕获入口可达性的算法示意。""}]"	按各raw_id的root_adjudications及每条extensions.root_review保留前提、收窄和反例。多处定位共享根因，不按文件重复计数。	"[{""raw_id"":""RUN-A-051"",""report"":""agents/A/A-07/findings.json"",""value"":[""默认容量6、3成员断言追加且三表不移动；容量3、3成员满队且选A送盒断言左移并末槽空。""]}]"	findings.json#GIR-FD82-A051
GIR-FD82-A052	P3	WP33	F09-05	OPEN_NOT_EDITED_IN_THIS_REVIEW	Ditto 兼容测试遗漏先行的不可繁殖门	deliverables/final-specification-set/creature-rpg/wp33-daycare-and-breeding-session.md;deliverables/final-specification-set/test-catalog/creature-rpg-wp27-28-29-30-33.md;specs/creature-rpg/wp33-daycare-and-breeding-session.md	"[{""raw_id"":""RUN-A-052"",""report"":""agents/A/A-08/findings.json"",""value"":""把DC-08兼容支路限定为通过Shadow/Undiscovered等先行门的非Ditto亲本；加入DITTO+PICHU结果0对照。保留主规则与直接领蛋工具的不同守卫。""},{""raw_id"":""RUN-D-006"",""report"":""agents/D/findings.json"",""value"":""将 DC-08 限定为两个占用槽且双方非 Shadow、均不含 Undiscovered，再描述 Ditto 的性别兼容例外。""}]"	按各raw_id的root_adjudications及每条extensions.root_review保留前提、收窄和反例。多处定位共享根因，不按文件重复计数。	"[{""raw_id"":""RUN-A-052"",""report"":""agents/A/A-08/findings.json"",""value"":[""固定默认DITTO+PICHU为0；普通DITTO+可繁殖非Ditto才进入关系等级。"",""原场景与DC-08分别明确先行门，不改变直接领取工具不重查兼容性的已证边界。""]},{""raw_id"":""RUN-D-006"",""report"":""agents/D/findings.json"",""value"":""Ditto+Undiscovered、Ditto+Shadow 均唯一预期 0；合法非 Ditto 对照才按物种和拥有者算等级。""}]"	findings.json#GIR-FD82-A052
GIR-FD82-A056	P3	WP62;WP66-B	F15-01	OPEN_NOT_EDITED_IN_THIS_REVIEW	区域图鉴菜单误把用于完成标记的长度列为可见数字	deliverables/final-specification-set/pokemon-rules/wp62-pokedex-records-regions-and-content.md;deliverables/final-specification-set/user-interface/wp66-b-storage-and-pokedex-ui.md;specs/pokemon-rules/wp62-pokedex-records-regions-and-content.md;specs/ui/wp66-b-storage-and-pokedex-ui.md	"[{""raw_id"":""RUN-A-056"",""report"":""agents/A/A-08/findings.json"",""value"":""两规格改为可见区域名＋见过数＋拥有数；另述区域长度只用于完成标记，不放进显示字段清单。""}]"	按各raw_id的root_adjudications及每条extensions.root_review保留前提、收窄和反例。多处定位共享根因，不按文件重复计数。	"[{""raw_id"":""RUN-A-056"",""report"":""agents/A/A-08/findings.json"",""value"":[""区域选择行输出只有两种计数字段；完成标记仍使用区域长度。"",""同步原稿与净化稿及WP66-B交界，增加可见字段清单断言。""]}]"	findings.json#GIR-FD82-A056
GIR-FD82-B018	P3	WP44;WP46;WP48;WP50	F12-02;F12-04	OPEN_NOT_EDITED_IN_THIS_REVIEW	净化附表的分组计数与实际身份集合冲突	deliverables/final-specification-set/combat-requirements/wp58-battle-recording-and-playback.md;deliverables/final-specification-set/pokemon-rules/wp44-effect-coverage.md;deliverables/final-specification-set/pokemon-rules/wp46-damage-healing-coverage.md;deliverables/final-specification-set/pokemon-rules/wp48-ability-calculation-modifiers.md;deliverables/final-specification-set/pokemon-rules/wp50-held-item-effect-coverage.md;deliverables/final-specification-set/test-catalog/combat-requirements-wp54-55-56-58.md;review/wp80-delivery-2026-10-03/batch-13/checks.json;review/wp80-delivery-2026-10-03/batch-13/clause-disposition.md;review/wp80-delivery-2026-10-03/batch-13/round-168-final-checks.json;specs/pokemon-rules/wp44-effect-coverage.md;specs/pokemon-rules/wp46-damage-healing-coverage.md	"[{""raw_id"":""RUN-B-018"",""report"":""agents/B/B-03/findings.json"",""value"":""按实际列名修正各分组数量与41行统计说明，保留139唯一身份事实；不要为凑标题增删效果，也不要以139推导所有移动效果均已覆盖。""},{""raw_id"":""RUN-D-010"",""report"":""agents/D/findings.json"",""value"":""按实际明确的计数口径同步四份文档各族标题/说明；分清唯一标识、跨族重复和行为行。""}]"	本轮独立计数与各扩展全部已裁决；计数标签错误不等于缺少同样数量的行为。WP44普通参数65；WP46六主组30/22/44/23/4/16共139且139唯一；WP48/50详见family-label-recount。D010归同根；完成报告七域/测试族总量错误另归INTAKE-C01。 批次13的checks38、clause88/96–97及round168:35同步误列RC23/总126，实际24/127；是本根因传播，不增一项。	"[{""raw_id"":""RUN-B-018"",""report"":""agents/B/B-03/findings.json"",""value"":""逐组核名字集合、唯一性和总数，原/净身份差集应为空；并独立复核RUN-B-016语义损失与RUN-B-017域外移交，计数修正不自动关闭两者。""},{""raw_id"":""RUN-D-010"",""report"":""agents/D/findings.json"",""value"":""文本枚举计数与各族标题一致，WP46的139、WP48的148、WP50的196均可从净化枚举重算且族数相加同总数。""}]"	findings.json#GIR-FD82-B018
GIR-FD82-B027	P3	WP54;WP55	F13-03;F13-04	OPEN_NOT_EDITED_IN_THIS_REVIEW	WP54的非空列表提交条件与WP55空列表合同相互冲突	deliverables/final-specification-set/combat-requirements/wp54-entry-eligibility-level-adjustment-and-clauses.md;deliverables/final-specification-set/combat-requirements/wp55-facility-session-and-restoration.md;deliverables/final-specification-set/test-catalog/combat-requirements-wp54-55-56-58.md;specs/combat/wp54-entry-eligibility-level-adjustment-and-clauses.md;specs/combat/wp55-facility-session-and-restoration.md	"[{""raw_id"":""RUN-B-027"",""report"":""agents/B/B-07/findings.json"",""value"":""仅同步WP54原/最终的入口文句：取消空值不写；列表对象含空列表均提交，返回值另按是否含成员。保持WP55和WS-W28正确语义，不扩大默认可达性。""}]"	按各raw_id的root_adjudications及每条extensions.root_review保留前提、收窄和反例。多处定位共享根因，不按文件重复计数。	"[{""raw_id"":""RUN-B-027"",""report"":""agents/B/B-07/findings.json"",""value"":""比对同一入口在两包与WS-W28/W29，空列表与取消各自提交/返回/活动队伍状态必须一致。""}]"	findings.json#GIR-FD82-B027
GIR-FD82-B034	P3	WP67-A;WP76	F16-05;F18-05	OPEN_NOT_EDITED_IN_THIS_REVIEW	WP67-A把调试替身出招辅助入口描述为随机合法值；直接入口在读取当前Battler不存在的单数招式访问时失败，WP76已明确此点	deliverables/final-specification-set/demo-dx/wp76-facility-content-generation-and-simulation.md;deliverables/final-specification-set/user-interface/wp67-a-battle-interaction-and-presentation.md;review/wp67a-delivery-2026-10-01/revision-v3/entry-coverage-table.md;specs/demo/wp76-facility-content-generation-and-simulation.md;specs/ui/wp67-a-battle-interaction-and-presentation.md	"[{""raw_id"":""RUN-B-034"",""report"":""agents/B/B-09/findings.json"",""value"":""WP67-A的调试对照同步WP76已正确的辅助入口分界、失败和条件概率，不改变WP76。""}]"	按各raw_id的root_adjudications及每条extensions.root_review保留前提、收窄和反例。多处定位共享根因，不按文件重复计数。	"[{""raw_id"":""RUN-B-034"",""report"":""agents/B/B-09/findings.json"",""value"":""人工直接调用出招helper预期首次候选前失败；controlPlayer正常战斗应走AI，不据此断言失败。Bag/Call概率分开。""}]"	findings.json#GIR-FD82-B034
GIR-FD82-C015	P3	WP72	F18-01	OPEN_NOT_EDITED_IN_THIS_REVIEW	战斗背景及底座名称输入的100字符上限未记录	deliverables/final-specification-set/demo-dx/wp72-debug-contexts-and-controls.md;deliverables/final-specification-set/test-catalog/demo-dx-wp72-73-74-75-76-77.md;review/wp72-delivery-2026-10-02/revision-v3/entry-coverage-table.md;specs/demo/wp72-debug-contexts-and-controls.md	"[{""raw_id"":""RUN-C-015"",""report"":""agents/C/C-01-S1/findings.json"",""value"":""在两项输入字段补100字符上限，并为DG-M21加100/101长度对照。""}]"	按各raw_id的root_adjudications及每条extensions.root_review保留前提、收窄和反例。多处定位共享根因，不按文件重复计数。	"[{""raw_id"":""RUN-C-015"",""report"":""agents/C/C-01-S1/findings.json"",""value"":[""两项上限均为100；不误改其它250字符文本输入"",""保留空文本回落和资源未证声明""]}]"	findings.json#GIR-FD82-C015
GIR-FD82-C128	P3	WP68	F17-02	OPEN_NOT_EDITED_IN_THIS_REVIEW	openhand 在玩家后手时有额外的空选择位置	deliverables/final-specification-set/creature-rpg/wp68-triple-triad.md;specs/creature-rpg/wp68-triple-triad.md	"[{""raw_id"":""RUN-C-128"",""report"":""agents/C/C-08/findings.json"",""value"":""补充查看导航使用玩家手数的现状与后手额外空态，并用5对4的固定操作向量约束；不擅自修参考。""}]"	按各raw_id的root_adjudications及每条extensions.root_review保留前提、收窄和反例。多处定位共享根因，不按文件重复计数。	"[{""raw_id"":""RUN-C-128"",""report"":""agents/C/C-08/findings.json"",""value"":[""仅改规格/测试/审计文字，保留现状异常与来源边界；不修或执行参考。"",""重核具名反例及跨稿一致性；U01–U10/G01–G12/AX01–AX20与真实Demo/素材/宿主/插件组合继续保留。""]}]"	findings.json#GIR-FD82-C128
GIR-FD82-C130	P3	WP71	F17-07	OPEN_NOT_EDITED_IN_THIS_REVIEW	拼图暂持红色与方向箭头缺少显示条件	deliverables/final-specification-set/user-interface/wp71-tile-puzzles.md;specs/ui/wp71-tile-puzzles.md	"[{""raw_id"":""RUN-C-130"",""report"":""agents/C/C-08/findings.json"",""value"":""把红色限定为暂持且目标非空，分别说明方向箭头的显示门与合法方向计算，保留实际媒体呈现未运行。""}]"	按各raw_id的root_adjudications及每条extensions.root_review保留前提、收窄和反例。多处定位共享根因，不按文件重复计数。	"[{""raw_id"":""RUN-C-130"",""report"":""agents/C/C-08/findings.json"",""value"":[""仅改规格/测试/审计文字，保留现状异常与来源边界；不修或执行参考。"",""重核具名反例及跨稿一致性；U01–U10/G01–G12/AX01–AX20与真实Demo/素材/宿主/插件组合继续保留。""]}]"	findings.json#GIR-FD82-C130
WP80-B02-R01	P3	WP02	F01-01	OPEN_NOT_EDITED_IN_THIS_REVIEW	来源结构与取证统计进入净化正文	deliverables/final-specification-set/generic-kernel/wp02-rule-configuration-and-data-variants.md;review/wp80-delivery-2026-10-03/batch-02/revision-v2/revision-response.md	"[{""raw_id"":""RUN-A-007"",""report"":""agents/A/A-01/findings.json"",""value"":""删除正文中的文件命中数，审计中保留统计及范围；更新修订回应的检查结果。""}]"	按各raw_id的root_adjudications及每条extensions.root_review保留前提、收窄和反例。多处定位共享根因，不按文件重复计数。	"[{""raw_id"":""RUN-A-007"",""report"":""agents/A/A-01/findings.json"",""value"":[""正文所有源文件/行命中数经人工检查无残留"",""行为性的直接世代依赖及配置清单数量保留""]}]"	findings.json#WP80-B02-R01
WP80-B02-R02	P3	WP02;WP03;WP04	F01-01;F01-02;F02-02	OPEN_NOT_EDITED_IN_THIS_REVIEW	批准身份和条款去向声明不准确	audit/source-traceability.md;review/wp80-delivery-2026-10-03/batch-02/revision-v2/clause-disposition.md	"[{""raw_id"":""RUN-A-008"",""report"":""agents/A/A-01/findings.json"",""value"":""将第 14 行改为索引到原主文 §4.3/附表 §7 的精确去向；第 81 行改为审计去向，保持正确历史身份记录。""}]"	按各raw_id的root_adjudications及每条extensions.root_review保留前提、收窄和反例。多处定位共享根因，不按文件重复计数。	"[{""raw_id"":""RUN-A-008"",""report"":""agents/A/A-01/findings.json"",""value"":[""逐条打开修正后的两个目标，内容与处置类型一致"",""历史/当前 SHA 和 WP04 GR-001 批准依据保持正确""]}]"	findings.json#WP80-B02-R02
WP80-INTAKE-C01	P3	WP80		OPEN_NOT_EDITED_IN_THIS_REVIEW	作者报告分域和测试族统计错误	review/wp80-delivery-2026-10-03/wp80-completion-report.md	在新勘误/后继完成报告修正8/9/24；保留第170轮身份为其历史时点，不把当前第171轮与历史身份不同单独报错。	按各raw_id的root_adjudications及每条extensions.root_review保留前提、收窄和反例。多处定位共享根因，不按文件重复计数。	七域总数111；17+1测试文件；111+18+2=131；包84/87、输入113及Feature113另列，禁止相互替代。	findings.json#WP80-INTAKE-C01
