repository	commit	path	role	wp	identity	identity_role	review_record
project	e1e01bb18d824931e54f182dd61af5a9f908ba85	AGENTS.md	readiness-frozen-input	-	FIXED_GIT_TRACKED	readiness-frozen-input	ROOT logs or fixed approval/freeze identity checks; role-specific reading scope retained
project	e1e01bb18d824931e54f182dd61af5a9f908ba85	analysis/repository-overview.md	governance-or-approval	-	FIXED_GIT_TRACKED	governance-or-approval	ROOT logs or fixed approval/freeze identity checks; role-specific reading scope retained
project	e1e01bb18d824931e54f182dd61af5a9f908ba85	audit/source-traceability.md	readiness-frozen-input	-	FIXED_GIT_TRACKED	readiness-frozen-input	ROOT logs or fixed approval/freeze identity checks; role-specific reading scope retained
project	e1e01bb18d824931e54f182dd61af5a9f908ba85	deliverables/final-specification-set/README.md	final-set-navigation	WP80	FIXED_GIT_TRACKED	readiness-frozen-input	root/independent-first-judgments.md; agents/D/reading-log.tsv
project	e1e01bb18d824931e54f182dd61af5a9f908ba85	deliverables/final-specification-set/combat-requirements/wp39-battle-context-and-participants.md	sanitized-body	WP39	FIXED_GIT_TRACKED	readiness-frozen-input	agents/B/B-01/report.md;agents/B/B-01/reading-log.tsv;findings.json;root/feature-reverse-navigation.tsv
project	e1e01bb18d824931e54f182dd61af5a9f908ba85	deliverables/final-specification-set/combat-requirements/wp40-commands-obedience-and-action-order.md	sanitized-body	WP40	FIXED_GIT_TRACKED	readiness-frozen-input	agents/B/B-01/report.md;agents/B/B-01/reading-log.tsv;findings.json;root/feature-reverse-navigation.tsv
project	e1e01bb18d824931e54f182dd61af5a9f908ba85	deliverables/final-specification-set/combat-requirements/wp41-switching-positioning-and-escape.md	sanitized-body	WP41	FIXED_GIT_TRACKED	readiness-frozen-input	agents/B/B-02/report.md;agents/B/B-02/reading-log.tsv;findings.json;root/feature-reverse-navigation.tsv
project	e1e01bb18d824931e54f182dd61af5a9f908ba85	deliverables/final-specification-set/combat-requirements/wp42-growth-end-of-round-and-battle-outcomes.md	sanitized-body	WP42	FIXED_GIT_TRACKED	readiness-frozen-input	agents/B/B-02/report.md;agents/B/B-02/reading-log.tsv;findings.json;root/feature-reverse-navigation.tsv
project	e1e01bb18d824931e54f182dd61af5a9f908ba85	deliverables/final-specification-set/combat-requirements/wp45-weather-terrain-side-and-position-effects.md	sanitized-body	WP45	FIXED_GIT_TRACKED	readiness-frozen-input	agents/B/B-03/report.md;agents/B/B-03/reading-log.tsv;agents/B/B-03/equivalence.tsv;findings.json;root/feature-reverse-navigation.tsv
project	e1e01bb18d824931e54f182dd61af5a9f908ba85	deliverables/final-specification-set/combat-requirements/wp47-a-attributes-targeting-calling-data.md	sanitized-body	WP47-A	FIXED_GIT_TRACKED	readiness-frozen-input	agents/B/B-04/report.md;corresponding reading-log.tsv and equivalence.tsv;findings.json;root/feature-reverse-navigation.tsv
project	e1e01bb18d824931e54f182dd61af5a9f908ba85	deliverables/final-specification-set/combat-requirements/wp47-a-move-attributes-targeting-and-calling.md	sanitized-body	WP47-A	FIXED_GIT_TRACKED	readiness-frozen-input	agents/B/B-04/report.md;corresponding reading-log.tsv and equivalence.tsv;findings.json;root/feature-reverse-navigation.tsv
project	e1e01bb18d824931e54f182dd61af5a9f908ba85	deliverables/final-specification-set/combat-requirements/wp47-b-control-items-coverage-data.md	sanitized-body	WP47-B	FIXED_GIT_TRACKED	readiness-frozen-input	agents/B/B-04/report.md;corresponding reading-log.tsv and equivalence.tsv;findings.json;root/feature-reverse-navigation.tsv
project	e1e01bb18d824931e54f182dd61af5a9f908ba85	deliverables/final-specification-set/combat-requirements/wp47-b-switching-control-and-item-changes.md	sanitized-body	WP47-B	FIXED_GIT_TRACKED	readiness-frozen-input	agents/B/B-04/report.md;corresponding reading-log.tsv and equivalence.tsv;findings.json;root/feature-reverse-navigation.tsv
project	e1e01bb18d824931e54f182dd61af5a9f908ba85	deliverables/final-specification-set/combat-requirements/wp49-ability-phase-triggers.md	sanitized-body	WP49	FIXED_GIT_TRACKED	readiness-frozen-input	agents/B/B-05/report.md;reading-log.tsv;equivalence.tsv;findings.json;root/feature-reverse-navigation.tsv
project	e1e01bb18d824931e54f182dd61af5a9f908ba85	deliverables/final-specification-set/combat-requirements/wp51-ai-action-selection-and-skill.md	sanitized-body	WP51	FIXED_GIT_TRACKED	readiness-frozen-input	agents/B/B-05/report.md;reading-log.tsv;equivalence.tsv;findings.json;root/feature-reverse-navigation.tsv
project	e1e01bb18d824931e54f182dd61af5a9f908ba85	deliverables/final-specification-set/combat-requirements/wp51-ai-decision-defaults.md	sanitized-body	WP51	FIXED_GIT_TRACKED	readiness-frozen-input	agents/B/B-05/report.md;reading-log.tsv;equivalence.tsv;findings.json;root/feature-reverse-navigation.tsv
project	e1e01bb18d824931e54f182dd61af5a9f908ba85	deliverables/final-specification-set/combat-requirements/wp52-a-evaluation-coverage-and-data.md	sanitized-body	WP52-A	FIXED_GIT_TRACKED	readiness-frozen-input	agents/B/B-06/report.md;agents/B/B-06/equivalence.tsv;agents/B/B-06/reading-log.tsv;findings.json;root/feature-reverse-navigation.tsv
project	e1e01bb18d824931e54f182dd61af5a9f908ba85	deliverables/final-specification-set/combat-requirements/wp52-a-generic-numerical-and-status-evaluation.md	sanitized-body	WP52-A	FIXED_GIT_TRACKED	readiness-frozen-input	agents/B/B-06/report.md;agents/B/B-06/equivalence.tsv;agents/B/B-06/reading-log.tsv;findings.json;root/feature-reverse-navigation.tsv
project	e1e01bb18d824931e54f182dd61af5a9f908ba85	deliverables/final-specification-set/combat-requirements/wp52-b-effect-coverage.md	sanitized-body	WP52-B	FIXED_GIT_TRACKED	readiness-frozen-input	agents/B/B-06/report.md;agents/B/B-06/equivalence.tsv;agents/B/B-06/reading-log.tsv;findings.json;root/feature-reverse-navigation.tsv
project	e1e01bb18d824931e54f182dd61af5a9f908ba85	deliverables/final-specification-set/combat-requirements/wp52-b-field-damage-healing-and-target-evaluation.md	sanitized-body	WP52-B	FIXED_GIT_TRACKED	readiness-frozen-input	agents/B/B-06/report.md;agents/B/B-06/equivalence.tsv;agents/B/B-06/reading-log.tsv;findings.json;root/feature-reverse-navigation.tsv
project	e1e01bb18d824931e54f182dd61af5a9f908ba85	deliverables/final-specification-set/combat-requirements/wp52-c-item-control-coverage-and-data.md	sanitized-body	WP52-C	FIXED_GIT_TRACKED	readiness-frozen-input	agents/B/B-06/report.md;agents/B/B-06/equivalence.tsv;agents/B/B-06/reading-log.tsv;findings.json;root/feature-reverse-navigation.tsv
project	e1e01bb18d824931e54f182dd61af5a9f908ba85	deliverables/final-specification-set/combat-requirements/wp52-c-items-calling-and-control-evaluation.md	sanitized-body	WP52-C	FIXED_GIT_TRACKED	readiness-frozen-input	agents/B/B-06/report.md;agents/B/B-06/equivalence.tsv;agents/B/B-06/reading-log.tsv;findings.json;root/feature-reverse-navigation.tsv
project	e1e01bb18d824931e54f182dd61af5a9f908ba85	deliverables/final-specification-set/combat-requirements/wp54-entry-eligibility-level-adjustment-and-clauses.md	sanitized-body	WP54	FIXED_GIT_TRACKED	readiness-frozen-input	agents/B/B-07/report.md;agents/B/B-07/equivalence.tsv;agents/B/B-07/reading-log.tsv;findings.json;root/feature-reverse-navigation.tsv
project	e1e01bb18d824931e54f182dd61af5a9f908ba85	deliverables/final-specification-set/combat-requirements/wp54-entry-rules-and-cup-data.md	sanitized-body	WP54	FIXED_GIT_TRACKED	readiness-frozen-input	agents/B/B-07/report.md;agents/B/B-07/equivalence.tsv;agents/B/B-07/reading-log.tsv;findings.json;root/feature-reverse-navigation.tsv
project	e1e01bb18d824931e54f182dd61af5a9f908ba85	deliverables/final-specification-set/combat-requirements/wp55-facility-session-and-restoration.md	sanitized-body	WP55	FIXED_GIT_TRACKED	readiness-frozen-input	agents/B/B-07/report.md;agents/B/B-07/equivalence.tsv;agents/B/B-07/reading-log.tsv;findings.json;root/feature-reverse-navigation.tsv
project	e1e01bb18d824931e54f182dd61af5a9f908ba85	deliverables/final-specification-set/combat-requirements/wp56-palace-and-arena-variants.md	sanitized-body	WP56	FIXED_GIT_TRACKED	readiness-frozen-input	agents/B/B-08/report.md;agents/B/B-08/equivalence.tsv;agents/B/B-08/reading-log.tsv;findings.json;root/feature-reverse-navigation.tsv
project	e1e01bb18d824931e54f182dd61af5a9f908ba85	deliverables/final-specification-set/combat-requirements/wp58-battle-recording-and-playback.md	sanitized-body	WP58	FIXED_GIT_TRACKED	readiness-frozen-input	agents/B/B-08/report.md;agents/B/B-08/equivalence.tsv;agents/B/B-08/reading-log.tsv;findings.json;root/feature-reverse-navigation.tsv
project	e1e01bb18d824931e54f182dd61af5a9f908ba85	deliverables/final-specification-set/creature-rpg/wp18-creature-identity-species-ownership.md	sanitized-body	WP18	FIXED_GIT_TRACKED	readiness-frozen-input	agents/A/A-03/report.md;same-agent supplement reports and reading logs;findings.json;root/feature-reverse-navigation.tsv
project	e1e01bb18d824931e54f182dd61af5a9f908ba85	deliverables/final-specification-set/creature-rpg/wp20-hp-status-moves-helditem.md	sanitized-body	WP20	FIXED_GIT_TRACKED	readiness-frozen-input	agents/A/A-03/report.md;same-agent supplement reports and reading logs;findings.json;root/feature-reverse-navigation.tsv
project	e1e01bb18d824931e54f182dd61af5a9f908ba85	deliverables/final-specification-set/creature-rpg/wp24-player-trainers-partners.md	sanitized-body	WP24	FIXED_GIT_TRACKED	readiness-frozen-input	agents/A/A-05/report.md;agents/A/A-05/equivalence.tsv;agents/A/A-05/reading-log.tsv;findings.json;root/feature-reverse-navigation.tsv
project	e1e01bb18d824931e54f182dd61af5a9f908ba85	deliverables/final-specification-set/creature-rpg/wp25-party-and-storage.md	sanitized-body	WP25	FIXED_GIT_TRACKED	readiness-frozen-input	agents/A/A-05/report.md;agents/A/A-05/equivalence.tsv;agents/A/A-05/reading-log.tsv;findings.json;root/feature-reverse-navigation.tsv
project	e1e01bb18d824931e54f182dd61af5a9f908ba85	deliverables/final-specification-set/creature-rpg/wp26-acquisition-gifts-and-script-trade.md	sanitized-body	WP26	FIXED_GIT_TRACKED	readiness-frozen-input	agents/A/A-05/report.md;agents/A/A-05/equivalence.tsv;agents/A/A-05/reading-log.tsv;findings.json;root/feature-reverse-navigation.tsv
project	e1e01bb18d824931e54f182dd61af5a9f908ba85	deliverables/final-specification-set/creature-rpg/wp27-bag-and-item-storage.md	sanitized-body	WP27	FIXED_GIT_TRACKED	readiness-frozen-input	agents/A/A-06/report.md;agents/A/A-06/equivalence.tsv;agents/A/A-06/reading-log.tsv;findings.json;root/feature-reverse-navigation.tsv
project	e1e01bb18d824931e54f182dd61af5a9f908ba85	deliverables/final-specification-set/creature-rpg/wp28-item-use-and-training.md	sanitized-body	WP28	FIXED_GIT_TRACKED	readiness-frozen-input	agents/A/A-06/report.md;agents/A/A-06/equivalence.tsv;agents/A/A-06/reading-log.tsv;findings.json;root/feature-reverse-navigation.tsv
project	e1e01bb18d824931e54f182dd61af5a9f908ba85	deliverables/final-specification-set/creature-rpg/wp29-shops-and-exchanges.md	sanitized-body	WP29	FIXED_GIT_TRACKED	readiness-frozen-input	agents/A/A-06/report.md;agents/A/A-06/equivalence.tsv;agents/A/A-06/reading-log.tsv;findings.json;root/feature-reverse-navigation.tsv
project	e1e01bb18d824931e54f182dd61af5a9f908ba85	deliverables/final-specification-set/creature-rpg/wp30-growth-learning-and-friendship.md	sanitized-body	WP30	FIXED_GIT_TRACKED	readiness-frozen-input	agents/A/A-07/report.md;agents/A/A-07/equivalence.tsv;agents/A/A-07/reading-log.tsv;findings.json;root/feature-reverse-navigation.tsv
project	e1e01bb18d824931e54f182dd61af5a9f908ba85	deliverables/final-specification-set/creature-rpg/wp33-daycare-and-breeding-session.md	sanitized-body	WP33	FIXED_GIT_TRACKED	readiness-frozen-input	agents/A/A-08/report.md;agents/A/A-08/equivalence.tsv;agents/A/A-08/reading-log.tsv;findings.json;root/feature-reverse-navigation.tsv
project	e1e01bb18d824931e54f182dd61af5a9f908ba85	deliverables/final-specification-set/creature-rpg/wp35-eggs-and-hatching.md	sanitized-body	WP35	FIXED_GIT_TRACKED	readiness-frozen-input	agents/A/A-08/report.md;agents/A/A-08/equivalence.tsv;agents/A/A-08/reading-log.tsv;findings.json;root/feature-reverse-navigation.tsv
project	e1e01bb18d824931e54f182dd61af5a9f908ba85	deliverables/final-specification-set/creature-rpg/wp36-wild-encounters-and-modifiers.md	sanitized-body	WP36	FIXED_GIT_TRACKED	readiness-frozen-input	agents/C/C-05/report.md;agents/C/C-05/equivalence.tsv;agents/C/C-05/reading-log.tsv;findings.json;root/feature-reverse-navigation.tsv
project	e1e01bb18d824931e54f182dd61af5a9f908ba85	deliverables/final-specification-set/creature-rpg/wp57-factory-rentals-and-swaps.md	sanitized-body	WP57	FIXED_GIT_TRACKED	readiness-frozen-input	agents/B/B-08/report.md;agents/B/B-08/equivalence.tsv;agents/B/B-08/reading-log.tsv;findings.json;root/feature-reverse-navigation.tsv
project	e1e01bb18d824931e54f182dd61af5a9f908ba85	deliverables/final-specification-set/creature-rpg/wp64-mail-and-mystery-gift.md	sanitized-body	WP64	FIXED_GIT_TRACKED	readiness-frozen-input	agents/A/A-08/report.md;agents/A/A-08/equivalence.tsv;agents/A/A-08/reading-log.tsv;findings.json;root/feature-reverse-navigation.tsv
project	e1e01bb18d824931e54f182dd61af5a9f908ba85	deliverables/final-specification-set/creature-rpg/wp68-triple-triad.md	sanitized-body	WP68	FIXED_GIT_TRACKED	readiness-frozen-input	agents/C/C-08/report.md;equivalence.tsv;reading-log.tsv;findings.json;root/feature-reverse-navigation.tsv
project	e1e01bb18d824931e54f182dd61af5a9f908ba85	deliverables/final-specification-set/demo-dx/wp72-debug-contexts-and-controls.md	sanitized-body	WP72	FIXED_GIT_TRACKED	readiness-frozen-input	agents/C/C-01/report.md;same-agent supplement reports and reading logs;findings.json;root/feature-reverse-navigation.tsv
project	e1e01bb18d824931e54f182dd61af5a9f908ba85	deliverables/final-specification-set/demo-dx/wp73-a-content-editors.md	sanitized-body	WP73-A	FIXED_GIT_TRACKED	readiness-frozen-input	agents/C/C-01/report.md;same-agent supplement reports and reading logs;findings.json;root/feature-reverse-navigation.tsv
project	e1e01bb18d824931e54f182dd61af5a9f908ba85	deliverables/final-specification-set/demo-dx/wp73-b-world-editors.md	sanitized-body	WP73-B	FIXED_GIT_TRACKED	readiness-frozen-input	agents/C/C-01/report.md;same-agent supplement reports and reading logs;findings.json;root/feature-reverse-navigation.tsv
project	e1e01bb18d824931e54f182dd61af5a9f908ba85	deliverables/final-specification-set/demo-dx/wp74-battle-animation-authoring-and-exchange.md	sanitized-body	WP74	FIXED_GIT_TRACKED	readiness-frozen-input	agents/C/C-02/report.md;corresponding reading-log.tsv and equivalence.tsv;findings.json;root/feature-reverse-navigation.tsv
project	e1e01bb18d824931e54f182dd61af5a9f908ba85	deliverables/final-specification-set/demo-dx/wp75-project-conversion-and-authoring-tools.md	sanitized-body	WP75	FIXED_GIT_TRACKED	readiness-frozen-input	agents/C/C-02/report.md;corresponding reading-log.tsv and equivalence.tsv;findings.json;root/feature-reverse-navigation.tsv
project	e1e01bb18d824931e54f182dd61af5a9f908ba85	deliverables/final-specification-set/demo-dx/wp76-facility-content-generation-and-simulation.md	sanitized-body	WP76	FIXED_GIT_TRACKED	readiness-frozen-input	agents/B/B-09/report.md;agents/B/B-09/equivalence.tsv;agents/B/B-09/reading-log.tsv;findings.json;root/feature-reverse-navigation.tsv
project	e1e01bb18d824931e54f182dd61af5a9f908ba85	deliverables/final-specification-set/demo-dx/wp77-demo-evidence-and-capability-coverage.md	sanitized-body	WP77	FIXED_GIT_TRACKED	readiness-frozen-input	agents/C/C-02/report.md;corresponding reading-log.tsv and equivalence.tsv;findings.json;root/feature-reverse-navigation.tsv
project	e1e01bb18d824931e54f182dd61af5a9f908ba85	deliverables/final-specification-set/engine-overworld/wp11-map-topology-transfer.md	sanitized-body	WP11	FIXED_GIT_TRACKED	readiness-frozen-input	agents/C/C-03/report.md;reading-log.tsv;equivalence.tsv;findings.json;root/feature-reverse-navigation.tsv
project	e1e01bb18d824931e54f182dd61af5a9f908ba85	deliverables/final-specification-set/engine-overworld/wp12-terrain-movement-vehicles.md	sanitized-body	WP12	FIXED_GIT_TRACKED	readiness-frozen-input	agents/C/C-03/report.md;reading-log.tsv;equivalence.tsv;findings.json;root/feature-reverse-navigation.tsv
project	e1e01bb18d824931e54f182dd61af5a9f908ba85	deliverables/final-specification-set/engine-overworld/wp13-interpreter-command-matrix.md	sanitized-body	WP13	FIXED_GIT_TRACKED	readiness-frozen-input	agents/C/C-03/report.md;reading-log.tsv;equivalence.tsv;findings.json;root/feature-reverse-navigation.tsv
project	e1e01bb18d824931e54f182dd61af5a9f908ba85	deliverables/final-specification-set/engine-overworld/wp13-map-events-npc-followers.md	sanitized-body	WP13	FIXED_GIT_TRACKED	readiness-frozen-input	agents/C/C-03/report.md;reading-log.tsv;equivalence.tsv;findings.json;root/feature-reverse-navigation.tsv
project	e1e01bb18d824931e54f182dd61af5a9f908ba85	deliverables/final-specification-set/engine-overworld/wp13-move-route-matrix.md	sanitized-body	WP13	FIXED_GIT_TRACKED	readiness-frozen-input	agents/C/C-03/report.md;reading-log.tsv;equivalence.tsv;findings.json;root/feature-reverse-navigation.tsv
project	e1e01bb18d824931e54f182dd61af5a9f908ba85	deliverables/final-specification-set/engine-overworld/wp14-random-dungeons.md	sanitized-body	WP14	FIXED_GIT_TRACKED	readiness-frozen-input	agents/C/C-03/report.md;reading-log.tsv;equivalence.tsv;findings.json;root/feature-reverse-navigation.tsv
project	e1e01bb18d824931e54f182dd61af5a9f908ba85	deliverables/final-specification-set/engine-overworld/wp15-resource-matching-and-audio.md	sanitized-body	WP15	FIXED_GIT_TRACKED	readiness-frozen-input	agents/C/C-04/report.md;agents/C/C-04/equivalence.tsv;agents/C/C-04/reading-log.tsv;findings.json;root/feature-reverse-navigation.tsv
project	e1e01bb18d824931e54f182dd61af5a9f908ba85	deliverables/final-specification-set/engine-overworld/wp16-pre-battle-transitions.md	sanitized-body	WP16	FIXED_GIT_TRACKED	readiness-frozen-input	agents/C/C-04/report.md;agents/C/C-04/equivalence.tsv;agents/C/C-04/reading-log.tsv;findings.json;root/feature-reverse-navigation.tsv
project	e1e01bb18d824931e54f182dd61af5a9f908ba85	deliverables/final-specification-set/engine-overworld/wp16-world-rendering-and-visual-transitions.md	sanitized-body	WP16	FIXED_GIT_TRACKED	readiness-frozen-input	agents/C/C-04/report.md;agents/C/C-04/equivalence.tsv;agents/C/C-04/reading-log.tsv;findings.json;root/feature-reverse-navigation.tsv
project	e1e01bb18d824931e54f182dd61af5a9f908ba85	deliverables/final-specification-set/engine-overworld/wp59-world-time-weather-field-moves.md	sanitized-body	WP59	FIXED_GIT_TRACKED	readiness-frozen-input	agents/C/C-05/report.md;agents/C/C-05/equivalence.tsv;agents/C/C-05/reading-log.tsv;findings.json;root/feature-reverse-navigation.tsv
project	e1e01bb18d824931e54f182dd61af5a9f908ba85	deliverables/final-specification-set/engine-overworld/wp60-fishing.md	sanitized-body	WP60	FIXED_GIT_TRACKED	readiness-frozen-input	agents/C/C-06/report.md;agents/C/C-06/equivalence.tsv;agents/C/C-06/reading-log.tsv;findings.json;root/feature-reverse-navigation.tsv
project	e1e01bb18d824931e54f182dd61af5a9f908ba85	deliverables/final-specification-set/generic-kernel/wp02-rule-configuration-and-data-variants.md	sanitized-body	WP02	FIXED_GIT_TRACKED	readiness-frozen-input	agents/A/A-01/report.md;agents/A/A-01/reading-log.tsv;findings.json;root/feature-reverse-navigation.tsv
project	e1e01bb18d824931e54f182dd61af5a9f908ba85	deliverables/final-specification-set/generic-kernel/wp03-content-identity-and-schema.md	sanitized-body	WP03	FIXED_GIT_TRACKED	readiness-frozen-input	agents/A/A-01/report.md;agents/A/A-01/reading-log.tsv;findings.json;root/feature-reverse-navigation.tsv
project	e1e01bb18d824931e54f182dd61af5a9f908ba85	deliverables/final-specification-set/generic-kernel/wp04-pbs-lifecycle.md	sanitized-body	WP04	FIXED_GIT_TRACKED	readiness-frozen-input	agents/A/A-01/report.md;agents/A/A-01/reading-log.tsv;findings.json;root/feature-reverse-navigation.tsv
project	e1e01bb18d824931e54f182dd61af5a9f908ba85	deliverables/final-specification-set/generic-kernel/wp05-events-extensions-plugins.md	sanitized-body	WP05	FIXED_GIT_TRACKED	readiness-frozen-input	agents/A/A-01/report.md;agents/A/A-01/reading-log.tsv;findings.json;root/feature-reverse-navigation.tsv
project	e1e01bb18d824931e54f182dd61af5a9f908ba85	deliverables/final-specification-set/generic-kernel/wp06-stats-directory.md	sanitized-body	WP06	FIXED_GIT_TRACKED	readiness-frozen-input	agents/A/A-02/report.md;agents/A/A-02/reading-log.tsv;findings.json;root/feature-reverse-navigation.tsv
project	e1e01bb18d824931e54f182dd61af5a9f908ba85	deliverables/final-specification-set/generic-kernel/wp06-time-random-steps-stats.md	sanitized-body	WP06	FIXED_GIT_TRACKED	readiness-frozen-input	agents/A/A-02/report.md;agents/A/A-02/reading-log.tsv;findings.json;root/feature-reverse-navigation.tsv
project	e1e01bb18d824931e54f182dd61af5a9f908ba85	deliverables/final-specification-set/generic-kernel/wp07-deprecation-appendix.md	sanitized-body	WP07	FIXED_GIT_TRACKED	readiness-frozen-input	agents/A/A-02/report.md;agents/A/A-02/reading-log.tsv;findings.json;root/feature-reverse-navigation.tsv
project	e1e01bb18d824931e54f182dd61af5a9f908ba85	deliverables/final-specification-set/generic-kernel/wp07-diagnostics-files-http.md	sanitized-body	WP07	FIXED_GIT_TRACKED	readiness-frozen-input	agents/A/A-02/report.md;agents/A/A-02/reading-log.tsv;findings.json;root/feature-reverse-navigation.tsv
project	e1e01bb18d824931e54f182dd61af5a9f908ba85	deliverables/final-specification-set/generic-kernel/wp08-localization.md	sanitized-body	WP08	FIXED_GIT_TRACKED	readiness-frozen-input	agents/A/A-02/report.md;agents/A/A-02/reading-log.tsv;findings.json;root/feature-reverse-navigation.tsv
project	e1e01bb18d824931e54f182dd61af5a9f908ba85	deliverables/final-specification-set/generic-kernel/wp09-save-startup-continue.md	sanitized-body	WP09	FIXED_GIT_TRACKED	readiness-frozen-input	agents/A/A-02/report.md;agents/A/A-02/reading-log.tsv;findings.json;root/feature-reverse-navigation.tsv
project	e1e01bb18d824931e54f182dd61af5a9f908ba85	deliverables/final-specification-set/generic-kernel/wp10-migration-failure-recovery.md	sanitized-body	WP10	FIXED_GIT_TRACKED	readiness-frozen-input	agents/A/A-02/report.md;agents/A/A-02/reading-log.tsv;findings.json;root/feature-reverse-navigation.tsv
project	e1e01bb18d824931e54f182dd61af5a9f908ba85	deliverables/final-specification-set/pokemon-rules/wp19-attributes-ability-and-stats.md	sanitized-body	WP19	FIXED_GIT_TRACKED	readiness-frozen-input	agents/A/A-03/report.md;same-agent supplement reports and reading logs;findings.json;root/feature-reverse-navigation.tsv
project	e1e01bb18d824931e54f182dd61af5a9f908ba85	deliverables/final-specification-set/pokemon-rules/wp21-dynamic-forms-and-display.md	sanitized-body	WP21	FIXED_GIT_TRACKED	readiness-frozen-input	agents/A/A-04/report.md;corresponding reading-log.tsv and equivalence.tsv;findings.json;root/feature-reverse-navigation.tsv
project	e1e01bb18d824931e54f182dd61af5a9f908ba85	deliverables/final-specification-set/pokemon-rules/wp22-mega-and-primal-reversion.md	sanitized-body	WP22	FIXED_GIT_TRACKED	readiness-frozen-input	agents/A/A-04/report.md;corresponding reading-log.tsv and equivalence.tsv;findings.json;root/feature-reverse-navigation.tsv
project	e1e01bb18d824931e54f182dd61af5a9f908ba85	deliverables/final-specification-set/pokemon-rules/wp22-transformation-data.md	sanitized-body	WP22	FIXED_GIT_TRACKED	readiness-frozen-input	agents/A/A-04/report.md;corresponding reading-log.tsv and equivalence.tsv;findings.json;root/feature-reverse-navigation.tsv
project	e1e01bb18d824931e54f182dd61af5a9f908ba85	deliverables/final-specification-set/pokemon-rules/wp23-shadow-data-and-vectors.md	sanitized-body	WP23	FIXED_GIT_TRACKED	readiness-frozen-input	agents/A/A-04/report.md;corresponding reading-log.tsv and equivalence.tsv;findings.json;root/feature-reverse-navigation.tsv
project	e1e01bb18d824931e54f182dd61af5a9f908ba85	deliverables/final-specification-set/pokemon-rules/wp23-shadow-hyper-and-purification.md	sanitized-body	WP23	FIXED_GIT_TRACKED	readiness-frozen-input	agents/A/A-04/report.md;corresponding reading-log.tsv and equivalence.tsv;findings.json;root/feature-reverse-navigation.tsv
project	e1e01bb18d824931e54f182dd61af5a9f908ba85	deliverables/final-specification-set/pokemon-rules/wp31-basic-evolution.md	sanitized-body	WP31	FIXED_GIT_TRACKED	readiness-frozen-input	agents/A/A-07/report.md;agents/A/A-07/equivalence.tsv;agents/A/A-07/reading-log.tsv;findings.json;root/feature-reverse-navigation.tsv
project	e1e01bb18d824931e54f182dd61af5a9f908ba85	deliverables/final-specification-set/pokemon-rules/wp32-context-inputs-and-scenarios.md	sanitized-body	WP32	FIXED_GIT_TRACKED	readiness-frozen-input	agents/A/A-07/report.md;agents/A/A-07/equivalence.tsv;agents/A/A-07/reading-log.tsv;findings.json;root/feature-reverse-navigation.tsv
project	e1e01bb18d824931e54f182dd61af5a9f908ba85	deliverables/final-specification-set/pokemon-rules/wp32-contextual-trade-and-post-battle-evolution.md	sanitized-body	WP32	FIXED_GIT_TRACKED	readiness-frozen-input	agents/A/A-07/report.md;agents/A/A-07/equivalence.tsv;agents/A/A-07/reading-log.tsv;findings.json;root/feature-reverse-navigation.tsv
project	e1e01bb18d824931e54f182dd61af5a9f908ba85	deliverables/final-specification-set/pokemon-rules/wp34-inheritance-and-offspring.md	sanitized-body	WP34	FIXED_GIT_TRACKED	readiness-frozen-input	agents/A/A-08/report.md;agents/A/A-08/equivalence.tsv;agents/A/A-08/reading-log.tsv;findings.json;root/feature-reverse-navigation.tsv
project	e1e01bb18d824931e54f182dd61af5a9f908ba85	deliverables/final-specification-set/pokemon-rules/wp37-roaming-and-poke-radar.md	sanitized-body	WP37	FIXED_GIT_TRACKED	readiness-frozen-input	agents/C/C-05/report.md;agents/C/C-05/equivalence.tsv;agents/C/C-05/reading-log.tsv;findings.json;root/feature-reverse-navigation.tsv
project	e1e01bb18d824931e54f182dd61af5a9f908ba85	deliverables/final-specification-set/pokemon-rules/wp38-capture-and-receiving.md	sanitized-body	WP38	FIXED_GIT_TRACKED	readiness-frozen-input	agents/B/B-01/report.md;agents/B/B-01/reading-log.tsv;findings.json;root/feature-reverse-navigation.tsv
project	e1e01bb18d824931e54f182dd61af5a9f908ba85	deliverables/final-specification-set/pokemon-rules/wp43-types-accuracy-and-damage.md	sanitized-body	WP43	FIXED_GIT_TRACKED	readiness-frozen-input	agents/B/B-02/report.md;agents/B/B-02/reading-log.tsv;findings.json;root/feature-reverse-navigation.tsv
project	e1e01bb18d824931e54f182dd61af5a9f908ba85	deliverables/final-specification-set/pokemon-rules/wp44-effect-coverage.md	sanitized-body	WP44	FIXED_GIT_TRACKED	readiness-frozen-input	agents/B/B-03/report.md;agents/B/B-03/reading-log.tsv;agents/B/B-03/equivalence.tsv;findings.json;root/feature-reverse-navigation.tsv
project	e1e01bb18d824931e54f182dd61af5a9f908ba85	deliverables/final-specification-set/pokemon-rules/wp44-statuses-stat-stages-and-immunities.md	sanitized-body	WP44	FIXED_GIT_TRACKED	readiness-frozen-input	agents/B/B-03/report.md;agents/B/B-03/reading-log.tsv;agents/B/B-03/equivalence.tsv;findings.json;root/feature-reverse-navigation.tsv
project	e1e01bb18d824931e54f182dd61af5a9f908ba85	deliverables/final-specification-set/pokemon-rules/wp46-damage-healing-coverage.md	sanitized-body	WP46	FIXED_GIT_TRACKED	readiness-frozen-input	agents/B/B-03/report.md;agents/B/B-03/reading-log.tsv;agents/B/B-03/equivalence.tsv;findings.json;root/feature-reverse-navigation.tsv
project	e1e01bb18d824931e54f182dd61af5a9f908ba85	deliverables/final-specification-set/pokemon-rules/wp46-damage-multihit-and-healing.md	sanitized-body	WP46	FIXED_GIT_TRACKED	readiness-frozen-input	agents/B/B-03/report.md;agents/B/B-03/reading-log.tsv;agents/B/B-03/equivalence.tsv;findings.json;root/feature-reverse-navigation.tsv
project	e1e01bb18d824931e54f182dd61af5a9f908ba85	deliverables/final-specification-set/pokemon-rules/wp48-ability-calculation-modifiers.md	sanitized-body	WP48	FIXED_GIT_TRACKED	readiness-frozen-input	agents/B/B-04/report.md;corresponding reading-log.tsv and equivalence.tsv;findings.json;root/feature-reverse-navigation.tsv
project	e1e01bb18d824931e54f182dd61af5a9f908ba85	deliverables/final-specification-set/pokemon-rules/wp50-held-item-effect-coverage.md	sanitized-body	WP50	FIXED_GIT_TRACKED	readiness-frozen-input	agents/B/B-05/report.md;reading-log.tsv;equivalence.tsv;findings.json;root/feature-reverse-navigation.tsv
project	e1e01bb18d824931e54f182dd61af5a9f908ba85	deliverables/final-specification-set/pokemon-rules/wp50-held-item-triggers-and-consumption.md	sanitized-body	WP50	FIXED_GIT_TRACKED	readiness-frozen-input	agents/B/B-05/report.md;reading-log.tsv;equivalence.tsv;findings.json;root/feature-reverse-navigation.tsv
project	e1e01bb18d824931e54f182dd61af5a9f908ba85	deliverables/final-specification-set/pokemon-rules/wp53-safari-and-bug-catching-contest.md	sanitized-body	WP53	FIXED_GIT_TRACKED	readiness-frozen-input	agents/B/B-07/report.md;agents/B/B-07/equivalence.tsv;agents/B/B-07/reading-log.tsv;findings.json;root/feature-reverse-navigation.tsv
project	e1e01bb18d824931e54f182dd61af5a9f908ba85	deliverables/final-specification-set/pokemon-rules/wp60-berry-plants.md	sanitized-body	WP60	FIXED_GIT_TRACKED	readiness-frozen-input	agents/C/C-06/report.md;agents/C/C-06/equivalence.tsv;agents/C/C-06/reading-log.tsv;findings.json;root/feature-reverse-navigation.tsv
project	e1e01bb18d824931e54f182dd61af5a9f908ba85	deliverables/final-specification-set/pokemon-rules/wp61-field-passive-effects-and-blackout.md	sanitized-body	WP61	FIXED_GIT_TRACKED	readiness-frozen-input	agents/C/C-06/report.md;agents/C/C-06/equivalence.tsv;agents/C/C-06/reading-log.tsv;findings.json;root/feature-reverse-navigation.tsv
project	e1e01bb18d824931e54f182dd61af5a9f908ba85	deliverables/final-specification-set/pokemon-rules/wp62-pokedex-records-regions-and-content.md	sanitized-body	WP62	FIXED_GIT_TRACKED	readiness-frozen-input	agents/A/A-08/report.md;agents/A/A-08/equivalence.tsv;agents/A/A-08/reading-log.tsv;findings.json;root/feature-reverse-navigation.tsv
project	e1e01bb18d824931e54f182dd61af5a9f908ba85	deliverables/final-specification-set/pokemon-rules/wp69-voltorb-flip.md	sanitized-body	WP69	FIXED_GIT_TRACKED	readiness-frozen-input	agents/C/C-08/report.md;equivalence.tsv;reading-log.tsv;findings.json;root/feature-reverse-navigation.tsv
project	e1e01bb18d824931e54f182dd61af5a9f908ba85	deliverables/final-specification-set/pokemon-rules/wp69-voltorb-layouts.md	sanitized-body	WP69	FIXED_GIT_TRACKED	readiness-frozen-input	agents/C/C-08/report.md;equivalence.tsv;reading-log.tsv;findings.json;root/feature-reverse-navigation.tsv
project	e1e01bb18d824931e54f182dd61af5a9f908ba85	deliverables/final-specification-set/pokemon-rules/wp70-lottery.md	sanitized-body	WP70	FIXED_GIT_TRACKED	readiness-frozen-input	agents/C/C-08/report.md;equivalence.tsv;reading-log.tsv;findings.json;root/feature-reverse-navigation.tsv
project	e1e01bb18d824931e54f182dd61af5a9f908ba85	deliverables/final-specification-set/scope-statement.md	scope-governance	WP01	FIXED_GIT_TRACKED	readiness-frozen-input	agents/A/A-01/report.md;agents/A/A-01/reading-log.tsv;findings.json;root/feature-reverse-navigation.tsv
project	e1e01bb18d824931e54f182dd61af5a9f908ba85	deliverables/final-specification-set/test-catalog/README.md	static-test-index	-	FIXED_GIT_TRACKED	readiness-frozen-input	root/static-test-row-index.tsv; agents/D/reading-log.tsv; relevant primary reading/equivalence tables
project	e1e01bb18d824931e54f182dd61af5a9f908ba85	deliverables/final-specification-set/test-catalog/combat-requirements-wp39-40-41-42-45.md	static-test-family	WP39	FIXED_GIT_TRACKED	readiness-frozen-input	root/static-test-row-index.tsv; agents/D/reading-log.tsv; relevant primary reading/equivalence tables
project	e1e01bb18d824931e54f182dd61af5a9f908ba85	deliverables/final-specification-set/test-catalog/combat-requirements-wp47-ab.md	static-test-family	WP47	FIXED_GIT_TRACKED	readiness-frozen-input	root/static-test-row-index.tsv; agents/D/reading-log.tsv; relevant primary reading/equivalence tables
project	e1e01bb18d824931e54f182dd61af5a9f908ba85	deliverables/final-specification-set/test-catalog/combat-requirements-wp49-51-52.md	static-test-family	WP49	FIXED_GIT_TRACKED	readiness-frozen-input	root/static-test-row-index.tsv; agents/D/reading-log.tsv; relevant primary reading/equivalence tables
project	e1e01bb18d824931e54f182dd61af5a9f908ba85	deliverables/final-specification-set/test-catalog/combat-requirements-wp54-55-56-58.md	static-test-family	WP54	FIXED_GIT_TRACKED	readiness-frozen-input	root/static-test-row-index.tsv; agents/D/reading-log.tsv; relevant primary reading/equivalence tables
project	e1e01bb18d824931e54f182dd61af5a9f908ba85	deliverables/final-specification-set/test-catalog/creature-rpg-wp18-20-24-25-26.md	static-test-family	WP18	FIXED_GIT_TRACKED	readiness-frozen-input	root/static-test-row-index.tsv; agents/D/reading-log.tsv; relevant primary reading/equivalence tables
project	e1e01bb18d824931e54f182dd61af5a9f908ba85	deliverables/final-specification-set/test-catalog/creature-rpg-wp27-28-29-30-33.md	static-test-family	WP27	FIXED_GIT_TRACKED	readiness-frozen-input	root/static-test-row-index.tsv; agents/D/reading-log.tsv; relevant primary reading/equivalence tables
project	e1e01bb18d824931e54f182dd61af5a9f908ba85	deliverables/final-specification-set/test-catalog/creature-rpg-wp35-36-57-64-68.md	static-test-family	WP35	FIXED_GIT_TRACKED	readiness-frozen-input	root/static-test-row-index.tsv; agents/D/reading-log.tsv; relevant primary reading/equivalence tables
project	e1e01bb18d824931e54f182dd61af5a9f908ba85	deliverables/final-specification-set/test-catalog/demo-dx-wp72-73-74-75-76-77.md	static-test-family	WP72	FIXED_GIT_TRACKED	readiness-frozen-input	root/static-test-row-index.tsv; agents/D/reading-log.tsv; relevant primary reading/equivalence tables
project	e1e01bb18d824931e54f182dd61af5a9f908ba85	deliverables/final-specification-set/test-catalog/engine-overworld-wp11-15-59-60.md	static-test-family	WP11	FIXED_GIT_TRACKED	readiness-frozen-input	root/static-test-row-index.tsv; agents/D/reading-log.tsv; relevant primary reading/equivalence tables
project	e1e01bb18d824931e54f182dd61af5a9f908ba85	deliverables/final-specification-set/test-catalog/engine-overworld-wp16.md	static-test-family	WP16	FIXED_GIT_TRACKED	readiness-frozen-input	root/static-test-row-index.tsv; agents/D/reading-log.tsv; relevant primary reading/equivalence tables
project	e1e01bb18d824931e54f182dd61af5a9f908ba85	deliverables/final-specification-set/test-catalog/generic-kernel-wp02-03-04.md	static-test-family	WP02	FIXED_GIT_TRACKED	readiness-frozen-input	root/static-test-row-index.tsv; agents/D/reading-log.tsv; relevant primary reading/equivalence tables
project	e1e01bb18d824931e54f182dd61af5a9f908ba85	deliverables/final-specification-set/test-catalog/generic-kernel-wp05-06-07-08-09-10.md	static-test-family	WP05	FIXED_GIT_TRACKED	readiness-frozen-input	root/static-test-row-index.tsv; agents/D/reading-log.tsv; relevant primary reading/equivalence tables
project	e1e01bb18d824931e54f182dd61af5a9f908ba85	deliverables/final-specification-set/test-catalog/pokemon-rules-wp19-21-22-23-34.md	static-test-family	WP19	FIXED_GIT_TRACKED	readiness-frozen-input	root/static-test-row-index.tsv; agents/D/reading-log.tsv; relevant primary reading/equivalence tables
project	e1e01bb18d824931e54f182dd61af5a9f908ba85	deliverables/final-specification-set/test-catalog/pokemon-rules-wp31-32-37-38.md	static-test-family	WP31	FIXED_GIT_TRACKED	readiness-frozen-input	root/static-test-row-index.tsv; agents/D/reading-log.tsv; relevant primary reading/equivalence tables
project	e1e01bb18d824931e54f182dd61af5a9f908ba85	deliverables/final-specification-set/test-catalog/pokemon-rules-wp43-44-46-48-50.md	static-test-family	WP43	FIXED_GIT_TRACKED	readiness-frozen-input	root/static-test-row-index.tsv; agents/D/reading-log.tsv; relevant primary reading/equivalence tables
project	e1e01bb18d824931e54f182dd61af5a9f908ba85	deliverables/final-specification-set/test-catalog/pokemon-rules-wp53-60-61-62-69-70.md	static-test-family	WP53	FIXED_GIT_TRACKED	readiness-frozen-input	root/static-test-row-index.tsv; agents/D/reading-log.tsv; relevant primary reading/equivalence tables
project	e1e01bb18d824931e54f182dd61af5a9f908ba85	deliverables/final-specification-set/test-catalog/user-interface-wp17-63-65-66-67-68-69-70-71.md	static-test-family	WP17	FIXED_GIT_TRACKED	readiness-frozen-input	root/static-test-row-index.tsv; agents/D/reading-log.tsv; relevant primary reading/equivalence tables
project	e1e01bb18d824931e54f182dd61af5a9f908ba85	deliverables/final-specification-set/user-interface/wp17-draw-text-tags.md	sanitized-body	WP17	FIXED_GIT_TRACKED	readiness-frozen-input	agents/C/C-04/report.md;agents/C/C-04/equivalence.tsv;agents/C/C-04/reading-log.tsv;findings.json;root/feature-reverse-navigation.tsv
project	e1e01bb18d824931e54f182dd61af5a9f908ba85	deliverables/final-specification-set/user-interface/wp17-messages-windows-input.md	sanitized-body	WP17	FIXED_GIT_TRACKED	readiness-frozen-input	agents/C/C-04/report.md;agents/C/C-04/equivalence.tsv;agents/C/C-04/reading-log.tsv;findings.json;root/feature-reverse-navigation.tsv
project	e1e01bb18d824931e54f182dd61af5a9f908ba85	deliverables/final-specification-set/user-interface/wp63-pokegear-map-music-and-phone.md	sanitized-body	WP63	FIXED_GIT_TRACKED	readiness-frozen-input	agents/C/C-06/report.md;agents/C/C-06/equivalence.tsv;agents/C/C-06/reading-log.tsv;findings.json;root/feature-reverse-navigation.tsv
project	e1e01bb18d824931e54f182dd61af5a9f908ba85	deliverables/final-specification-set/user-interface/wp65-controls-help-appendix.md	sanitized-body	WP65	FIXED_GIT_TRACKED	readiness-frozen-input	agents/C/C-06/report.md;agents/C/C-06/equivalence.tsv;agents/C/C-06/reading-log.tsv;findings.json;root/feature-reverse-navigation.tsv
project	e1e01bb18d824931e54f182dd61af5a9f908ba85	deliverables/final-specification-set/user-interface/wp65-title-load-options-pause-and-pc.md	sanitized-body	WP65	FIXED_GIT_TRACKED	readiness-frozen-input	agents/C/C-06/report.md;agents/C/C-06/equivalence.tsv;agents/C/C-06/reading-log.tsv;findings.json;root/feature-reverse-navigation.tsv
project	e1e01bb18d824931e54f182dd61af5a9f908ba85	deliverables/final-specification-set/user-interface/wp65-trainer-card-appendix.md	sanitized-body	WP65	FIXED_GIT_TRACKED	readiness-frozen-input	agents/C/C-06/report.md;agents/C/C-06/equivalence.tsv;agents/C/C-06/reading-log.tsv;findings.json;root/feature-reverse-navigation.tsv
project	e1e01bb18d824931e54f182dd61af5a9f908ba85	deliverables/final-specification-set/user-interface/wp66-a-party-and-summary-ui.md	sanitized-body	WP66-A	FIXED_GIT_TRACKED	readiness-frozen-input	agents/C/C-07/report.md;equivalence.tsv;reading-log.tsv;storage-comparison.md;findings.json;root/feature-reverse-navigation.tsv
project	e1e01bb18d824931e54f182dd61af5a9f908ba85	deliverables/final-specification-set/user-interface/wp66-b-storage-and-pokedex-ui.md	sanitized-body	WP66-B	FIXED_GIT_TRACKED	readiness-frozen-input	agents/C/C-07/report.md;equivalence.tsv;reading-log.tsv;storage-comparison.md;findings.json;root/feature-reverse-navigation.tsv
project	e1e01bb18d824931e54f182dd61af5a9f908ba85	deliverables/final-specification-set/user-interface/wp66-c-bag-item-storage-and-shop-ui.md	sanitized-body	WP66-C	FIXED_GIT_TRACKED	readiness-frozen-input	agents/C/C-07/report.md;equivalence.tsv;reading-log.tsv;storage-comparison.md;findings.json;root/feature-reverse-navigation.tsv
project	e1e01bb18d824931e54f182dd61af5a9f908ba85	deliverables/final-specification-set/user-interface/wp67-a-battle-interaction-and-presentation.md	sanitized-body	WP67-A	FIXED_GIT_TRACKED	readiness-frozen-input	agents/B/B-09/report.md;agents/B/B-09/equivalence.tsv;agents/B/B-09/reading-log.tsv;findings.json;root/feature-reverse-navigation.tsv
project	e1e01bb18d824931e54f182dd61af5a9f908ba85	deliverables/final-specification-set/user-interface/wp67-b-lifecycle-presentations-and-history.md	sanitized-body	WP67-B	FIXED_GIT_TRACKED	readiness-frozen-input	agents/C/C-07/report.md;equivalence.tsv;reading-log.tsv;storage-comparison.md;findings.json;root/feature-reverse-navigation.tsv
project	e1e01bb18d824931e54f182dd61af5a9f908ba85	deliverables/final-specification-set/user-interface/wp68-duel.md	sanitized-body	WP68	FIXED_GIT_TRACKED	readiness-frozen-input	agents/C/C-08/report.md;equivalence.tsv;reading-log.tsv;findings.json;root/feature-reverse-navigation.tsv
project	e1e01bb18d824931e54f182dd61af5a9f908ba85	deliverables/final-specification-set/user-interface/wp69-slot-machine.md	sanitized-body	WP69	FIXED_GIT_TRACKED	readiness-frozen-input	agents/C/C-08/report.md;equivalence.tsv;reading-log.tsv;findings.json;root/feature-reverse-navigation.tsv
project	e1e01bb18d824931e54f182dd61af5a9f908ba85	deliverables/final-specification-set/user-interface/wp69-slot-reels.md	sanitized-body	WP69	FIXED_GIT_TRACKED	readiness-frozen-input	agents/C/C-08/report.md;equivalence.tsv;reading-log.tsv;findings.json;root/feature-reverse-navigation.tsv
project	e1e01bb18d824931e54f182dd61af5a9f908ba85	deliverables/final-specification-set/user-interface/wp70-mining-data.md	sanitized-body	WP70	FIXED_GIT_TRACKED	readiness-frozen-input	agents/C/C-08/report.md;equivalence.tsv;reading-log.tsv;findings.json;root/feature-reverse-navigation.tsv
project	e1e01bb18d824931e54f182dd61af5a9f908ba85	deliverables/final-specification-set/user-interface/wp70-mining.md	sanitized-body	WP70	FIXED_GIT_TRACKED	readiness-frozen-input	agents/C/C-08/report.md;equivalence.tsv;reading-log.tsv;findings.json;root/feature-reverse-navigation.tsv
project	e1e01bb18d824931e54f182dd61af5a9f908ba85	deliverables/final-specification-set/user-interface/wp71-tile-puzzles.md	sanitized-body	WP71	FIXED_GIT_TRACKED	readiness-frozen-input	agents/C/C-08/report.md;equivalence.tsv;reading-log.tsv;findings.json;root/feature-reverse-navigation.tsv
project	e1e01bb18d824931e54f182dd61af5a9f908ba85	planning/coverage.md	approved-effective-artifact	-	FIXED_GIT_TRACKED	approved-effective-artifact	ROOT logs or fixed approval/freeze identity checks; role-specific reading scope retained
project	e1e01bb18d824931e54f182dd61af5a9f908ba85	planning/extraction-plan.md	approved-effective-artifact	-	FIXED_GIT_TRACKED	approved-effective-artifact	ROOT logs or fixed approval/freeze identity checks; role-specific reading scope retained
project	e1e01bb18d824931e54f182dd61af5a9f908ba85	planning/feature-matrix.md	approved-effective-artifact	-	FIXED_GIT_TRACKED	approved-effective-artifact	ROOT logs or fixed approval/freeze identity checks; role-specific reading scope retained
project	e1e01bb18d824931e54f182dd61af5a9f908ba85	planning/module-map.md	governance-or-approval	-	FIXED_GIT_TRACKED	governance-or-approval	ROOT logs or fixed approval/freeze identity checks; role-specific reading scope retained
project	e1e01bb18d824931e54f182dd61af5a9f908ba85	planning/review-manifest-2026-09-19.md	approved-effective-artifact	-	FIXED_GIT_TRACKED	approved-effective-artifact	ROOT logs or fixed approval/freeze identity checks; role-specific reading scope retained
project	e1e01bb18d824931e54f182dd61af5a9f908ba85	review/wp18-wp20-delivery-2026-09-26/current-hashes.tsv	approved-effective-artifact	-	FIXED_GIT_TRACKED	approved-effective-artifact	ROOT logs or fixed approval/freeze identity checks; role-specific reading scope retained
project	e1e01bb18d824931e54f182dd61af5a9f908ba85	review/wp68-wp70-integration-review-2026-10-03/recheck-v2/report.md	readiness-frozen-input	-	FIXED_GIT_TRACKED	readiness-frozen-input	ROOT logs or fixed approval/freeze identity checks; role-specific reading scope retained
project	e1e01bb18d824931e54f182dd61af5a9f908ba85	review/wp78-consistency-review-2026-10-03/revision-v3/anomaly-register.json	approved-effective-artifact	-	FIXED_GIT_TRACKED	approved-effective-artifact	ROOT logs or fixed approval/freeze identity checks; role-specific reading scope retained
project	e1e01bb18d824931e54f182dd61af5a9f908ba85	review/wp78-consistency-review-2026-10-03/revision-v4/pending-and-na.md	approved-effective-artifact	-	FIXED_GIT_TRACKED	approved-effective-artifact	ROOT logs or fixed approval/freeze identity checks; role-specific reading scope retained
project	e1e01bb18d824931e54f182dd61af5a9f908ba85	review/wp78-consistency-review-2026-10-03/revision-v6/checks.json	approved-effective-artifact	-	FIXED_GIT_TRACKED	approved-effective-artifact	ROOT logs or fixed approval/freeze identity checks; role-specific reading scope retained
project	e1e01bb18d824931e54f182dd61af5a9f908ba85	review/wp78-consistency-review-2026-10-03/revision-v6/consistency-matrix.md	approved-effective-artifact	-	FIXED_GIT_TRACKED	approved-effective-artifact	ROOT logs or fixed approval/freeze identity checks; role-specific reading scope retained
project	e1e01bb18d824931e54f182dd61af5a9f908ba85	review/wp78-consistency-review-2026-10-03/revision-v6/consumer-disposition.md	approved-effective-artifact	-	FIXED_GIT_TRACKED	approved-effective-artifact	ROOT logs or fixed approval/freeze identity checks; role-specific reading scope retained
project	e1e01bb18d824931e54f182dd61af5a9f908ba85	review/wp78-consistency-review-2026-10-03/revision-v6/delivery-summary.md	approved-effective-artifact	-	FIXED_GIT_TRACKED	approved-effective-artifact	ROOT logs or fixed approval/freeze identity checks; role-specific reading scope retained
project	e1e01bb18d824931e54f182dd61af5a9f908ba85	review/wp78-consistency-review-2026-10-03/revision-v6/input-manifest.json	approved-effective-artifact	-	FIXED_GIT_TRACKED	approved-effective-artifact	ROOT logs or fixed approval/freeze identity checks; role-specific reading scope retained
project	e1e01bb18d824931e54f182dd61af5a9f908ba85	review/wp78-consistency-review-2026-10-03/revision-v6/junction-inventory.md	approved-effective-artifact	-	FIXED_GIT_TRACKED	approved-effective-artifact	ROOT logs or fixed approval/freeze identity checks; role-specific reading scope retained
project	e1e01bb18d824931e54f182dd61af5a9f908ba85	review/wp78-consistency-review-2026-10-03/revision-v6/mappings.md	approved-effective-artifact	-	FIXED_GIT_TRACKED	approved-effective-artifact	ROOT logs or fixed approval/freeze identity checks; role-specific reading scope retained
project	e1e01bb18d824931e54f182dd61af5a9f908ba85	review/wp78-consistency-review-2026-10-03/revision-v6/reading-log.json	approved-effective-artifact	-	FIXED_GIT_TRACKED	approved-effective-artifact	ROOT logs or fixed approval/freeze identity checks; role-specific reading scope retained
project	e1e01bb18d824931e54f182dd61af5a9f908ba85	review/wp78-consistency-review-2026-10-03/revision-v6/registration-final-checks.json	approved-effective-artifact	-	FIXED_GIT_TRACKED	approved-effective-artifact	ROOT logs or fixed approval/freeze identity checks; role-specific reading scope retained
project	e1e01bb18d824931e54f182dd61af5a9f908ba85	review/wp78-consistency-review-2026-10-03/revision-v6/report.md	approved-effective-artifact	-	FIXED_GIT_TRACKED	approved-effective-artifact	ROOT logs or fixed approval/freeze identity checks; role-specific reading scope retained
project	e1e01bb18d824931e54f182dd61af5a9f908ba85	review/wp78-consistency-review-2026-10-03/revision-v6/revision-response.md	approved-effective-artifact	-	FIXED_GIT_TRACKED	approved-effective-artifact	ROOT logs or fixed approval/freeze identity checks; role-specific reading scope retained
project	e1e01bb18d824931e54f182dd61af5a9f908ba85	review/wp78-consistency-review-2026-10-03/revision-v6/version-index.md	approved-effective-artifact	-	FIXED_GIT_TRACKED	approved-effective-artifact	ROOT logs or fixed approval/freeze identity checks; role-specific reading scope retained
project	e1e01bb18d824931e54f182dd61af5a9f908ba85	review/wp78-stage-review-2026-10-03/recheck-v6/approved-artifacts.json	governance-or-approval	-	FIXED_GIT_TRACKED	governance-or-approval	ROOT logs or fixed approval/freeze identity checks; role-specific reading scope retained
project	e1e01bb18d824931e54f182dd61af5a9f908ba85	review/wp79-coverage-review-2026-10-03/revision-v2/feature-details.json	approved-effective-artifact	-	FIXED_GIT_TRACKED	approved-effective-artifact	ROOT logs or fixed approval/freeze identity checks; role-specific reading scope retained
project	e1e01bb18d824931e54f182dd61af5a9f908ba85	review/wp79-coverage-review-2026-10-03/revision-v4/config-details.json	approved-effective-artifact	-	FIXED_GIT_TRACKED	approved-effective-artifact	ROOT logs or fixed approval/freeze identity checks; role-specific reading scope retained
project	e1e01bb18d824931e54f182dd61af5a9f908ba85	review/wp79-coverage-review-2026-10-03/revision-v5/feature-navigation-addendum.json	approved-effective-artifact	-	FIXED_GIT_TRACKED	approved-effective-artifact	ROOT logs or fixed approval/freeze identity checks; role-specific reading scope retained
project	e1e01bb18d824931e54f182dd61af5a9f908ba85	review/wp79-coverage-review-2026-10-03/revision-v6/source-judgments.json	approved-effective-artifact	-	FIXED_GIT_TRACKED	approved-effective-artifact	ROOT logs or fixed approval/freeze identity checks; role-specific reading scope retained
project	e1e01bb18d824931e54f182dd61af5a9f908ba85	review/wp79-coverage-review-2026-10-03/revision-v6/ui-scenario-relations.json	approved-effective-artifact	-	FIXED_GIT_TRACKED	approved-effective-artifact	ROOT logs or fixed approval/freeze identity checks; role-specific reading scope retained
project	e1e01bb18d824931e54f182dd61af5a9f908ba85	review/wp79-stage-review-2026-10-03/recheck-v6/accepted-baseline.json	governance-or-approval	-	FIXED_GIT_TRACKED	governance-or-approval	ROOT logs or fixed approval/freeze identity checks; role-specific reading scope retained
project	e1e01bb18d824931e54f182dd61af5a9f908ba85	review/wp80-batch-02-review-2026-10-03/coding-model-handoff.md	readiness-frozen-input	-	FIXED_GIT_TRACKED	readiness-frozen-input	ROOT logs or fixed approval/freeze identity checks; role-specific reading scope retained
project	e1e01bb18d824931e54f182dd61af5a9f908ba85	review/wp80-batch-02-review-2026-10-03/findings.json	readiness-frozen-input	-	FIXED_GIT_TRACKED	readiness-frozen-input	ROOT logs or fixed approval/freeze identity checks; role-specific reading scope retained
project	e1e01bb18d824931e54f182dd61af5a9f908ba85	review/wp80-batch-02-review-2026-10-03/report.md	readiness-frozen-input	-	FIXED_GIT_TRACKED	readiness-frozen-input	ROOT logs or fixed approval/freeze identity checks; role-specific reading scope retained
project	e1e01bb18d824931e54f182dd61af5a9f908ba85	review/wp80-delivery-2026-10-03/batch-01-checks.json	readiness-frozen-input	-	FIXED_GIT_TRACKED	readiness-frozen-input	ROOT logs or fixed approval/freeze identity checks; role-specific reading scope retained
project	e1e01bb18d824931e54f182dd61af5a9f908ba85	review/wp80-delivery-2026-10-03/batch-02/checks.json	readiness-frozen-input	-	FIXED_GIT_TRACKED	readiness-frozen-input	ROOT logs or fixed approval/freeze identity checks; role-specific reading scope retained
project	e1e01bb18d824931e54f182dd61af5a9f908ba85	review/wp80-delivery-2026-10-03/batch-02/clause-disposition.md	readiness-frozen-input	-	FIXED_GIT_TRACKED	readiness-frozen-input	ROOT logs or fixed approval/freeze identity checks; role-specific reading scope retained
project	e1e01bb18d824931e54f182dd61af5a9f908ba85	review/wp80-delivery-2026-10-03/batch-02/revision-v2/checks.json	readiness-frozen-input	-	FIXED_GIT_TRACKED	readiness-frozen-input	ROOT logs or fixed approval/freeze identity checks; role-specific reading scope retained
project	e1e01bb18d824931e54f182dd61af5a9f908ba85	review/wp80-delivery-2026-10-03/batch-02/revision-v2/clause-disposition.md	readiness-frozen-input	-	FIXED_GIT_TRACKED	readiness-frozen-input	ROOT logs or fixed approval/freeze identity checks; role-specific reading scope retained
project	e1e01bb18d824931e54f182dd61af5a9f908ba85	review/wp80-delivery-2026-10-03/batch-02/revision-v2/reading-log.json	readiness-frozen-input	-	FIXED_GIT_TRACKED	readiness-frozen-input	ROOT logs or fixed approval/freeze identity checks; role-specific reading scope retained
project	e1e01bb18d824931e54f182dd61af5a9f908ba85	review/wp80-delivery-2026-10-03/batch-02/revision-v2/revision-response.md	readiness-frozen-input	-	FIXED_GIT_TRACKED	readiness-frozen-input	ROOT logs or fixed approval/freeze identity checks; role-specific reading scope retained
project	e1e01bb18d824931e54f182dd61af5a9f908ba85	review/wp80-delivery-2026-10-03/batch-02/round-154-final-checks.json	readiness-frozen-input	-	FIXED_GIT_TRACKED	readiness-frozen-input	ROOT logs or fixed approval/freeze identity checks; role-specific reading scope retained
project	e1e01bb18d824931e54f182dd61af5a9f908ba85	review/wp80-delivery-2026-10-03/batch-03/checks.json	readiness-frozen-input	-	FIXED_GIT_TRACKED	readiness-frozen-input	ROOT logs or fixed approval/freeze identity checks; role-specific reading scope retained
project	e1e01bb18d824931e54f182dd61af5a9f908ba85	review/wp80-delivery-2026-10-03/batch-03/clause-disposition.md	readiness-frozen-input	-	FIXED_GIT_TRACKED	readiness-frozen-input	ROOT logs or fixed approval/freeze identity checks; role-specific reading scope retained
project	e1e01bb18d824931e54f182dd61af5a9f908ba85	review/wp80-delivery-2026-10-03/batch-03/round-156-final-checks.json	readiness-frozen-input	-	FIXED_GIT_TRACKED	readiness-frozen-input	ROOT logs or fixed approval/freeze identity checks; role-specific reading scope retained
project	e1e01bb18d824931e54f182dd61af5a9f908ba85	review/wp80-delivery-2026-10-03/batch-04/checks.json	readiness-frozen-input	-	FIXED_GIT_TRACKED	readiness-frozen-input	ROOT logs or fixed approval/freeze identity checks; role-specific reading scope retained
project	e1e01bb18d824931e54f182dd61af5a9f908ba85	review/wp80-delivery-2026-10-03/batch-04/clause-disposition.md	readiness-frozen-input	-	FIXED_GIT_TRACKED	readiness-frozen-input	ROOT logs or fixed approval/freeze identity checks; role-specific reading scope retained
project	e1e01bb18d824931e54f182dd61af5a9f908ba85	review/wp80-delivery-2026-10-03/batch-04/round-157-final-checks.json	readiness-frozen-input	-	FIXED_GIT_TRACKED	readiness-frozen-input	ROOT logs or fixed approval/freeze identity checks; role-specific reading scope retained
project	e1e01bb18d824931e54f182dd61af5a9f908ba85	review/wp80-delivery-2026-10-03/batch-05/checks.json	readiness-frozen-input	-	FIXED_GIT_TRACKED	readiness-frozen-input	ROOT logs or fixed approval/freeze identity checks; role-specific reading scope retained
project	e1e01bb18d824931e54f182dd61af5a9f908ba85	review/wp80-delivery-2026-10-03/batch-05/clause-disposition.md	readiness-frozen-input	-	FIXED_GIT_TRACKED	readiness-frozen-input	ROOT logs or fixed approval/freeze identity checks; role-specific reading scope retained
project	e1e01bb18d824931e54f182dd61af5a9f908ba85	review/wp80-delivery-2026-10-03/batch-05/round-158-final-checks.json	readiness-frozen-input	-	FIXED_GIT_TRACKED	readiness-frozen-input	ROOT logs or fixed approval/freeze identity checks; role-specific reading scope retained
project	e1e01bb18d824931e54f182dd61af5a9f908ba85	review/wp80-delivery-2026-10-03/batch-06/checks.json	readiness-frozen-input	-	FIXED_GIT_TRACKED	readiness-frozen-input	ROOT logs or fixed approval/freeze identity checks; role-specific reading scope retained
project	e1e01bb18d824931e54f182dd61af5a9f908ba85	review/wp80-delivery-2026-10-03/batch-06/clause-disposition.md	readiness-frozen-input	-	FIXED_GIT_TRACKED	readiness-frozen-input	ROOT logs or fixed approval/freeze identity checks; role-specific reading scope retained
project	e1e01bb18d824931e54f182dd61af5a9f908ba85	review/wp80-delivery-2026-10-03/batch-06/round-159-final-checks.json	readiness-frozen-input	-	FIXED_GIT_TRACKED	readiness-frozen-input	ROOT logs or fixed approval/freeze identity checks; role-specific reading scope retained
project	e1e01bb18d824931e54f182dd61af5a9f908ba85	review/wp80-delivery-2026-10-03/batch-07/checks.json	readiness-frozen-input	-	FIXED_GIT_TRACKED	readiness-frozen-input	ROOT logs or fixed approval/freeze identity checks; role-specific reading scope retained
project	e1e01bb18d824931e54f182dd61af5a9f908ba85	review/wp80-delivery-2026-10-03/batch-07/clause-disposition.md	readiness-frozen-input	-	FIXED_GIT_TRACKED	readiness-frozen-input	ROOT logs or fixed approval/freeze identity checks; role-specific reading scope retained
project	e1e01bb18d824931e54f182dd61af5a9f908ba85	review/wp80-delivery-2026-10-03/batch-07/round-160-final-checks.json	readiness-frozen-input	-	FIXED_GIT_TRACKED	readiness-frozen-input	ROOT logs or fixed approval/freeze identity checks; role-specific reading scope retained
project	e1e01bb18d824931e54f182dd61af5a9f908ba85	review/wp80-delivery-2026-10-03/batch-08/checks.json	readiness-frozen-input	-	FIXED_GIT_TRACKED	readiness-frozen-input	ROOT logs or fixed approval/freeze identity checks; role-specific reading scope retained
project	e1e01bb18d824931e54f182dd61af5a9f908ba85	review/wp80-delivery-2026-10-03/batch-08/clause-disposition.md	readiness-frozen-input	-	FIXED_GIT_TRACKED	readiness-frozen-input	ROOT logs or fixed approval/freeze identity checks; role-specific reading scope retained
project	e1e01bb18d824931e54f182dd61af5a9f908ba85	review/wp80-delivery-2026-10-03/batch-08/round-161-final-checks.json	readiness-frozen-input	-	FIXED_GIT_TRACKED	readiness-frozen-input	ROOT logs or fixed approval/freeze identity checks; role-specific reading scope retained
project	e1e01bb18d824931e54f182dd61af5a9f908ba85	review/wp80-delivery-2026-10-03/batch-09a/checks.json	readiness-frozen-input	-	FIXED_GIT_TRACKED	readiness-frozen-input	ROOT logs or fixed approval/freeze identity checks; role-specific reading scope retained
project	e1e01bb18d824931e54f182dd61af5a9f908ba85	review/wp80-delivery-2026-10-03/batch-09a/clause-disposition.md	readiness-frozen-input	-	FIXED_GIT_TRACKED	readiness-frozen-input	ROOT logs or fixed approval/freeze identity checks; role-specific reading scope retained
project	e1e01bb18d824931e54f182dd61af5a9f908ba85	review/wp80-delivery-2026-10-03/batch-09a/round-162-final-checks.json	readiness-frozen-input	-	FIXED_GIT_TRACKED	readiness-frozen-input	ROOT logs or fixed approval/freeze identity checks; role-specific reading scope retained
project	e1e01bb18d824931e54f182dd61af5a9f908ba85	review/wp80-delivery-2026-10-03/batch-09b/checks.json	readiness-frozen-input	-	FIXED_GIT_TRACKED	readiness-frozen-input	ROOT logs or fixed approval/freeze identity checks; role-specific reading scope retained
project	e1e01bb18d824931e54f182dd61af5a9f908ba85	review/wp80-delivery-2026-10-03/batch-09b/clause-disposition.md	readiness-frozen-input	-	FIXED_GIT_TRACKED	readiness-frozen-input	ROOT logs or fixed approval/freeze identity checks; role-specific reading scope retained
project	e1e01bb18d824931e54f182dd61af5a9f908ba85	review/wp80-delivery-2026-10-03/batch-09b/round-163-final-checks.json	readiness-frozen-input	-	FIXED_GIT_TRACKED	readiness-frozen-input	ROOT logs or fixed approval/freeze identity checks; role-specific reading scope retained
project	e1e01bb18d824931e54f182dd61af5a9f908ba85	review/wp80-delivery-2026-10-03/batch-09c/checks.json	readiness-frozen-input	-	FIXED_GIT_TRACKED	readiness-frozen-input	ROOT logs or fixed approval/freeze identity checks; role-specific reading scope retained
project	e1e01bb18d824931e54f182dd61af5a9f908ba85	review/wp80-delivery-2026-10-03/batch-09c/clause-disposition.md	readiness-frozen-input	-	FIXED_GIT_TRACKED	readiness-frozen-input	ROOT logs or fixed approval/freeze identity checks; role-specific reading scope retained
project	e1e01bb18d824931e54f182dd61af5a9f908ba85	review/wp80-delivery-2026-10-03/batch-09c/round-164-final-checks.json	readiness-frozen-input	-	FIXED_GIT_TRACKED	readiness-frozen-input	ROOT logs or fixed approval/freeze identity checks; role-specific reading scope retained
project	e1e01bb18d824931e54f182dd61af5a9f908ba85	review/wp80-delivery-2026-10-03/batch-10/checks.json	readiness-frozen-input	-	FIXED_GIT_TRACKED	readiness-frozen-input	ROOT logs or fixed approval/freeze identity checks; role-specific reading scope retained
project	e1e01bb18d824931e54f182dd61af5a9f908ba85	review/wp80-delivery-2026-10-03/batch-10/clause-disposition.md	readiness-frozen-input	-	FIXED_GIT_TRACKED	readiness-frozen-input	ROOT logs or fixed approval/freeze identity checks; role-specific reading scope retained
project	e1e01bb18d824931e54f182dd61af5a9f908ba85	review/wp80-delivery-2026-10-03/batch-10/round-165-final-checks.json	readiness-frozen-input	-	FIXED_GIT_TRACKED	readiness-frozen-input	ROOT logs or fixed approval/freeze identity checks; role-specific reading scope retained
project	e1e01bb18d824931e54f182dd61af5a9f908ba85	review/wp80-delivery-2026-10-03/batch-11/checks.json	readiness-frozen-input	-	FIXED_GIT_TRACKED	readiness-frozen-input	ROOT logs or fixed approval/freeze identity checks; role-specific reading scope retained
project	e1e01bb18d824931e54f182dd61af5a9f908ba85	review/wp80-delivery-2026-10-03/batch-11/clause-disposition.md	readiness-frozen-input	-	FIXED_GIT_TRACKED	readiness-frozen-input	ROOT logs or fixed approval/freeze identity checks; role-specific reading scope retained
project	e1e01bb18d824931e54f182dd61af5a9f908ba85	review/wp80-delivery-2026-10-03/batch-11/round-166-final-checks.json	readiness-frozen-input	-	FIXED_GIT_TRACKED	readiness-frozen-input	ROOT logs or fixed approval/freeze identity checks; role-specific reading scope retained
project	e1e01bb18d824931e54f182dd61af5a9f908ba85	review/wp80-delivery-2026-10-03/batch-12/checks.json	readiness-frozen-input	-	FIXED_GIT_TRACKED	readiness-frozen-input	ROOT logs or fixed approval/freeze identity checks; role-specific reading scope retained
project	e1e01bb18d824931e54f182dd61af5a9f908ba85	review/wp80-delivery-2026-10-03/batch-12/clause-disposition.md	readiness-frozen-input	-	FIXED_GIT_TRACKED	readiness-frozen-input	ROOT logs or fixed approval/freeze identity checks; role-specific reading scope retained
project	e1e01bb18d824931e54f182dd61af5a9f908ba85	review/wp80-delivery-2026-10-03/batch-12/round-167-final-checks.json	readiness-frozen-input	-	FIXED_GIT_TRACKED	readiness-frozen-input	ROOT logs or fixed approval/freeze identity checks; role-specific reading scope retained
project	e1e01bb18d824931e54f182dd61af5a9f908ba85	review/wp80-delivery-2026-10-03/batch-13/checks.json	readiness-frozen-input	-	FIXED_GIT_TRACKED	readiness-frozen-input	ROOT logs or fixed approval/freeze identity checks; role-specific reading scope retained
project	e1e01bb18d824931e54f182dd61af5a9f908ba85	review/wp80-delivery-2026-10-03/batch-13/clause-disposition.md	readiness-frozen-input	-	FIXED_GIT_TRACKED	readiness-frozen-input	ROOT logs or fixed approval/freeze identity checks; role-specific reading scope retained
project	e1e01bb18d824931e54f182dd61af5a9f908ba85	review/wp80-delivery-2026-10-03/batch-13/round-168-final-checks.json	readiness-frozen-input	-	FIXED_GIT_TRACKED	readiness-frozen-input	ROOT logs or fixed approval/freeze identity checks; role-specific reading scope retained
project	e1e01bb18d824931e54f182dd61af5a9f908ba85	review/wp80-delivery-2026-10-03/batch-14/checks.json	readiness-frozen-input	-	FIXED_GIT_TRACKED	readiness-frozen-input	ROOT logs or fixed approval/freeze identity checks; role-specific reading scope retained
project	e1e01bb18d824931e54f182dd61af5a9f908ba85	review/wp80-delivery-2026-10-03/batch-14/clause-disposition.md	readiness-frozen-input	-	FIXED_GIT_TRACKED	readiness-frozen-input	ROOT logs or fixed approval/freeze identity checks; role-specific reading scope retained
project	e1e01bb18d824931e54f182dd61af5a9f908ba85	review/wp80-delivery-2026-10-03/batch-14/round-169-final-checks.json	readiness-frozen-input	-	FIXED_GIT_TRACKED	readiness-frozen-input	ROOT logs or fixed approval/freeze identity checks; role-specific reading scope retained
project	e1e01bb18d824931e54f182dd61af5a9f908ba85	review/wp80-delivery-2026-10-03/batch-15/checks.json	readiness-frozen-input	-	FIXED_GIT_TRACKED	readiness-frozen-input	ROOT logs or fixed approval/freeze identity checks; role-specific reading scope retained
project	e1e01bb18d824931e54f182dd61af5a9f908ba85	review/wp80-delivery-2026-10-03/batch-15/clause-disposition.md	readiness-frozen-input	-	FIXED_GIT_TRACKED	readiness-frozen-input	ROOT logs or fixed approval/freeze identity checks; role-specific reading scope retained
project	e1e01bb18d824931e54f182dd61af5a9f908ba85	review/wp80-delivery-2026-10-03/batch-15/round-170-final-checks.json	readiness-frozen-input	-	FIXED_GIT_TRACKED	readiness-frozen-input	ROOT logs or fixed approval/freeze identity checks; role-specific reading scope retained
project	e1e01bb18d824931e54f182dd61af5a9f908ba85	review/wp80-delivery-2026-10-03/completion-ledger.json	readiness-frozen-input	-	FIXED_GIT_TRACKED	readiness-frozen-input	ROOT logs or fixed approval/freeze identity checks; role-specific reading scope retained
project	e1e01bb18d824931e54f182dd61af5a9f908ba85	review/wp80-delivery-2026-10-03/revision-v2/checks.json	readiness-frozen-input	-	FIXED_GIT_TRACKED	readiness-frozen-input	ROOT logs or fixed approval/freeze identity checks; role-specific reading scope retained
project	e1e01bb18d824931e54f182dd61af5a9f908ba85	review/wp80-delivery-2026-10-03/revision-v2/clause-disposition.md	readiness-frozen-input	-	FIXED_GIT_TRACKED	readiness-frozen-input	ROOT logs or fixed approval/freeze identity checks; role-specific reading scope retained
project	e1e01bb18d824931e54f182dd61af5a9f908ba85	review/wp80-delivery-2026-10-03/revision-v2/reading-log.json	readiness-frozen-input	-	FIXED_GIT_TRACKED	readiness-frozen-input	ROOT logs or fixed approval/freeze identity checks; role-specific reading scope retained
project	e1e01bb18d824931e54f182dd61af5a9f908ba85	review/wp80-delivery-2026-10-03/revision-v2/revision-response.md	readiness-frozen-input	-	FIXED_GIT_TRACKED	readiness-frozen-input	ROOT logs or fixed approval/freeze identity checks; role-specific reading scope retained
project	e1e01bb18d824931e54f182dd61af5a9f908ba85	review/wp80-delivery-2026-10-03/revision-v2/round-151-final-checks.json	readiness-frozen-input	-	FIXED_GIT_TRACKED	readiness-frozen-input	ROOT logs or fixed approval/freeze identity checks; role-specific reading scope retained
project	e1e01bb18d824931e54f182dd61af5a9f908ba85	review/wp80-delivery-2026-10-03/revision-v3/c01-archival-note.md	readiness-frozen-input	-	FIXED_GIT_TRACKED	readiness-frozen-input	ROOT logs or fixed approval/freeze identity checks; role-specific reading scope retained
project	e1e01bb18d824931e54f182dd61af5a9f908ba85	review/wp80-delivery-2026-10-03/revision-v3/checks.json	readiness-frozen-input	-	FIXED_GIT_TRACKED	readiness-frozen-input	ROOT logs or fixed approval/freeze identity checks; role-specific reading scope retained
project	e1e01bb18d824931e54f182dd61af5a9f908ba85	review/wp80-delivery-2026-10-03/revision-v3/clause-disposition.md	readiness-frozen-input	-	FIXED_GIT_TRACKED	readiness-frozen-input	ROOT logs or fixed approval/freeze identity checks; role-specific reading scope retained
project	e1e01bb18d824931e54f182dd61af5a9f908ba85	review/wp80-delivery-2026-10-03/revision-v3/reading-log.json	readiness-frozen-input	-	FIXED_GIT_TRACKED	readiness-frozen-input	ROOT logs or fixed approval/freeze identity checks; role-specific reading scope retained
project	e1e01bb18d824931e54f182dd61af5a9f908ba85	review/wp80-delivery-2026-10-03/revision-v3/revision-response.md	readiness-frozen-input	-	FIXED_GIT_TRACKED	readiness-frozen-input	ROOT logs or fixed approval/freeze identity checks; role-specific reading scope retained
project	e1e01bb18d824931e54f182dd61af5a9f908ba85	review/wp80-delivery-2026-10-03/revision-v3/round-152-final-checks.json	readiness-frozen-input	-	FIXED_GIT_TRACKED	readiness-frozen-input	ROOT logs or fixed approval/freeze identity checks; role-specific reading scope retained
project	e1e01bb18d824931e54f182dd61af5a9f908ba85	review/wp80-delivery-2026-10-03/revision-v3/round-153-final-checks.json	readiness-frozen-input	-	FIXED_GIT_TRACKED	readiness-frozen-input	ROOT logs or fixed approval/freeze identity checks; role-specific reading scope retained
project	e1e01bb18d824931e54f182dd61af5a9f908ba85	review/wp80-delivery-2026-10-03/round-149-final-checks.json	readiness-frozen-input	-	FIXED_GIT_TRACKED	readiness-frozen-input	ROOT logs or fixed approval/freeze identity checks; role-specific reading scope retained
project	e1e01bb18d824931e54f182dd61af5a9f908ba85	review/wp80-delivery-2026-10-03/round-150-final-checks.json	readiness-frozen-input	-	FIXED_GIT_TRACKED	readiness-frozen-input	ROOT logs or fixed approval/freeze identity checks; role-specific reading scope retained
project	e1e01bb18d824931e54f182dd61af5a9f908ba85	review/wp80-delivery-2026-10-03/round-171-final-checks.json	readiness-frozen-input	-	FIXED_GIT_TRACKED	readiness-frozen-input	ROOT logs or fixed approval/freeze identity checks; role-specific reading scope retained
project	e1e01bb18d824931e54f182dd61af5a9f908ba85	review/wp80-delivery-2026-10-03/wp80-completion-report.md	readiness-frozen-input	WP80	FIXED_GIT_TRACKED	readiness-frozen-input	ROOT logs or fixed approval/freeze identity checks; role-specific reading scope retained
project	e1e01bb18d824931e54f182dd61af5a9f908ba85	review/wp80-delivery-readiness-review-2026-10-03/findings.md	governance-or-approval	-	FIXED_GIT_TRACKED	governance-or-approval	ROOT logs or fixed approval/freeze identity checks; role-specific reading scope retained
project	e1e01bb18d824931e54f182dd61af5a9f908ba85	review/wp80-delivery-readiness-review-2026-10-03/global-review-handoff.md	governance-or-approval	-	FIXED_GIT_TRACKED	governance-or-approval	ROOT logs or fixed approval/freeze identity checks; role-specific reading scope retained
project	e1e01bb18d824931e54f182dd61af5a9f908ba85	review/wp80-delivery-readiness-review-2026-10-03/input-manifest.json	governance-or-approval	-	FIXED_GIT_TRACKED	governance-or-approval	ROOT logs or fixed approval/freeze identity checks; role-specific reading scope retained
project	e1e01bb18d824931e54f182dd61af5a9f908ba85	review/wp80-delivery-readiness-review-2026-10-03/input-output-map.json	governance-or-approval	-	FIXED_GIT_TRACKED	governance-or-approval	ROOT logs or fixed approval/freeze identity checks; role-specific reading scope retained
project	e1e01bb18d824931e54f182dd61af5a9f908ba85	review/wp80-delivery-readiness-review-2026-10-03/report.md	governance-or-approval	-	FIXED_GIT_TRACKED	governance-or-approval	ROOT logs or fixed approval/freeze identity checks; role-specific reading scope retained
project	e1e01bb18d824931e54f182dd61af5a9f908ba85	specs/combat/wp39-battle-context-and-participants.md	original-specification-or-appendix	WP39	FIXED_GIT_TRACKED	readiness-frozen-input	agents/B/B-01/report.md;agents/B/B-01/reading-log.tsv;findings.json;root/feature-reverse-navigation.tsv
project	e1e01bb18d824931e54f182dd61af5a9f908ba85	specs/combat/wp40-commands-obedience-and-action-order.md	original-specification-or-appendix	WP40	FIXED_GIT_TRACKED	readiness-frozen-input	agents/B/B-01/report.md;agents/B/B-01/reading-log.tsv;findings.json;root/feature-reverse-navigation.tsv
project	e1e01bb18d824931e54f182dd61af5a9f908ba85	specs/combat/wp41-switching-positioning-and-escape.md	original-specification-or-appendix	WP41	FIXED_GIT_TRACKED	readiness-frozen-input	agents/B/B-02/report.md;agents/B/B-02/reading-log.tsv;findings.json;root/feature-reverse-navigation.tsv
project	e1e01bb18d824931e54f182dd61af5a9f908ba85	specs/combat/wp42-growth-end-of-round-and-battle-outcomes.md	original-specification-or-appendix	WP42	FIXED_GIT_TRACKED	readiness-frozen-input	agents/B/B-02/report.md;agents/B/B-02/reading-log.tsv;findings.json;root/feature-reverse-navigation.tsv
project	e1e01bb18d824931e54f182dd61af5a9f908ba85	specs/combat/wp45-weather-terrain-side-and-position-effects.md	original-specification-or-appendix	WP45	FIXED_GIT_TRACKED	readiness-frozen-input	agents/B/B-03/report.md;agents/B/B-03/reading-log.tsv;agents/B/B-03/equivalence.tsv;findings.json;root/feature-reverse-navigation.tsv
project	e1e01bb18d824931e54f182dd61af5a9f908ba85	specs/combat/wp47-a-attributes-targeting-calling-data.md	original-specification-or-appendix	WP47-A	FIXED_GIT_TRACKED	readiness-frozen-input	agents/B/B-04/report.md;corresponding reading-log.tsv and equivalence.tsv;findings.json;root/feature-reverse-navigation.tsv
project	e1e01bb18d824931e54f182dd61af5a9f908ba85	specs/combat/wp47-a-move-attributes-targeting-and-calling.md	original-specification-or-appendix	WP47-A	FIXED_GIT_TRACKED	readiness-frozen-input	agents/B/B-04/report.md;corresponding reading-log.tsv and equivalence.tsv;findings.json;root/feature-reverse-navigation.tsv
project	e1e01bb18d824931e54f182dd61af5a9f908ba85	specs/combat/wp47-b-control-items-coverage-data.md	original-specification-or-appendix	WP47-B	FIXED_GIT_TRACKED	readiness-frozen-input	agents/B/B-04/report.md;corresponding reading-log.tsv and equivalence.tsv;findings.json;root/feature-reverse-navigation.tsv
project	e1e01bb18d824931e54f182dd61af5a9f908ba85	specs/combat/wp47-b-switching-control-and-item-changes.md	original-specification-or-appendix	WP47-B	FIXED_GIT_TRACKED	readiness-frozen-input	agents/B/B-04/report.md;corresponding reading-log.tsv and equivalence.tsv;findings.json;root/feature-reverse-navigation.tsv
project	e1e01bb18d824931e54f182dd61af5a9f908ba85	specs/combat/wp49-ability-phase-triggers.md	original-specification-or-appendix	WP49	FIXED_GIT_TRACKED	readiness-frozen-input	agents/B/B-05/report.md;reading-log.tsv;equivalence.tsv;findings.json;root/feature-reverse-navigation.tsv
project	e1e01bb18d824931e54f182dd61af5a9f908ba85	specs/combat/wp51-ai-action-selection-and-skill.md	original-specification-or-appendix	WP51	FIXED_GIT_TRACKED	readiness-frozen-input	agents/B/B-05/report.md;reading-log.tsv;equivalence.tsv;findings.json;root/feature-reverse-navigation.tsv
project	e1e01bb18d824931e54f182dd61af5a9f908ba85	specs/combat/wp51-ai-decision-defaults.md	original-specification-or-appendix	WP51	FIXED_GIT_TRACKED	readiness-frozen-input	agents/B/B-05/report.md;reading-log.tsv;equivalence.tsv;findings.json;root/feature-reverse-navigation.tsv
project	e1e01bb18d824931e54f182dd61af5a9f908ba85	specs/combat/wp52-a-evaluation-coverage-and-data.md	original-specification-or-appendix	WP52-A	FIXED_GIT_TRACKED	readiness-frozen-input	agents/B/B-06/report.md;agents/B/B-06/equivalence.tsv;agents/B/B-06/reading-log.tsv;findings.json;root/feature-reverse-navigation.tsv
project	e1e01bb18d824931e54f182dd61af5a9f908ba85	specs/combat/wp52-a-generic-numerical-and-status-evaluation.md	original-specification-or-appendix	WP52-A	FIXED_GIT_TRACKED	readiness-frozen-input	agents/B/B-06/report.md;agents/B/B-06/equivalence.tsv;agents/B/B-06/reading-log.tsv;findings.json;root/feature-reverse-navigation.tsv
project	e1e01bb18d824931e54f182dd61af5a9f908ba85	specs/combat/wp52-b-effect-coverage.md	original-specification-or-appendix	WP52-B	FIXED_GIT_TRACKED	readiness-frozen-input	agents/B/B-06/report.md;agents/B/B-06/equivalence.tsv;agents/B/B-06/reading-log.tsv;findings.json;root/feature-reverse-navigation.tsv
project	e1e01bb18d824931e54f182dd61af5a9f908ba85	specs/combat/wp52-b-field-damage-healing-and-target-evaluation.md	original-specification-or-appendix	WP52-B	FIXED_GIT_TRACKED	readiness-frozen-input	agents/B/B-06/report.md;agents/B/B-06/equivalence.tsv;agents/B/B-06/reading-log.tsv;findings.json;root/feature-reverse-navigation.tsv
project	e1e01bb18d824931e54f182dd61af5a9f908ba85	specs/combat/wp52-c-item-control-coverage-and-data.md	original-specification-or-appendix	WP52-C	FIXED_GIT_TRACKED	readiness-frozen-input	agents/B/B-06/report.md;agents/B/B-06/equivalence.tsv;agents/B/B-06/reading-log.tsv;findings.json;root/feature-reverse-navigation.tsv
project	e1e01bb18d824931e54f182dd61af5a9f908ba85	specs/combat/wp52-c-items-calling-and-control-evaluation.md	original-specification-or-appendix	WP52-C	FIXED_GIT_TRACKED	readiness-frozen-input	agents/B/B-06/report.md;agents/B/B-06/equivalence.tsv;agents/B/B-06/reading-log.tsv;findings.json;root/feature-reverse-navigation.tsv
project	e1e01bb18d824931e54f182dd61af5a9f908ba85	specs/combat/wp54-entry-eligibility-level-adjustment-and-clauses.md	original-specification-or-appendix	WP54	FIXED_GIT_TRACKED	readiness-frozen-input	agents/B/B-07/report.md;agents/B/B-07/equivalence.tsv;agents/B/B-07/reading-log.tsv;findings.json;root/feature-reverse-navigation.tsv
project	e1e01bb18d824931e54f182dd61af5a9f908ba85	specs/combat/wp54-entry-rules-and-cup-data.md	original-specification-or-appendix	WP54	FIXED_GIT_TRACKED	readiness-frozen-input	agents/B/B-07/report.md;agents/B/B-07/equivalence.tsv;agents/B/B-07/reading-log.tsv;findings.json;root/feature-reverse-navigation.tsv
project	e1e01bb18d824931e54f182dd61af5a9f908ba85	specs/combat/wp55-facility-session-and-restoration.md	original-specification-or-appendix	WP55	FIXED_GIT_TRACKED	readiness-frozen-input	agents/B/B-07/report.md;agents/B/B-07/equivalence.tsv;agents/B/B-07/reading-log.tsv;findings.json;root/feature-reverse-navigation.tsv
project	e1e01bb18d824931e54f182dd61af5a9f908ba85	specs/combat/wp56-palace-and-arena-variants.md	original-specification-or-appendix	WP56	FIXED_GIT_TRACKED	readiness-frozen-input	agents/B/B-08/report.md;agents/B/B-08/equivalence.tsv;agents/B/B-08/reading-log.tsv;findings.json;root/feature-reverse-navigation.tsv
project	e1e01bb18d824931e54f182dd61af5a9f908ba85	specs/combat/wp58-battle-recording-and-playback.md	original-specification-or-appendix	WP58	FIXED_GIT_TRACKED	readiness-frozen-input	agents/B/B-08/report.md;agents/B/B-08/equivalence.tsv;agents/B/B-08/reading-log.tsv;findings.json;root/feature-reverse-navigation.tsv
project	e1e01bb18d824931e54f182dd61af5a9f908ba85	specs/creature-rpg/wp18-creature-identity-species-ownership.md	original-specification-or-appendix	WP18	FIXED_GIT_TRACKED	readiness-frozen-input	agents/A/A-03/report.md;same-agent supplement reports and reading logs;findings.json;root/feature-reverse-navigation.tsv
project	e1e01bb18d824931e54f182dd61af5a9f908ba85	specs/creature-rpg/wp20-hp-status-moves-helditem.md	original-specification-or-appendix	WP20	FIXED_GIT_TRACKED	readiness-frozen-input	agents/A/A-03/report.md;same-agent supplement reports and reading logs;findings.json;root/feature-reverse-navigation.tsv
project	e1e01bb18d824931e54f182dd61af5a9f908ba85	specs/creature-rpg/wp24-player-trainers-partners.md	original-specification-or-appendix	WP24	FIXED_GIT_TRACKED	readiness-frozen-input	agents/A/A-05/report.md;agents/A/A-05/equivalence.tsv;agents/A/A-05/reading-log.tsv;findings.json;root/feature-reverse-navigation.tsv
project	e1e01bb18d824931e54f182dd61af5a9f908ba85	specs/creature-rpg/wp25-party-and-storage.md	original-specification-or-appendix	WP25	FIXED_GIT_TRACKED	readiness-frozen-input	agents/A/A-05/report.md;agents/A/A-05/equivalence.tsv;agents/A/A-05/reading-log.tsv;findings.json;root/feature-reverse-navigation.tsv
project	e1e01bb18d824931e54f182dd61af5a9f908ba85	specs/creature-rpg/wp26-acquisition-gifts-and-script-trade.md	original-specification-or-appendix	WP26	FIXED_GIT_TRACKED	readiness-frozen-input	agents/A/A-05/report.md;agents/A/A-05/equivalence.tsv;agents/A/A-05/reading-log.tsv;findings.json;root/feature-reverse-navigation.tsv
project	e1e01bb18d824931e54f182dd61af5a9f908ba85	specs/creature-rpg/wp27-bag-and-item-storage.md	original-specification-or-appendix	WP27	FIXED_GIT_TRACKED	readiness-frozen-input	agents/A/A-06/report.md;agents/A/A-06/equivalence.tsv;agents/A/A-06/reading-log.tsv;findings.json;root/feature-reverse-navigation.tsv
project	e1e01bb18d824931e54f182dd61af5a9f908ba85	specs/creature-rpg/wp28-item-use-and-training.md	original-specification-or-appendix	WP28	FIXED_GIT_TRACKED	readiness-frozen-input	agents/A/A-06/report.md;agents/A/A-06/equivalence.tsv;agents/A/A-06/reading-log.tsv;findings.json;root/feature-reverse-navigation.tsv
project	e1e01bb18d824931e54f182dd61af5a9f908ba85	specs/creature-rpg/wp29-shops-and-exchanges.md	original-specification-or-appendix	WP29	FIXED_GIT_TRACKED	readiness-frozen-input	agents/A/A-06/report.md;agents/A/A-06/equivalence.tsv;agents/A/A-06/reading-log.tsv;findings.json;root/feature-reverse-navigation.tsv
project	e1e01bb18d824931e54f182dd61af5a9f908ba85	specs/creature-rpg/wp30-growth-learning-and-friendship.md	original-specification-or-appendix	WP30	FIXED_GIT_TRACKED	readiness-frozen-input	agents/A/A-07/report.md;agents/A/A-07/equivalence.tsv;agents/A/A-07/reading-log.tsv;findings.json;root/feature-reverse-navigation.tsv
project	e1e01bb18d824931e54f182dd61af5a9f908ba85	specs/creature-rpg/wp33-daycare-and-breeding-session.md	original-specification-or-appendix	WP33	FIXED_GIT_TRACKED	readiness-frozen-input	agents/A/A-08/report.md;agents/A/A-08/equivalence.tsv;agents/A/A-08/reading-log.tsv;findings.json;root/feature-reverse-navigation.tsv
project	e1e01bb18d824931e54f182dd61af5a9f908ba85	specs/creature-rpg/wp35-eggs-and-hatching.md	original-specification-or-appendix	WP35	FIXED_GIT_TRACKED	readiness-frozen-input	agents/A/A-08/report.md;agents/A/A-08/equivalence.tsv;agents/A/A-08/reading-log.tsv;findings.json;root/feature-reverse-navigation.tsv
project	e1e01bb18d824931e54f182dd61af5a9f908ba85	specs/creature-rpg/wp36-wild-encounters-and-modifiers.md	original-specification-or-appendix	WP36	FIXED_GIT_TRACKED	readiness-frozen-input	agents/C/C-05/report.md;agents/C/C-05/equivalence.tsv;agents/C/C-05/reading-log.tsv;findings.json;root/feature-reverse-navigation.tsv
project	e1e01bb18d824931e54f182dd61af5a9f908ba85	specs/creature-rpg/wp57-factory-rentals-and-swaps.md	original-specification-or-appendix	WP57	FIXED_GIT_TRACKED	readiness-frozen-input	agents/B/B-08/report.md;agents/B/B-08/equivalence.tsv;agents/B/B-08/reading-log.tsv;findings.json;root/feature-reverse-navigation.tsv
project	e1e01bb18d824931e54f182dd61af5a9f908ba85	specs/creature-rpg/wp64-mail-and-mystery-gift.md	original-specification-or-appendix	WP64	FIXED_GIT_TRACKED	readiness-frozen-input	agents/A/A-08/report.md;agents/A/A-08/equivalence.tsv;agents/A/A-08/reading-log.tsv;findings.json;root/feature-reverse-navigation.tsv
project	e1e01bb18d824931e54f182dd61af5a9f908ba85	specs/creature-rpg/wp68-triple-triad.md	original-specification-or-appendix	WP68	FIXED_GIT_TRACKED	readiness-frozen-input	agents/C/C-08/report.md;equivalence.tsv;reading-log.tsv;findings.json;root/feature-reverse-navigation.tsv
project	e1e01bb18d824931e54f182dd61af5a9f908ba85	specs/demo/wp01-baseline-and-evidence-scope.md	original-specification-or-appendix	WP01	FIXED_GIT_TRACKED	readiness-frozen-input	agents/A/A-01/report.md;agents/A/A-01/reading-log.tsv;findings.json;root/feature-reverse-navigation.tsv
project	e1e01bb18d824931e54f182dd61af5a9f908ba85	specs/demo/wp72-debug-contexts-and-controls.md	original-specification-or-appendix	WP72	FIXED_GIT_TRACKED	readiness-frozen-input	agents/C/C-01/report.md;same-agent supplement reports and reading logs;findings.json;root/feature-reverse-navigation.tsv
project	e1e01bb18d824931e54f182dd61af5a9f908ba85	specs/demo/wp73-a-content-editors.md	original-specification-or-appendix	WP73-A	FIXED_GIT_TRACKED	readiness-frozen-input	agents/C/C-01/report.md;same-agent supplement reports and reading logs;findings.json;root/feature-reverse-navigation.tsv
project	e1e01bb18d824931e54f182dd61af5a9f908ba85	specs/demo/wp73-b-world-editors.md	original-specification-or-appendix	WP73-B	FIXED_GIT_TRACKED	readiness-frozen-input	agents/C/C-01/report.md;same-agent supplement reports and reading logs;findings.json;root/feature-reverse-navigation.tsv
project	e1e01bb18d824931e54f182dd61af5a9f908ba85	specs/demo/wp74-battle-animation-authoring-and-exchange.md	original-specification-or-appendix	WP74	FIXED_GIT_TRACKED	readiness-frozen-input	agents/C/C-02/report.md;corresponding reading-log.tsv and equivalence.tsv;findings.json;root/feature-reverse-navigation.tsv
project	e1e01bb18d824931e54f182dd61af5a9f908ba85	specs/demo/wp75-project-conversion-and-authoring-tools.md	original-specification-or-appendix	WP75	FIXED_GIT_TRACKED	readiness-frozen-input	agents/C/C-02/report.md;corresponding reading-log.tsv and equivalence.tsv;findings.json;root/feature-reverse-navigation.tsv
project	e1e01bb18d824931e54f182dd61af5a9f908ba85	specs/demo/wp76-facility-content-generation-and-simulation.md	original-specification-or-appendix	WP76	FIXED_GIT_TRACKED	readiness-frozen-input	agents/B/B-09/report.md;agents/B/B-09/equivalence.tsv;agents/B/B-09/reading-log.tsv;findings.json;root/feature-reverse-navigation.tsv
project	e1e01bb18d824931e54f182dd61af5a9f908ba85	specs/demo/wp77-demo-evidence-and-capability-coverage.md	original-specification-or-appendix	WP77	FIXED_GIT_TRACKED	readiness-frozen-input	agents/C/C-02/report.md;corresponding reading-log.tsv and equivalence.tsv;findings.json;root/feature-reverse-navigation.tsv
project	e1e01bb18d824931e54f182dd61af5a9f908ba85	specs/kernel/wp02-rule-configuration-and-data-variants.md	original-specification-or-appendix	WP02	FIXED_GIT_TRACKED	readiness-frozen-input	agents/A/A-01/report.md;agents/A/A-01/reading-log.tsv;findings.json;root/feature-reverse-navigation.tsv
project	e1e01bb18d824931e54f182dd61af5a9f908ba85	specs/kernel/wp02-settings-inventory-appendix.md	original-specification-or-appendix	WP02	FIXED_GIT_TRACKED	readiness-frozen-input	agents/A/A-01/report.md;agents/A/A-01/reading-log.tsv;findings.json;root/feature-reverse-navigation.tsv
project	e1e01bb18d824931e54f182dd61af5a9f908ba85	specs/kernel/wp03-content-identity-and-schema.md	original-specification-or-appendix	WP03	FIXED_GIT_TRACKED	readiness-frozen-input	agents/A/A-01/report.md;agents/A/A-01/reading-log.tsv;findings.json;root/feature-reverse-navigation.tsv
project	e1e01bb18d824931e54f182dd61af5a9f908ba85	specs/kernel/wp04-pbs-lifecycle.md	original-specification-or-appendix	WP04	FIXED_GIT_TRACKED	readiness-frozen-input	agents/A/A-01/report.md;agents/A/A-01/reading-log.tsv;findings.json;root/feature-reverse-navigation.tsv
project	e1e01bb18d824931e54f182dd61af5a9f908ba85	specs/kernel/wp05-events-extensions-plugins.md	original-specification-or-appendix	WP05	FIXED_GIT_TRACKED	readiness-frozen-input	agents/A/A-01/report.md;agents/A/A-01/reading-log.tsv;findings.json;root/feature-reverse-navigation.tsv
project	e1e01bb18d824931e54f182dd61af5a9f908ba85	specs/kernel/wp06-stats-directory.md	original-specification-or-appendix	WP06	FIXED_GIT_TRACKED	readiness-frozen-input	agents/A/A-02/report.md;agents/A/A-02/reading-log.tsv;findings.json;root/feature-reverse-navigation.tsv
project	e1e01bb18d824931e54f182dd61af5a9f908ba85	specs/kernel/wp06-time-random-steps-stats.md	original-specification-or-appendix	WP06	FIXED_GIT_TRACKED	readiness-frozen-input	agents/A/A-02/report.md;agents/A/A-02/reading-log.tsv;findings.json;root/feature-reverse-navigation.tsv
project	e1e01bb18d824931e54f182dd61af5a9f908ba85	specs/kernel/wp07-deprecation-appendix.md	original-specification-or-appendix	WP07	FIXED_GIT_TRACKED	readiness-frozen-input	agents/A/A-02/report.md;agents/A/A-02/reading-log.tsv;findings.json;root/feature-reverse-navigation.tsv
project	e1e01bb18d824931e54f182dd61af5a9f908ba85	specs/kernel/wp07-diagnostics-files-http.md	original-specification-or-appendix	WP07	FIXED_GIT_TRACKED	readiness-frozen-input	agents/A/A-02/report.md;agents/A/A-02/reading-log.tsv;findings.json;root/feature-reverse-navigation.tsv
project	e1e01bb18d824931e54f182dd61af5a9f908ba85	specs/kernel/wp08-localization.md	original-specification-or-appendix	WP08	FIXED_GIT_TRACKED	readiness-frozen-input	agents/A/A-02/report.md;agents/A/A-02/reading-log.tsv;findings.json;root/feature-reverse-navigation.tsv
project	e1e01bb18d824931e54f182dd61af5a9f908ba85	specs/kernel/wp09-save-startup-continue.md	original-specification-or-appendix	WP09	FIXED_GIT_TRACKED	readiness-frozen-input	agents/A/A-02/report.md;agents/A/A-02/reading-log.tsv;findings.json;root/feature-reverse-navigation.tsv
project	e1e01bb18d824931e54f182dd61af5a9f908ba85	specs/kernel/wp10-migration-failure-recovery.md	original-specification-or-appendix	WP10	FIXED_GIT_TRACKED	readiness-frozen-input	agents/A/A-02/report.md;agents/A/A-02/reading-log.tsv;findings.json;root/feature-reverse-navigation.tsv
project	e1e01bb18d824931e54f182dd61af5a9f908ba85	specs/overworld/wp11-map-topology-transfer.md	original-specification-or-appendix	WP11	FIXED_GIT_TRACKED	readiness-frozen-input	agents/C/C-03/report.md;reading-log.tsv;equivalence.tsv;findings.json;root/feature-reverse-navigation.tsv
project	e1e01bb18d824931e54f182dd61af5a9f908ba85	specs/overworld/wp12-terrain-movement-vehicles.md	original-specification-or-appendix	WP12	FIXED_GIT_TRACKED	readiness-frozen-input	agents/C/C-03/report.md;reading-log.tsv;equivalence.tsv;findings.json;root/feature-reverse-navigation.tsv
project	e1e01bb18d824931e54f182dd61af5a9f908ba85	specs/overworld/wp13-interpreter-command-matrix.md	original-specification-or-appendix	WP13	FIXED_GIT_TRACKED	readiness-frozen-input	agents/C/C-03/report.md;reading-log.tsv;equivalence.tsv;findings.json;root/feature-reverse-navigation.tsv
project	e1e01bb18d824931e54f182dd61af5a9f908ba85	specs/overworld/wp13-map-events-npc-followers.md	original-specification-or-appendix	WP13	FIXED_GIT_TRACKED	readiness-frozen-input	agents/C/C-03/report.md;reading-log.tsv;equivalence.tsv;findings.json;root/feature-reverse-navigation.tsv
project	e1e01bb18d824931e54f182dd61af5a9f908ba85	specs/overworld/wp13-move-route-matrix.md	original-specification-or-appendix	WP13	FIXED_GIT_TRACKED	readiness-frozen-input	agents/C/C-03/report.md;reading-log.tsv;equivalence.tsv;findings.json;root/feature-reverse-navigation.tsv
project	e1e01bb18d824931e54f182dd61af5a9f908ba85	specs/overworld/wp14-random-dungeons.md	original-specification-or-appendix	WP14	FIXED_GIT_TRACKED	readiness-frozen-input	agents/C/C-03/report.md;reading-log.tsv;equivalence.tsv;findings.json;root/feature-reverse-navigation.tsv
project	e1e01bb18d824931e54f182dd61af5a9f908ba85	specs/overworld/wp15-resource-matching-and-audio.md	original-specification-or-appendix	WP15	FIXED_GIT_TRACKED	readiness-frozen-input	agents/C/C-04/report.md;agents/C/C-04/equivalence.tsv;agents/C/C-04/reading-log.tsv;findings.json;root/feature-reverse-navigation.tsv
project	e1e01bb18d824931e54f182dd61af5a9f908ba85	specs/overworld/wp16-pre-battle-transitions-appendix.md	original-specification-or-appendix	WP16	FIXED_GIT_TRACKED	readiness-frozen-input	agents/C/C-04/report.md;agents/C/C-04/equivalence.tsv;agents/C/C-04/reading-log.tsv;findings.json;root/feature-reverse-navigation.tsv
project	e1e01bb18d824931e54f182dd61af5a9f908ba85	specs/overworld/wp16-world-rendering-and-visual-transitions.md	original-specification-or-appendix	WP16	FIXED_GIT_TRACKED	readiness-frozen-input	agents/C/C-04/report.md;agents/C/C-04/equivalence.tsv;agents/C/C-04/reading-log.tsv;findings.json;root/feature-reverse-navigation.tsv
project	e1e01bb18d824931e54f182dd61af5a9f908ba85	specs/overworld/wp59-world-time-weather-field-moves.md	original-specification-or-appendix	WP59	FIXED_GIT_TRACKED	readiness-frozen-input	agents/C/C-05/report.md;agents/C/C-05/equivalence.tsv;agents/C/C-05/reading-log.tsv;findings.json;root/feature-reverse-navigation.tsv
project	e1e01bb18d824931e54f182dd61af5a9f908ba85	specs/overworld/wp60-fishing.md	original-specification-or-appendix	WP60	FIXED_GIT_TRACKED	readiness-frozen-input	agents/C/C-06/report.md;agents/C/C-06/equivalence.tsv;agents/C/C-06/reading-log.tsv;findings.json;root/feature-reverse-navigation.tsv
project	e1e01bb18d824931e54f182dd61af5a9f908ba85	specs/pokemon-rules/wp19-attributes-ability-and-stats.md	original-specification-or-appendix	WP19	FIXED_GIT_TRACKED	readiness-frozen-input	agents/A/A-03/report.md;same-agent supplement reports and reading logs;findings.json;root/feature-reverse-navigation.tsv
project	e1e01bb18d824931e54f182dd61af5a9f908ba85	specs/pokemon-rules/wp21-dynamic-forms-and-display.md	original-specification-or-appendix	WP21	FIXED_GIT_TRACKED	readiness-frozen-input	agents/A/A-04/report.md;corresponding reading-log.tsv and equivalence.tsv;findings.json;root/feature-reverse-navigation.tsv
project	e1e01bb18d824931e54f182dd61af5a9f908ba85	specs/pokemon-rules/wp22-mega-and-primal-reversion.md	original-specification-or-appendix	WP22	FIXED_GIT_TRACKED	readiness-frozen-input	agents/A/A-04/report.md;corresponding reading-log.tsv and equivalence.tsv;findings.json;root/feature-reverse-navigation.tsv
project	e1e01bb18d824931e54f182dd61af5a9f908ba85	specs/pokemon-rules/wp22-transformation-data.md	original-specification-or-appendix	WP22	FIXED_GIT_TRACKED	readiness-frozen-input	agents/A/A-04/report.md;corresponding reading-log.tsv and equivalence.tsv;findings.json;root/feature-reverse-navigation.tsv
project	e1e01bb18d824931e54f182dd61af5a9f908ba85	specs/pokemon-rules/wp23-shadow-data-and-vectors.md	original-specification-or-appendix	WP23	FIXED_GIT_TRACKED	readiness-frozen-input	agents/A/A-04/report.md;corresponding reading-log.tsv and equivalence.tsv;findings.json;root/feature-reverse-navigation.tsv
project	e1e01bb18d824931e54f182dd61af5a9f908ba85	specs/pokemon-rules/wp23-shadow-hyper-and-purification.md	original-specification-or-appendix	WP23	FIXED_GIT_TRACKED	readiness-frozen-input	agents/A/A-04/report.md;corresponding reading-log.tsv and equivalence.tsv;findings.json;root/feature-reverse-navigation.tsv
project	e1e01bb18d824931e54f182dd61af5a9f908ba85	specs/pokemon-rules/wp31-basic-evolution.md	original-specification-or-appendix	WP31	FIXED_GIT_TRACKED	readiness-frozen-input	agents/A/A-07/report.md;agents/A/A-07/equivalence.tsv;agents/A/A-07/reading-log.tsv;findings.json;root/feature-reverse-navigation.tsv
project	e1e01bb18d824931e54f182dd61af5a9f908ba85	specs/pokemon-rules/wp32-context-inputs-and-scenarios.md	original-specification-or-appendix	WP32	FIXED_GIT_TRACKED	readiness-frozen-input	agents/A/A-07/report.md;agents/A/A-07/equivalence.tsv;agents/A/A-07/reading-log.tsv;findings.json;root/feature-reverse-navigation.tsv
project	e1e01bb18d824931e54f182dd61af5a9f908ba85	specs/pokemon-rules/wp32-contextual-trade-and-post-battle-evolution.md	original-specification-or-appendix	WP32	FIXED_GIT_TRACKED	readiness-frozen-input	agents/A/A-07/report.md;agents/A/A-07/equivalence.tsv;agents/A/A-07/reading-log.tsv;findings.json;root/feature-reverse-navigation.tsv
project	e1e01bb18d824931e54f182dd61af5a9f908ba85	specs/pokemon-rules/wp34-inheritance-and-offspring.md	original-specification-or-appendix	WP34	FIXED_GIT_TRACKED	readiness-frozen-input	agents/A/A-08/report.md;agents/A/A-08/equivalence.tsv;agents/A/A-08/reading-log.tsv;findings.json;root/feature-reverse-navigation.tsv
project	e1e01bb18d824931e54f182dd61af5a9f908ba85	specs/pokemon-rules/wp37-roaming-and-poke-radar.md	original-specification-or-appendix	WP37	FIXED_GIT_TRACKED	readiness-frozen-input	agents/C/C-05/report.md;agents/C/C-05/equivalence.tsv;agents/C/C-05/reading-log.tsv;findings.json;root/feature-reverse-navigation.tsv
project	e1e01bb18d824931e54f182dd61af5a9f908ba85	specs/pokemon-rules/wp38-capture-and-receiving.md	original-specification-or-appendix	WP38	FIXED_GIT_TRACKED	readiness-frozen-input	agents/B/B-01/report.md;agents/B/B-01/reading-log.tsv;findings.json;root/feature-reverse-navigation.tsv
project	e1e01bb18d824931e54f182dd61af5a9f908ba85	specs/pokemon-rules/wp43-types-accuracy-and-damage.md	original-specification-or-appendix	WP43	FIXED_GIT_TRACKED	readiness-frozen-input	agents/B/B-02/report.md;agents/B/B-02/reading-log.tsv;findings.json;root/feature-reverse-navigation.tsv
project	e1e01bb18d824931e54f182dd61af5a9f908ba85	specs/pokemon-rules/wp44-effect-coverage.md	original-specification-or-appendix	WP44	FIXED_GIT_TRACKED	readiness-frozen-input	agents/B/B-03/report.md;agents/B/B-03/reading-log.tsv;agents/B/B-03/equivalence.tsv;findings.json;root/feature-reverse-navigation.tsv
project	e1e01bb18d824931e54f182dd61af5a9f908ba85	specs/pokemon-rules/wp44-statuses-stat-stages-and-immunities.md	original-specification-or-appendix	WP44	FIXED_GIT_TRACKED	readiness-frozen-input	agents/B/B-03/report.md;agents/B/B-03/reading-log.tsv;agents/B/B-03/equivalence.tsv;findings.json;root/feature-reverse-navigation.tsv
project	e1e01bb18d824931e54f182dd61af5a9f908ba85	specs/pokemon-rules/wp46-damage-healing-coverage.md	original-specification-or-appendix	WP46	FIXED_GIT_TRACKED	readiness-frozen-input	agents/B/B-03/report.md;agents/B/B-03/reading-log.tsv;agents/B/B-03/equivalence.tsv;findings.json;root/feature-reverse-navigation.tsv
project	e1e01bb18d824931e54f182dd61af5a9f908ba85	specs/pokemon-rules/wp46-damage-multihit-and-healing.md	original-specification-or-appendix	WP46	FIXED_GIT_TRACKED	readiness-frozen-input	agents/B/B-03/report.md;agents/B/B-03/reading-log.tsv;agents/B/B-03/equivalence.tsv;findings.json;root/feature-reverse-navigation.tsv
project	e1e01bb18d824931e54f182dd61af5a9f908ba85	specs/pokemon-rules/wp48-ability-calculation-modifiers.md	original-specification-or-appendix	WP48	FIXED_GIT_TRACKED	readiness-frozen-input	agents/B/B-04/report.md;corresponding reading-log.tsv and equivalence.tsv;findings.json;root/feature-reverse-navigation.tsv
project	e1e01bb18d824931e54f182dd61af5a9f908ba85	specs/pokemon-rules/wp50-held-item-effect-coverage.md	original-specification-or-appendix	WP50	FIXED_GIT_TRACKED	readiness-frozen-input	agents/B/B-05/report.md;reading-log.tsv;equivalence.tsv;findings.json;root/feature-reverse-navigation.tsv
project	e1e01bb18d824931e54f182dd61af5a9f908ba85	specs/pokemon-rules/wp50-held-item-triggers-and-consumption.md	original-specification-or-appendix	WP50	FIXED_GIT_TRACKED	readiness-frozen-input	agents/B/B-05/report.md;reading-log.tsv;equivalence.tsv;findings.json;root/feature-reverse-navigation.tsv
project	e1e01bb18d824931e54f182dd61af5a9f908ba85	specs/pokemon-rules/wp53-safari-and-bug-catching-contest.md	original-specification-or-appendix	WP53	FIXED_GIT_TRACKED	readiness-frozen-input	agents/B/B-07/report.md;agents/B/B-07/equivalence.tsv;agents/B/B-07/reading-log.tsv;findings.json;root/feature-reverse-navigation.tsv
project	e1e01bb18d824931e54f182dd61af5a9f908ba85	specs/pokemon-rules/wp60-berry-plants.md	original-specification-or-appendix	WP60	FIXED_GIT_TRACKED	readiness-frozen-input	agents/C/C-06/report.md;agents/C/C-06/equivalence.tsv;agents/C/C-06/reading-log.tsv;findings.json;root/feature-reverse-navigation.tsv
project	e1e01bb18d824931e54f182dd61af5a9f908ba85	specs/pokemon-rules/wp61-field-passive-effects-and-blackout.md	original-specification-or-appendix	WP61	FIXED_GIT_TRACKED	readiness-frozen-input	agents/C/C-06/report.md;agents/C/C-06/equivalence.tsv;agents/C/C-06/reading-log.tsv;findings.json;root/feature-reverse-navigation.tsv
project	e1e01bb18d824931e54f182dd61af5a9f908ba85	specs/pokemon-rules/wp62-pokedex-records-regions-and-content.md	original-specification-or-appendix	WP62	FIXED_GIT_TRACKED	readiness-frozen-input	agents/A/A-08/report.md;agents/A/A-08/equivalence.tsv;agents/A/A-08/reading-log.tsv;findings.json;root/feature-reverse-navigation.tsv
project	e1e01bb18d824931e54f182dd61af5a9f908ba85	specs/pokemon-rules/wp69-voltorb-flip.md	original-specification-or-appendix	WP69	FIXED_GIT_TRACKED	readiness-frozen-input	agents/C/C-08/report.md;equivalence.tsv;reading-log.tsv;findings.json;root/feature-reverse-navigation.tsv
project	e1e01bb18d824931e54f182dd61af5a9f908ba85	specs/pokemon-rules/wp69-voltorb-layouts.md	original-specification-or-appendix	WP69	FIXED_GIT_TRACKED	readiness-frozen-input	agents/C/C-08/report.md;equivalence.tsv;reading-log.tsv;findings.json;root/feature-reverse-navigation.tsv
project	e1e01bb18d824931e54f182dd61af5a9f908ba85	specs/pokemon-rules/wp70-lottery.md	original-specification-or-appendix	WP70	FIXED_GIT_TRACKED	readiness-frozen-input	agents/C/C-08/report.md;equivalence.tsv;reading-log.tsv;findings.json;root/feature-reverse-navigation.tsv
project	e1e01bb18d824931e54f182dd61af5a9f908ba85	specs/ui/wp17-draw-text-tags.md	original-specification-or-appendix	WP17	FIXED_GIT_TRACKED	readiness-frozen-input	agents/C/C-04/report.md;agents/C/C-04/equivalence.tsv;agents/C/C-04/reading-log.tsv;findings.json;root/feature-reverse-navigation.tsv
project	e1e01bb18d824931e54f182dd61af5a9f908ba85	specs/ui/wp17-messages-windows-input.md	original-specification-or-appendix	WP17	FIXED_GIT_TRACKED	readiness-frozen-input	agents/C/C-04/report.md;agents/C/C-04/equivalence.tsv;agents/C/C-04/reading-log.tsv;findings.json;root/feature-reverse-navigation.tsv
project	e1e01bb18d824931e54f182dd61af5a9f908ba85	specs/ui/wp63-pokegear-map-music-and-phone.md	original-specification-or-appendix	WP63	FIXED_GIT_TRACKED	readiness-frozen-input	agents/C/C-06/report.md;agents/C/C-06/equivalence.tsv;agents/C/C-06/reading-log.tsv;findings.json;root/feature-reverse-navigation.tsv
project	e1e01bb18d824931e54f182dd61af5a9f908ba85	specs/ui/wp65-controls-help-appendix.md	original-specification-or-appendix	WP65	FIXED_GIT_TRACKED	readiness-frozen-input	agents/C/C-06/report.md;agents/C/C-06/equivalence.tsv;agents/C/C-06/reading-log.tsv;findings.json;root/feature-reverse-navigation.tsv
project	e1e01bb18d824931e54f182dd61af5a9f908ba85	specs/ui/wp65-title-load-options-pause-and-pc.md	original-specification-or-appendix	WP65	FIXED_GIT_TRACKED	readiness-frozen-input	agents/C/C-06/report.md;agents/C/C-06/equivalence.tsv;agents/C/C-06/reading-log.tsv;findings.json;root/feature-reverse-navigation.tsv
project	e1e01bb18d824931e54f182dd61af5a9f908ba85	specs/ui/wp65-trainer-card-appendix.md	original-specification-or-appendix	WP65	FIXED_GIT_TRACKED	readiness-frozen-input	agents/C/C-06/report.md;agents/C/C-06/equivalence.tsv;agents/C/C-06/reading-log.tsv;findings.json;root/feature-reverse-navigation.tsv
project	e1e01bb18d824931e54f182dd61af5a9f908ba85	specs/ui/wp66-a-party-and-summary-ui.md	original-specification-or-appendix	WP66-A	FIXED_GIT_TRACKED	readiness-frozen-input	agents/C/C-07/report.md;equivalence.tsv;reading-log.tsv;storage-comparison.md;findings.json;root/feature-reverse-navigation.tsv
project	e1e01bb18d824931e54f182dd61af5a9f908ba85	specs/ui/wp66-b-storage-and-pokedex-ui.md	original-specification-or-appendix	WP66-B	FIXED_GIT_TRACKED	readiness-frozen-input	agents/C/C-07/report.md;equivalence.tsv;reading-log.tsv;storage-comparison.md;findings.json;root/feature-reverse-navigation.tsv
project	e1e01bb18d824931e54f182dd61af5a9f908ba85	specs/ui/wp66-c-bag-item-storage-and-shop-ui.md	original-specification-or-appendix	WP66-C	FIXED_GIT_TRACKED	readiness-frozen-input	agents/C/C-07/report.md;equivalence.tsv;reading-log.tsv;storage-comparison.md;findings.json;root/feature-reverse-navigation.tsv
project	e1e01bb18d824931e54f182dd61af5a9f908ba85	specs/ui/wp67-a-battle-interaction-and-presentation.md	original-specification-or-appendix	WP67-A	FIXED_GIT_TRACKED	readiness-frozen-input	agents/B/B-09/report.md;agents/B/B-09/equivalence.tsv;agents/B/B-09/reading-log.tsv;findings.json;root/feature-reverse-navigation.tsv
project	e1e01bb18d824931e54f182dd61af5a9f908ba85	specs/ui/wp67-b-lifecycle-presentations-and-history.md	original-specification-or-appendix	WP67-B	FIXED_GIT_TRACKED	readiness-frozen-input	agents/C/C-07/report.md;equivalence.tsv;reading-log.tsv;storage-comparison.md;findings.json;root/feature-reverse-navigation.tsv
project	e1e01bb18d824931e54f182dd61af5a9f908ba85	specs/ui/wp68-duel.md	original-specification-or-appendix	WP68	FIXED_GIT_TRACKED	readiness-frozen-input	agents/C/C-08/report.md;equivalence.tsv;reading-log.tsv;findings.json;root/feature-reverse-navigation.tsv
project	e1e01bb18d824931e54f182dd61af5a9f908ba85	specs/ui/wp69-slot-machine.md	original-specification-or-appendix	WP69	FIXED_GIT_TRACKED	readiness-frozen-input	agents/C/C-08/report.md;equivalence.tsv;reading-log.tsv;findings.json;root/feature-reverse-navigation.tsv
project	e1e01bb18d824931e54f182dd61af5a9f908ba85	specs/ui/wp69-slot-reels.md	original-specification-or-appendix	WP69	FIXED_GIT_TRACKED	readiness-frozen-input	agents/C/C-08/report.md;equivalence.tsv;reading-log.tsv;findings.json;root/feature-reverse-navigation.tsv
project	e1e01bb18d824931e54f182dd61af5a9f908ba85	specs/ui/wp70-mining-data.md	original-specification-or-appendix	WP70	FIXED_GIT_TRACKED	readiness-frozen-input	agents/C/C-08/report.md;equivalence.tsv;reading-log.tsv;findings.json;root/feature-reverse-navigation.tsv
project	e1e01bb18d824931e54f182dd61af5a9f908ba85	specs/ui/wp70-mining.md	original-specification-or-appendix	WP70	FIXED_GIT_TRACKED	readiness-frozen-input	agents/C/C-08/report.md;equivalence.tsv;reading-log.tsv;findings.json;root/feature-reverse-navigation.tsv
project	e1e01bb18d824931e54f182dd61af5a9f908ba85	specs/ui/wp71-tile-puzzles.md	original-specification-or-appendix	WP71	FIXED_GIT_TRACKED	readiness-frozen-input	agents/C/C-08/report.md;equivalence.tsv;reading-log.tsv;findings.json;root/feature-reverse-navigation.tsv
reference	8c5911e4a4b07b07e832e4bb0d5d8859e88b4a9b	.gitignore	reference-behavior-or-material-candidate	UNASSIGNED	FIXED_GIT_TRACKED	reference-input-candidate	source-coverage.tsv
reference	8c5911e4a4b07b07e832e4bb0d5d8859e88b4a9b	.rubocop.yml	reference-behavior-or-material-candidate	UNASSIGNED	FIXED_GIT_TRACKED	reference-input-candidate	source-coverage.tsv
reference	8c5911e4a4b07b07e832e4bb0d5d8859e88b4a9b	Data/Scripts.rxdata	reference-behavior-or-material-candidate	UNASSIGNED	FIXED_GIT_TRACKED	reference-input-candidate	source-coverage.tsv
reference	8c5911e4a4b07b07e832e4bb0d5d8859e88b4a9b	Data/Scripts/001_Settings.rb	reference-behavior-or-material-candidate	UNASSIGNED	FIXED_GIT_TRACKED	reference-input-candidate	source-coverage.tsv
reference	8c5911e4a4b07b07e832e4bb0d5d8859e88b4a9b	Data/Scripts/001_Technical/001_Debugging/001_PBDebug.rb	reference-behavior-or-material-candidate	UNASSIGNED	FIXED_GIT_TRACKED	reference-input-candidate	source-coverage.tsv
reference	8c5911e4a4b07b07e832e4bb0d5d8859e88b4a9b	Data/Scripts/001_Technical/001_Debugging/002_DebugConsole.rb	reference-behavior-or-material-candidate	UNASSIGNED	FIXED_GIT_TRACKED	reference-input-candidate	source-coverage.tsv
reference	8c5911e4a4b07b07e832e4bb0d5d8859e88b4a9b	Data/Scripts/001_Technical/001_Debugging/003_Errors.rb	reference-behavior-or-material-candidate	UNASSIGNED	FIXED_GIT_TRACKED	reference-input-candidate	source-coverage.tsv
reference	8c5911e4a4b07b07e832e4bb0d5d8859e88b4a9b	Data/Scripts/001_Technical/001_Debugging/004_Validation.rb	reference-behavior-or-material-candidate	UNASSIGNED	FIXED_GIT_TRACKED	reference-input-candidate	source-coverage.tsv
reference	8c5911e4a4b07b07e832e4bb0d5d8859e88b4a9b	Data/Scripts/001_Technical/001_Debugging/005_Deprecation.rb	reference-behavior-or-material-candidate	UNASSIGNED	FIXED_GIT_TRACKED	reference-input-candidate	source-coverage.tsv
reference	8c5911e4a4b07b07e832e4bb0d5d8859e88b4a9b	Data/Scripts/001_Technical/001_MKXP_Compatibility.rb	reference-behavior-or-material-candidate	UNASSIGNED	FIXED_GIT_TRACKED	reference-input-candidate	source-coverage.tsv
reference	8c5911e4a4b07b07e832e4bb0d5d8859e88b4a9b	Data/Scripts/001_Technical/002_Files/001_FileTests.rb	reference-behavior-or-material-candidate	UNASSIGNED	FIXED_GIT_TRACKED	reference-input-candidate	source-coverage.tsv
reference	8c5911e4a4b07b07e832e4bb0d5d8859e88b4a9b	Data/Scripts/001_Technical/002_Files/002_FileMixins.rb	reference-behavior-or-material-candidate	UNASSIGNED	FIXED_GIT_TRACKED	reference-input-candidate	source-coverage.tsv
reference	8c5911e4a4b07b07e832e4bb0d5d8859e88b4a9b	Data/Scripts/001_Technical/002_Files/003_HTTP_Utilities.rb	reference-behavior-or-material-candidate	UNASSIGNED	FIXED_GIT_TRACKED	reference-input-candidate	source-coverage.tsv
reference	8c5911e4a4b07b07e832e4bb0d5d8859e88b4a9b	Data/Scripts/001_Technical/002_RubyUtilities.rb	reference-behavior-or-material-candidate	UNASSIGNED	FIXED_GIT_TRACKED	reference-input-candidate	source-coverage.tsv
reference	8c5911e4a4b07b07e832e4bb0d5d8859e88b4a9b	Data/Scripts/001_Technical/003_Intl_Messages.rb	reference-behavior-or-material-candidate	UNASSIGNED	FIXED_GIT_TRACKED	reference-input-candidate	source-coverage.tsv
reference	8c5911e4a4b07b07e832e4bb0d5d8859e88b4a9b	Data/Scripts/001_Technical/004_Input.rb	reference-behavior-or-material-candidate	UNASSIGNED	FIXED_GIT_TRACKED	reference-input-candidate	source-coverage.tsv
reference	8c5911e4a4b07b07e832e4bb0d5d8859e88b4a9b	Data/Scripts/001_Technical/005_PluginManager.rb	reference-behavior-or-material-candidate	UNASSIGNED	FIXED_GIT_TRACKED	reference-input-candidate	source-coverage.tsv
reference	8c5911e4a4b07b07e832e4bb0d5d8859e88b4a9b	Data/Scripts/001_Technical/006_RPG_Sprite.rb	reference-behavior-or-material-candidate	UNASSIGNED	FIXED_GIT_TRACKED	reference-input-candidate	source-coverage.tsv
reference	8c5911e4a4b07b07e832e4bb0d5d8859e88b4a9b	Data/Scripts/002_BattleSettings.rb	reference-behavior-or-material-candidate	UNASSIGNED	FIXED_GIT_TRACKED	reference-input-candidate	source-coverage.tsv
reference	8c5911e4a4b07b07e832e4bb0d5d8859e88b4a9b	Data/Scripts/002_Save data/001_SaveData.rb	reference-behavior-or-material-candidate	UNASSIGNED	FIXED_GIT_TRACKED	reference-input-candidate	source-coverage.tsv
reference	8c5911e4a4b07b07e832e4bb0d5d8859e88b4a9b	Data/Scripts/002_Save data/002_SaveData_Value.rb	reference-behavior-or-material-candidate	UNASSIGNED	FIXED_GIT_TRACKED	reference-input-candidate	source-coverage.tsv
reference	8c5911e4a4b07b07e832e4bb0d5d8859e88b4a9b	Data/Scripts/002_Save data/003_SaveData_Conversion.rb	reference-behavior-or-material-candidate	UNASSIGNED	FIXED_GIT_TRACKED	reference-input-candidate	source-coverage.tsv
reference	8c5911e4a4b07b07e832e4bb0d5d8859e88b4a9b	Data/Scripts/002_Save data/004_Game_SaveValues.rb	reference-behavior-or-material-candidate	UNASSIGNED	FIXED_GIT_TRACKED	reference-input-candidate	source-coverage.tsv
reference	8c5911e4a4b07b07e832e4bb0d5d8859e88b4a9b	Data/Scripts/002_Save data/005_Game_SaveConversions.rb	reference-behavior-or-material-candidate	UNASSIGNED	FIXED_GIT_TRACKED	reference-input-candidate	source-coverage.tsv
reference	8c5911e4a4b07b07e832e4bb0d5d8859e88b4a9b	Data/Scripts/003_Game processing/001_StartGame.rb	reference-behavior-or-material-candidate	UNASSIGNED	FIXED_GIT_TRACKED	reference-input-candidate	source-coverage.tsv
reference	8c5911e4a4b07b07e832e4bb0d5d8859e88b4a9b	Data/Scripts/003_Game processing/002_Scene_Map.rb	reference-behavior-or-material-candidate	UNASSIGNED	FIXED_GIT_TRACKED	reference-input-candidate	source-coverage.tsv
reference	8c5911e4a4b07b07e832e4bb0d5d8859e88b4a9b	Data/Scripts/003_Game processing/003_Interpreter.rb	reference-behavior-or-material-candidate	UNASSIGNED	FIXED_GIT_TRACKED	reference-input-candidate	source-coverage.tsv
reference	8c5911e4a4b07b07e832e4bb0d5d8859e88b4a9b	Data/Scripts/003_Game processing/004_Interpreter_Commands.rb	reference-behavior-or-material-candidate	UNASSIGNED	FIXED_GIT_TRACKED	reference-input-candidate	source-coverage.tsv
reference	8c5911e4a4b07b07e832e4bb0d5d8859e88b4a9b	Data/Scripts/003_Game processing/005_Event_Handlers.rb	reference-behavior-or-material-candidate	UNASSIGNED	FIXED_GIT_TRACKED	reference-input-candidate	source-coverage.tsv
reference	8c5911e4a4b07b07e832e4bb0d5d8859e88b4a9b	Data/Scripts/003_Game processing/006_Event_HandlerCollections.rb	reference-behavior-or-material-candidate	UNASSIGNED	FIXED_GIT_TRACKED	reference-input-candidate	source-coverage.tsv
reference	8c5911e4a4b07b07e832e4bb0d5d8859e88b4a9b	Data/Scripts/004_Game classes/001_Game_Screen.rb	reference-behavior-or-material-candidate	UNASSIGNED	FIXED_GIT_TRACKED	reference-input-candidate	source-coverage.tsv
reference	8c5911e4a4b07b07e832e4bb0d5d8859e88b4a9b	Data/Scripts/004_Game classes/001_Switches and Variables/001_Game_Temp.rb	reference-behavior-or-material-candidate	UNASSIGNED	FIXED_GIT_TRACKED	reference-input-candidate	source-coverage.tsv
reference	8c5911e4a4b07b07e832e4bb0d5d8859e88b4a9b	Data/Scripts/004_Game classes/001_Switches and Variables/002_Game_Switches.rb	reference-behavior-or-material-candidate	UNASSIGNED	FIXED_GIT_TRACKED	reference-input-candidate	source-coverage.tsv
reference	8c5911e4a4b07b07e832e4bb0d5d8859e88b4a9b	Data/Scripts/004_Game classes/001_Switches and Variables/003_Game_Variables.rb	reference-behavior-or-material-candidate	UNASSIGNED	FIXED_GIT_TRACKED	reference-input-candidate	source-coverage.tsv
reference	8c5911e4a4b07b07e832e4bb0d5d8859e88b4a9b	Data/Scripts/004_Game classes/001_Switches and Variables/004_Game_SelfSwitches.rb	reference-behavior-or-material-candidate	UNASSIGNED	FIXED_GIT_TRACKED	reference-input-candidate	source-coverage.tsv
reference	8c5911e4a4b07b07e832e4bb0d5d8859e88b4a9b	Data/Scripts/004_Game classes/002_Game_System.rb	reference-behavior-or-material-candidate	UNASSIGNED	FIXED_GIT_TRACKED	reference-input-candidate	source-coverage.tsv
reference	8c5911e4a4b07b07e832e4bb0d5d8859e88b4a9b	Data/Scripts/004_Game classes/003_Game_Picture.rb	reference-behavior-or-material-candidate	UNASSIGNED	FIXED_GIT_TRACKED	reference-input-candidate	source-coverage.tsv
reference	8c5911e4a4b07b07e832e4bb0d5d8859e88b4a9b	Data/Scripts/004_Game classes/004_Game_Map.rb	reference-behavior-or-material-candidate	UNASSIGNED	FIXED_GIT_TRACKED	reference-input-candidate	source-coverage.tsv
reference	8c5911e4a4b07b07e832e4bb0d5d8859e88b4a9b	Data/Scripts/004_Game classes/005_Game_MapFactory.rb	reference-behavior-or-material-candidate	UNASSIGNED	FIXED_GIT_TRACKED	reference-input-candidate	source-coverage.tsv
reference	8c5911e4a4b07b07e832e4bb0d5d8859e88b4a9b	Data/Scripts/004_Game classes/006_Game_Character.rb	reference-behavior-or-material-candidate	UNASSIGNED	FIXED_GIT_TRACKED	reference-input-candidate	source-coverage.tsv
reference	8c5911e4a4b07b07e832e4bb0d5d8859e88b4a9b	Data/Scripts/004_Game classes/007_Game_Event.rb	reference-behavior-or-material-candidate	UNASSIGNED	FIXED_GIT_TRACKED	reference-input-candidate	source-coverage.tsv
reference	8c5911e4a4b07b07e832e4bb0d5d8859e88b4a9b	Data/Scripts/004_Game classes/008_Game_Player.rb	reference-behavior-or-material-candidate	UNASSIGNED	FIXED_GIT_TRACKED	reference-input-candidate	source-coverage.tsv
reference	8c5911e4a4b07b07e832e4bb0d5d8859e88b4a9b	Data/Scripts/004_Game classes/009_Game_CommonEvent.rb	reference-behavior-or-material-candidate	UNASSIGNED	FIXED_GIT_TRACKED	reference-input-candidate	source-coverage.tsv
reference	8c5911e4a4b07b07e832e4bb0d5d8859e88b4a9b	Data/Scripts/004_Game classes/010_Game_Follower.rb	reference-behavior-or-material-candidate	UNASSIGNED	FIXED_GIT_TRACKED	reference-input-candidate	source-coverage.tsv
reference	8c5911e4a4b07b07e832e4bb0d5d8859e88b4a9b	Data/Scripts/004_Game classes/011_Game_FollowerFactory.rb	reference-behavior-or-material-candidate	UNASSIGNED	FIXED_GIT_TRACKED	reference-input-candidate	source-coverage.tsv
reference	8c5911e4a4b07b07e832e4bb0d5d8859e88b4a9b	Data/Scripts/004_Game classes/012_Game_Stats.rb	reference-behavior-or-material-candidate	UNASSIGNED	FIXED_GIT_TRACKED	reference-input-candidate	source-coverage.tsv
reference	8c5911e4a4b07b07e832e4bb0d5d8859e88b4a9b	Data/Scripts/005_Sprites/001_Sprite_Picture.rb	reference-behavior-or-material-candidate	UNASSIGNED	FIXED_GIT_TRACKED	reference-input-candidate	source-coverage.tsv
reference	8c5911e4a4b07b07e832e4bb0d5d8859e88b4a9b	Data/Scripts/005_Sprites/002_Sprite_Timer.rb	reference-behavior-or-material-candidate	UNASSIGNED	FIXED_GIT_TRACKED	reference-input-candidate	source-coverage.tsv
reference	8c5911e4a4b07b07e832e4bb0d5d8859e88b4a9b	Data/Scripts/005_Sprites/003_Sprite_Character.rb	reference-behavior-or-material-candidate	UNASSIGNED	FIXED_GIT_TRACKED	reference-input-candidate	source-coverage.tsv
reference	8c5911e4a4b07b07e832e4bb0d5d8859e88b4a9b	Data/Scripts/005_Sprites/004_Sprite_Reflection.rb	reference-behavior-or-material-candidate	UNASSIGNED	FIXED_GIT_TRACKED	reference-input-candidate	source-coverage.tsv
reference	8c5911e4a4b07b07e832e4bb0d5d8859e88b4a9b	Data/Scripts/005_Sprites/005_Sprite_SurfBase.rb	reference-behavior-or-material-candidate	UNASSIGNED	FIXED_GIT_TRACKED	reference-input-candidate	source-coverage.tsv
reference	8c5911e4a4b07b07e832e4bb0d5d8859e88b4a9b	Data/Scripts/005_Sprites/006_Spriteset_Global.rb	reference-behavior-or-material-candidate	UNASSIGNED	FIXED_GIT_TRACKED	reference-input-candidate	source-coverage.tsv
reference	8c5911e4a4b07b07e832e4bb0d5d8859e88b4a9b	Data/Scripts/005_Sprites/007_Spriteset_Map.rb	reference-behavior-or-material-candidate	UNASSIGNED	FIXED_GIT_TRACKED	reference-input-candidate	source-coverage.tsv
reference	8c5911e4a4b07b07e832e4bb0d5d8859e88b4a9b	Data/Scripts/005_Sprites/008_Sprite_AnimationSprite.rb	reference-behavior-or-material-candidate	UNASSIGNED	FIXED_GIT_TRACKED	reference-input-candidate	source-coverage.tsv
reference	8c5911e4a4b07b07e832e4bb0d5d8859e88b4a9b	Data/Scripts/005_Sprites/009_Sprite_DynamicShadows.rb	reference-behavior-or-material-candidate	UNASSIGNED	FIXED_GIT_TRACKED	reference-input-candidate	source-coverage.tsv
reference	8c5911e4a4b07b07e832e4bb0d5d8859e88b4a9b	Data/Scripts/005_Sprites/010_PictureEx.rb	reference-behavior-or-material-candidate	UNASSIGNED	FIXED_GIT_TRACKED	reference-input-candidate	source-coverage.tsv
reference	8c5911e4a4b07b07e832e4bb0d5d8859e88b4a9b	Data/Scripts/005_Sprites/011_ScreenPosHelper.rb	reference-behavior-or-material-candidate	UNASSIGNED	FIXED_GIT_TRACKED	reference-input-candidate	source-coverage.tsv
reference	8c5911e4a4b07b07e832e4bb0d5d8859e88b4a9b	Data/Scripts/006_Map renderer/001_TilemapRenderer.rb	reference-behavior-or-material-candidate	UNASSIGNED	FIXED_GIT_TRACKED	reference-input-candidate	source-coverage.tsv
reference	8c5911e4a4b07b07e832e4bb0d5d8859e88b4a9b	Data/Scripts/006_Map renderer/002_TilesetWrapper.rb	reference-behavior-or-material-candidate	UNASSIGNED	FIXED_GIT_TRACKED	reference-input-candidate	source-coverage.tsv
reference	8c5911e4a4b07b07e832e4bb0d5d8859e88b4a9b	Data/Scripts/006_Map renderer/003_AutotileExpander.rb	reference-behavior-or-material-candidate	UNASSIGNED	FIXED_GIT_TRACKED	reference-input-candidate	source-coverage.tsv
reference	8c5911e4a4b07b07e832e4bb0d5d8859e88b4a9b	Data/Scripts/006_Map renderer/004_TileDrawingHelper.rb	reference-behavior-or-material-candidate	UNASSIGNED	FIXED_GIT_TRACKED	reference-input-candidate	source-coverage.tsv
reference	8c5911e4a4b07b07e832e4bb0d5d8859e88b4a9b	Data/Scripts/007_Objects and windows/001_RPG_Cache.rb	reference-behavior-or-material-candidate	UNASSIGNED	FIXED_GIT_TRACKED	reference-input-candidate	source-coverage.tsv
reference	8c5911e4a4b07b07e832e4bb0d5d8859e88b4a9b	Data/Scripts/007_Objects and windows/002_MessageConfig.rb	reference-behavior-or-material-candidate	UNASSIGNED	FIXED_GIT_TRACKED	reference-input-candidate	source-coverage.tsv
reference	8c5911e4a4b07b07e832e4bb0d5d8859e88b4a9b	Data/Scripts/007_Objects and windows/003_Window.rb	reference-behavior-or-material-candidate	UNASSIGNED	FIXED_GIT_TRACKED	reference-input-candidate	source-coverage.tsv
reference	8c5911e4a4b07b07e832e4bb0d5d8859e88b4a9b	Data/Scripts/007_Objects and windows/004_SpriteWindow.rb	reference-behavior-or-material-candidate	UNASSIGNED	FIXED_GIT_TRACKED	reference-input-candidate	source-coverage.tsv
reference	8c5911e4a4b07b07e832e4bb0d5d8859e88b4a9b	Data/Scripts/007_Objects and windows/005_SpriteWindow_text.rb	reference-behavior-or-material-candidate	UNASSIGNED	FIXED_GIT_TRACKED	reference-input-candidate	source-coverage.tsv
reference	8c5911e4a4b07b07e832e4bb0d5d8859e88b4a9b	Data/Scripts/007_Objects and windows/006_SpriteWindow_pictures.rb	reference-behavior-or-material-candidate	UNASSIGNED	FIXED_GIT_TRACKED	reference-input-candidate	source-coverage.tsv
reference	8c5911e4a4b07b07e832e4bb0d5d8859e88b4a9b	Data/Scripts/007_Objects and windows/007_BitmapSprite.rb	reference-behavior-or-material-candidate	UNASSIGNED	FIXED_GIT_TRACKED	reference-input-candidate	source-coverage.tsv
reference	8c5911e4a4b07b07e832e4bb0d5d8859e88b4a9b	Data/Scripts/007_Objects and windows/008_AnimatedBitmap.rb	reference-behavior-or-material-candidate	UNASSIGNED	FIXED_GIT_TRACKED	reference-input-candidate	source-coverage.tsv
reference	8c5911e4a4b07b07e832e4bb0d5d8859e88b4a9b	Data/Scripts/007_Objects and windows/009_Planes.rb	reference-behavior-or-material-candidate	UNASSIGNED	FIXED_GIT_TRACKED	reference-input-candidate	source-coverage.tsv
reference	8c5911e4a4b07b07e832e4bb0d5d8859e88b4a9b	Data/Scripts/007_Objects and windows/010_DrawText.rb	reference-behavior-or-material-candidate	UNASSIGNED	FIXED_GIT_TRACKED	reference-input-candidate	source-coverage.tsv
reference	8c5911e4a4b07b07e832e4bb0d5d8859e88b4a9b	Data/Scripts/007_Objects and windows/011_Messages.rb	reference-behavior-or-material-candidate	UNASSIGNED	FIXED_GIT_TRACKED	reference-input-candidate	source-coverage.tsv
reference	8c5911e4a4b07b07e832e4bb0d5d8859e88b4a9b	Data/Scripts/007_Objects and windows/012_TextEntry.rb	reference-behavior-or-material-candidate	UNASSIGNED	FIXED_GIT_TRACKED	reference-input-candidate	source-coverage.tsv
reference	8c5911e4a4b07b07e832e4bb0d5d8859e88b4a9b	Data/Scripts/008_Audio/001_Audio.rb	reference-behavior-or-material-candidate	UNASSIGNED	FIXED_GIT_TRACKED	reference-input-candidate	source-coverage.tsv
reference	8c5911e4a4b07b07e832e4bb0d5d8859e88b4a9b	Data/Scripts/008_Audio/002_Audio_Play.rb	reference-behavior-or-material-candidate	UNASSIGNED	FIXED_GIT_TRACKED	reference-input-candidate	source-coverage.tsv
reference	8c5911e4a4b07b07e832e4bb0d5d8859e88b4a9b	Data/Scripts/009_Scenes/001_Transitions.rb	reference-behavior-or-material-candidate	UNASSIGNED	FIXED_GIT_TRACKED	reference-input-candidate	source-coverage.tsv
reference	8c5911e4a4b07b07e832e4bb0d5d8859e88b4a9b	Data/Scripts/009_Scenes/002_EventScene.rb	reference-behavior-or-material-candidate	UNASSIGNED	FIXED_GIT_TRACKED	reference-input-candidate	source-coverage.tsv
reference	8c5911e4a4b07b07e832e4bb0d5d8859e88b4a9b	Data/Scripts/010_Data/001_GameData.rb	reference-behavior-or-material-candidate	UNASSIGNED	FIXED_GIT_TRACKED	reference-input-candidate	source-coverage.tsv
reference	8c5911e4a4b07b07e832e4bb0d5d8859e88b4a9b	Data/Scripts/010_Data/001_Hardcoded data/001_GrowthRate.rb	reference-behavior-or-material-candidate	UNASSIGNED	FIXED_GIT_TRACKED	reference-input-candidate	source-coverage.tsv
reference	8c5911e4a4b07b07e832e4bb0d5d8859e88b4a9b	Data/Scripts/010_Data/001_Hardcoded data/002_GenderRatio.rb	reference-behavior-or-material-candidate	UNASSIGNED	FIXED_GIT_TRACKED	reference-input-candidate	source-coverage.tsv
reference	8c5911e4a4b07b07e832e4bb0d5d8859e88b4a9b	Data/Scripts/010_Data/001_Hardcoded data/003_EggGroup.rb	reference-behavior-or-material-candidate	UNASSIGNED	FIXED_GIT_TRACKED	reference-input-candidate	source-coverage.tsv
reference	8c5911e4a4b07b07e832e4bb0d5d8859e88b4a9b	Data/Scripts/010_Data/001_Hardcoded data/004_BodyShape.rb	reference-behavior-or-material-candidate	UNASSIGNED	FIXED_GIT_TRACKED	reference-input-candidate	source-coverage.tsv
reference	8c5911e4a4b07b07e832e4bb0d5d8859e88b4a9b	Data/Scripts/010_Data/001_Hardcoded data/005_BodyColor.rb	reference-behavior-or-material-candidate	UNASSIGNED	FIXED_GIT_TRACKED	reference-input-candidate	source-coverage.tsv
reference	8c5911e4a4b07b07e832e4bb0d5d8859e88b4a9b	Data/Scripts/010_Data/001_Hardcoded data/006_Habitat.rb	reference-behavior-or-material-candidate	UNASSIGNED	FIXED_GIT_TRACKED	reference-input-candidate	source-coverage.tsv
reference	8c5911e4a4b07b07e832e4bb0d5d8859e88b4a9b	Data/Scripts/010_Data/001_Hardcoded data/007_Evolution.rb	reference-behavior-or-material-candidate	UNASSIGNED	FIXED_GIT_TRACKED	reference-input-candidate	source-coverage.tsv
reference	8c5911e4a4b07b07e832e4bb0d5d8859e88b4a9b	Data/Scripts/010_Data/001_Hardcoded data/008_Stat.rb	reference-behavior-or-material-candidate	UNASSIGNED	FIXED_GIT_TRACKED	reference-input-candidate	source-coverage.tsv
reference	8c5911e4a4b07b07e832e4bb0d5d8859e88b4a9b	Data/Scripts/010_Data/001_Hardcoded data/009_Nature.rb	reference-behavior-or-material-candidate	UNASSIGNED	FIXED_GIT_TRACKED	reference-input-candidate	source-coverage.tsv
reference	8c5911e4a4b07b07e832e4bb0d5d8859e88b4a9b	Data/Scripts/010_Data/001_Hardcoded data/010_Status.rb	reference-behavior-or-material-candidate	UNASSIGNED	FIXED_GIT_TRACKED	reference-input-candidate	source-coverage.tsv
reference	8c5911e4a4b07b07e832e4bb0d5d8859e88b4a9b	Data/Scripts/010_Data/001_Hardcoded data/011_TerrainTag.rb	reference-behavior-or-material-candidate	UNASSIGNED	FIXED_GIT_TRACKED	reference-input-candidate	source-coverage.tsv
reference	8c5911e4a4b07b07e832e4bb0d5d8859e88b4a9b	Data/Scripts/010_Data/001_Hardcoded data/012_Weather.rb	reference-behavior-or-material-candidate	UNASSIGNED	FIXED_GIT_TRACKED	reference-input-candidate	source-coverage.tsv
reference	8c5911e4a4b07b07e832e4bb0d5d8859e88b4a9b	Data/Scripts/010_Data/001_Hardcoded data/013_EncounterType.rb	reference-behavior-or-material-candidate	UNASSIGNED	FIXED_GIT_TRACKED	reference-input-candidate	source-coverage.tsv
reference	8c5911e4a4b07b07e832e4bb0d5d8859e88b4a9b	Data/Scripts/010_Data/001_Hardcoded data/014_Environment.rb	reference-behavior-or-material-candidate	UNASSIGNED	FIXED_GIT_TRACKED	reference-input-candidate	source-coverage.tsv
reference	8c5911e4a4b07b07e832e4bb0d5d8859e88b4a9b	Data/Scripts/010_Data/001_Hardcoded data/015_BattleWeather.rb	reference-behavior-or-material-candidate	UNASSIGNED	FIXED_GIT_TRACKED	reference-input-candidate	source-coverage.tsv
reference	8c5911e4a4b07b07e832e4bb0d5d8859e88b4a9b	Data/Scripts/010_Data/001_Hardcoded data/016_BattleTerrain.rb	reference-behavior-or-material-candidate	UNASSIGNED	FIXED_GIT_TRACKED	reference-input-candidate	source-coverage.tsv
reference	8c5911e4a4b07b07e832e4bb0d5d8859e88b4a9b	Data/Scripts/010_Data/001_Hardcoded data/017_Target.rb	reference-behavior-or-material-candidate	UNASSIGNED	FIXED_GIT_TRACKED	reference-input-candidate	source-coverage.tsv
reference	8c5911e4a4b07b07e832e4bb0d5d8859e88b4a9b	Data/Scripts/010_Data/002_PBS data/001_MiscPBSData.rb	reference-behavior-or-material-candidate	UNASSIGNED	FIXED_GIT_TRACKED	reference-input-candidate	source-coverage.tsv
reference	8c5911e4a4b07b07e832e4bb0d5d8859e88b4a9b	Data/Scripts/010_Data/002_PBS data/002_TownMap.rb	reference-behavior-or-material-candidate	UNASSIGNED	FIXED_GIT_TRACKED	reference-input-candidate	source-coverage.tsv
reference	8c5911e4a4b07b07e832e4bb0d5d8859e88b4a9b	Data/Scripts/010_Data/002_PBS data/003_Type.rb	reference-behavior-or-material-candidate	UNASSIGNED	FIXED_GIT_TRACKED	reference-input-candidate	source-coverage.tsv
reference	8c5911e4a4b07b07e832e4bb0d5d8859e88b4a9b	Data/Scripts/010_Data/002_PBS data/004_Ability.rb	reference-behavior-or-material-candidate	UNASSIGNED	FIXED_GIT_TRACKED	reference-input-candidate	source-coverage.tsv
reference	8c5911e4a4b07b07e832e4bb0d5d8859e88b4a9b	Data/Scripts/010_Data/002_PBS data/005_Move.rb	reference-behavior-or-material-candidate	UNASSIGNED	FIXED_GIT_TRACKED	reference-input-candidate	source-coverage.tsv
reference	8c5911e4a4b07b07e832e4bb0d5d8859e88b4a9b	Data/Scripts/010_Data/002_PBS data/006_Item.rb	reference-behavior-or-material-candidate	UNASSIGNED	FIXED_GIT_TRACKED	reference-input-candidate	source-coverage.tsv
reference	8c5911e4a4b07b07e832e4bb0d5d8859e88b4a9b	Data/Scripts/010_Data/002_PBS data/007_BerryPlant.rb	reference-behavior-or-material-candidate	UNASSIGNED	FIXED_GIT_TRACKED	reference-input-candidate	source-coverage.tsv
reference	8c5911e4a4b07b07e832e4bb0d5d8859e88b4a9b	Data/Scripts/010_Data/002_PBS data/008_Species.rb	reference-behavior-or-material-candidate	UNASSIGNED	FIXED_GIT_TRACKED	reference-input-candidate	source-coverage.tsv
reference	8c5911e4a4b07b07e832e4bb0d5d8859e88b4a9b	Data/Scripts/010_Data/002_PBS data/009_Species_files.rb	reference-behavior-or-material-candidate	UNASSIGNED	FIXED_GIT_TRACKED	reference-input-candidate	source-coverage.tsv
reference	8c5911e4a4b07b07e832e4bb0d5d8859e88b4a9b	Data/Scripts/010_Data/002_PBS data/010_SpeciesMetrics.rb	reference-behavior-or-material-candidate	UNASSIGNED	FIXED_GIT_TRACKED	reference-input-candidate	source-coverage.tsv
reference	8c5911e4a4b07b07e832e4bb0d5d8859e88b4a9b	Data/Scripts/010_Data/002_PBS data/011_ShadowPokemon.rb	reference-behavior-or-material-candidate	UNASSIGNED	FIXED_GIT_TRACKED	reference-input-candidate	source-coverage.tsv
reference	8c5911e4a4b07b07e832e4bb0d5d8859e88b4a9b	Data/Scripts/010_Data/002_PBS data/012_Ribbon.rb	reference-behavior-or-material-candidate	UNASSIGNED	FIXED_GIT_TRACKED	reference-input-candidate	source-coverage.tsv
reference	8c5911e4a4b07b07e832e4bb0d5d8859e88b4a9b	Data/Scripts/010_Data/002_PBS data/013_Encounter.rb	reference-behavior-or-material-candidate	UNASSIGNED	FIXED_GIT_TRACKED	reference-input-candidate	source-coverage.tsv
reference	8c5911e4a4b07b07e832e4bb0d5d8859e88b4a9b	Data/Scripts/010_Data/002_PBS data/014_TrainerType.rb	reference-behavior-or-material-candidate	UNASSIGNED	FIXED_GIT_TRACKED	reference-input-candidate	source-coverage.tsv
reference	8c5911e4a4b07b07e832e4bb0d5d8859e88b4a9b	Data/Scripts/010_Data/002_PBS data/015_Trainer.rb	reference-behavior-or-material-candidate	UNASSIGNED	FIXED_GIT_TRACKED	reference-input-candidate	source-coverage.tsv
reference	8c5911e4a4b07b07e832e4bb0d5d8859e88b4a9b	Data/Scripts/010_Data/002_PBS data/016_Metadata.rb	reference-behavior-or-material-candidate	UNASSIGNED	FIXED_GIT_TRACKED	reference-input-candidate	source-coverage.tsv
reference	8c5911e4a4b07b07e832e4bb0d5d8859e88b4a9b	Data/Scripts/010_Data/002_PBS data/017_PlayerMetadata.rb	reference-behavior-or-material-candidate	UNASSIGNED	FIXED_GIT_TRACKED	reference-input-candidate	source-coverage.tsv
reference	8c5911e4a4b07b07e832e4bb0d5d8859e88b4a9b	Data/Scripts/010_Data/002_PBS data/018_MapMetadata.rb	reference-behavior-or-material-candidate	UNASSIGNED	FIXED_GIT_TRACKED	reference-input-candidate	source-coverage.tsv
reference	8c5911e4a4b07b07e832e4bb0d5d8859e88b4a9b	Data/Scripts/010_Data/002_PBS data/019_DungeonTileset.rb	reference-behavior-or-material-candidate	UNASSIGNED	FIXED_GIT_TRACKED	reference-input-candidate	source-coverage.tsv
reference	8c5911e4a4b07b07e832e4bb0d5d8859e88b4a9b	Data/Scripts/010_Data/002_PBS data/020_DungeonParameters.rb	reference-behavior-or-material-candidate	UNASSIGNED	FIXED_GIT_TRACKED	reference-input-candidate	source-coverage.tsv
reference	8c5911e4a4b07b07e832e4bb0d5d8859e88b4a9b	Data/Scripts/010_Data/002_PBS data/021_PhoneMessage.rb	reference-behavior-or-material-candidate	UNASSIGNED	FIXED_GIT_TRACKED	reference-input-candidate	source-coverage.tsv
reference	8c5911e4a4b07b07e832e4bb0d5d8859e88b4a9b	Data/Scripts/011_Battle/001_Battle/001_Battle.rb	reference-behavior-or-material-candidate	UNASSIGNED	FIXED_GIT_TRACKED	reference-input-candidate	source-coverage.tsv
reference	8c5911e4a4b07b07e832e4bb0d5d8859e88b4a9b	Data/Scripts/011_Battle/001_Battle/002_Battle_StartAndEnd.rb	reference-behavior-or-material-candidate	UNASSIGNED	FIXED_GIT_TRACKED	reference-input-candidate	source-coverage.tsv
reference	8c5911e4a4b07b07e832e4bb0d5d8859e88b4a9b	Data/Scripts/011_Battle/001_Battle/003_Battle_ExpAndMoveLearning.rb	reference-behavior-or-material-candidate	UNASSIGNED	FIXED_GIT_TRACKED	reference-input-candidate	source-coverage.tsv
reference	8c5911e4a4b07b07e832e4bb0d5d8859e88b4a9b	Data/Scripts/011_Battle/001_Battle/004_Battle_ActionAttacksPriority.rb	reference-behavior-or-material-candidate	UNASSIGNED	FIXED_GIT_TRACKED	reference-input-candidate	source-coverage.tsv
reference	8c5911e4a4b07b07e832e4bb0d5d8859e88b4a9b	Data/Scripts/011_Battle/001_Battle/005_Battle_ActionSwitching.rb	reference-behavior-or-material-candidate	UNASSIGNED	FIXED_GIT_TRACKED	reference-input-candidate	source-coverage.tsv
reference	8c5911e4a4b07b07e832e4bb0d5d8859e88b4a9b	Data/Scripts/011_Battle/001_Battle/006_Battle_ActionUseItem.rb	reference-behavior-or-material-candidate	UNASSIGNED	FIXED_GIT_TRACKED	reference-input-candidate	source-coverage.tsv
reference	8c5911e4a4b07b07e832e4bb0d5d8859e88b4a9b	Data/Scripts/011_Battle/001_Battle/007_Battle_ActionRunning.rb	reference-behavior-or-material-candidate	UNASSIGNED	FIXED_GIT_TRACKED	reference-input-candidate	source-coverage.tsv
reference	8c5911e4a4b07b07e832e4bb0d5d8859e88b4a9b	Data/Scripts/011_Battle/001_Battle/008_Battle_ActionOther.rb	reference-behavior-or-material-candidate	UNASSIGNED	FIXED_GIT_TRACKED	reference-input-candidate	source-coverage.tsv
reference	8c5911e4a4b07b07e832e4bb0d5d8859e88b4a9b	Data/Scripts/011_Battle/001_Battle/009_Battle_CommandPhase.rb	reference-behavior-or-material-candidate	UNASSIGNED	FIXED_GIT_TRACKED	reference-input-candidate	source-coverage.tsv
reference	8c5911e4a4b07b07e832e4bb0d5d8859e88b4a9b	Data/Scripts/011_Battle/001_Battle/010_Battle_AttackPhase.rb	reference-behavior-or-material-candidate	UNASSIGNED	FIXED_GIT_TRACKED	reference-input-candidate	source-coverage.tsv
reference	8c5911e4a4b07b07e832e4bb0d5d8859e88b4a9b	Data/Scripts/011_Battle/001_Battle/011_Battle_EndOfRoundPhase.rb	reference-behavior-or-material-candidate	UNASSIGNED	FIXED_GIT_TRACKED	reference-input-candidate	source-coverage.tsv
reference	8c5911e4a4b07b07e832e4bb0d5d8859e88b4a9b	Data/Scripts/011_Battle/002_Battler/001_Battle_Battler.rb	reference-behavior-or-material-candidate	UNASSIGNED	FIXED_GIT_TRACKED	reference-input-candidate	source-coverage.tsv
reference	8c5911e4a4b07b07e832e4bb0d5d8859e88b4a9b	Data/Scripts/011_Battle/002_Battler/002_Battler_Initialize.rb	reference-behavior-or-material-candidate	UNASSIGNED	FIXED_GIT_TRACKED	reference-input-candidate	source-coverage.tsv
reference	8c5911e4a4b07b07e832e4bb0d5d8859e88b4a9b	Data/Scripts/011_Battle/002_Battler/003_Battler_ChangeSelf.rb	reference-behavior-or-material-candidate	UNASSIGNED	FIXED_GIT_TRACKED	reference-input-candidate	source-coverage.tsv
reference	8c5911e4a4b07b07e832e4bb0d5d8859e88b4a9b	Data/Scripts/011_Battle/002_Battler/004_Battler_Statuses.rb	reference-behavior-or-material-candidate	UNASSIGNED	FIXED_GIT_TRACKED	reference-input-candidate	source-coverage.tsv
reference	8c5911e4a4b07b07e832e4bb0d5d8859e88b4a9b	Data/Scripts/011_Battle/002_Battler/005_Battler_StatStages.rb	reference-behavior-or-material-candidate	UNASSIGNED	FIXED_GIT_TRACKED	reference-input-candidate	source-coverage.tsv
reference	8c5911e4a4b07b07e832e4bb0d5d8859e88b4a9b	Data/Scripts/011_Battle/002_Battler/006_Battler_AbilityAndItem.rb	reference-behavior-or-material-candidate	UNASSIGNED	FIXED_GIT_TRACKED	reference-input-candidate	source-coverage.tsv
reference	8c5911e4a4b07b07e832e4bb0d5d8859e88b4a9b	Data/Scripts/011_Battle/002_Battler/007_Battler_UseMove.rb	reference-behavior-or-material-candidate	UNASSIGNED	FIXED_GIT_TRACKED	reference-input-candidate	source-coverage.tsv
reference	8c5911e4a4b07b07e832e4bb0d5d8859e88b4a9b	Data/Scripts/011_Battle/002_Battler/008_Battler_UseMoveTargeting.rb	reference-behavior-or-material-candidate	UNASSIGNED	FIXED_GIT_TRACKED	reference-input-candidate	source-coverage.tsv
reference	8c5911e4a4b07b07e832e4bb0d5d8859e88b4a9b	Data/Scripts/011_Battle/002_Battler/009_Battler_UseMoveSuccessChecks.rb	reference-behavior-or-material-candidate	UNASSIGNED	FIXED_GIT_TRACKED	reference-input-candidate	source-coverage.tsv
reference	8c5911e4a4b07b07e832e4bb0d5d8859e88b4a9b	Data/Scripts/011_Battle/002_Battler/010_Battler_UseMoveTriggerEffects.rb	reference-behavior-or-material-candidate	UNASSIGNED	FIXED_GIT_TRACKED	reference-input-candidate	source-coverage.tsv
reference	8c5911e4a4b07b07e832e4bb0d5d8859e88b4a9b	Data/Scripts/011_Battle/003_Move/001_Battle_Move.rb	reference-behavior-or-material-candidate	UNASSIGNED	FIXED_GIT_TRACKED	reference-input-candidate	source-coverage.tsv
reference	8c5911e4a4b07b07e832e4bb0d5d8859e88b4a9b	Data/Scripts/011_Battle/003_Move/002_Move_Usage.rb	reference-behavior-or-material-candidate	UNASSIGNED	FIXED_GIT_TRACKED	reference-input-candidate	source-coverage.tsv
reference	8c5911e4a4b07b07e832e4bb0d5d8859e88b4a9b	Data/Scripts/011_Battle/003_Move/003_Move_UsageCalculations.rb	reference-behavior-or-material-candidate	UNASSIGNED	FIXED_GIT_TRACKED	reference-input-candidate	source-coverage.tsv
reference	8c5911e4a4b07b07e832e4bb0d5d8859e88b4a9b	Data/Scripts/011_Battle/003_Move/004_Move_BaseEffects.rb	reference-behavior-or-material-candidate	UNASSIGNED	FIXED_GIT_TRACKED	reference-input-candidate	source-coverage.tsv
reference	8c5911e4a4b07b07e832e4bb0d5d8859e88b4a9b	Data/Scripts/011_Battle/003_Move/005_MoveEffects_Misc.rb	reference-behavior-or-material-candidate	UNASSIGNED	FIXED_GIT_TRACKED	reference-input-candidate	source-coverage.tsv
reference	8c5911e4a4b07b07e832e4bb0d5d8859e88b4a9b	Data/Scripts/011_Battle/003_Move/006_MoveEffects_BattlerStats.rb	reference-behavior-or-material-candidate	UNASSIGNED	FIXED_GIT_TRACKED	reference-input-candidate	source-coverage.tsv
reference	8c5911e4a4b07b07e832e4bb0d5d8859e88b4a9b	Data/Scripts/011_Battle/003_Move/007_MoveEffects_BattlerOther.rb	reference-behavior-or-material-candidate	UNASSIGNED	FIXED_GIT_TRACKED	reference-input-candidate	source-coverage.tsv
reference	8c5911e4a4b07b07e832e4bb0d5d8859e88b4a9b	Data/Scripts/011_Battle/003_Move/008_MoveEffects_MoveAttributes.rb	reference-behavior-or-material-candidate	UNASSIGNED	FIXED_GIT_TRACKED	reference-input-candidate	source-coverage.tsv
reference	8c5911e4a4b07b07e832e4bb0d5d8859e88b4a9b	Data/Scripts/011_Battle/003_Move/009_MoveEffects_MultiHit.rb	reference-behavior-or-material-candidate	UNASSIGNED	FIXED_GIT_TRACKED	reference-input-candidate	source-coverage.tsv
reference	8c5911e4a4b07b07e832e4bb0d5d8859e88b4a9b	Data/Scripts/011_Battle/003_Move/010_MoveEffects_Healing.rb	reference-behavior-or-material-candidate	UNASSIGNED	FIXED_GIT_TRACKED	reference-input-candidate	source-coverage.tsv
reference	8c5911e4a4b07b07e832e4bb0d5d8859e88b4a9b	Data/Scripts/011_Battle/003_Move/011_MoveEffects_Items.rb	reference-behavior-or-material-candidate	UNASSIGNED	FIXED_GIT_TRACKED	reference-input-candidate	source-coverage.tsv
reference	8c5911e4a4b07b07e832e4bb0d5d8859e88b4a9b	Data/Scripts/011_Battle/003_Move/012_MoveEffects_ChangeMoveEffect.rb	reference-behavior-or-material-candidate	UNASSIGNED	FIXED_GIT_TRACKED	reference-input-candidate	source-coverage.tsv
reference	8c5911e4a4b07b07e832e4bb0d5d8859e88b4a9b	Data/Scripts/011_Battle/003_Move/013_MoveEffects_SwitchingActing.rb	reference-behavior-or-material-candidate	UNASSIGNED	FIXED_GIT_TRACKED	reference-input-candidate	source-coverage.tsv
reference	8c5911e4a4b07b07e832e4bb0d5d8859e88b4a9b	Data/Scripts/011_Battle/004_Scene/001_Battle_Scene.rb	reference-behavior-or-material-candidate	UNASSIGNED	FIXED_GIT_TRACKED	reference-input-candidate	source-coverage.tsv
reference	8c5911e4a4b07b07e832e4bb0d5d8859e88b4a9b	Data/Scripts/011_Battle/004_Scene/002_Scene_Initialize.rb	reference-behavior-or-material-candidate	UNASSIGNED	FIXED_GIT_TRACKED	reference-input-candidate	source-coverage.tsv
reference	8c5911e4a4b07b07e832e4bb0d5d8859e88b4a9b	Data/Scripts/011_Battle/004_Scene/003_Scene_ChooseCommands.rb	reference-behavior-or-material-candidate	UNASSIGNED	FIXED_GIT_TRACKED	reference-input-candidate	source-coverage.tsv
reference	8c5911e4a4b07b07e832e4bb0d5d8859e88b4a9b	Data/Scripts/011_Battle/004_Scene/004_Scene_PlayAnimations.rb	reference-behavior-or-material-candidate	UNASSIGNED	FIXED_GIT_TRACKED	reference-input-candidate	source-coverage.tsv
reference	8c5911e4a4b07b07e832e4bb0d5d8859e88b4a9b	Data/Scripts/011_Battle/004_Scene/005_Battle_Scene_Menus.rb	reference-behavior-or-material-candidate	UNASSIGNED	FIXED_GIT_TRACKED	reference-input-candidate	source-coverage.tsv
reference	8c5911e4a4b07b07e832e4bb0d5d8859e88b4a9b	Data/Scripts/011_Battle/004_Scene/006_Battle_Scene_Objects.rb	reference-behavior-or-material-candidate	UNASSIGNED	FIXED_GIT_TRACKED	reference-input-candidate	source-coverage.tsv
reference	8c5911e4a4b07b07e832e4bb0d5d8859e88b4a9b	Data/Scripts/011_Battle/004_Scene/007_Battle_Scene_BaseAnimation.rb	reference-behavior-or-material-candidate	UNASSIGNED	FIXED_GIT_TRACKED	reference-input-candidate	source-coverage.tsv
reference	8c5911e4a4b07b07e832e4bb0d5d8859e88b4a9b	Data/Scripts/011_Battle/004_Scene/008_Battle_Scene_Animations.rb	reference-behavior-or-material-candidate	UNASSIGNED	FIXED_GIT_TRACKED	reference-input-candidate	source-coverage.tsv
reference	8c5911e4a4b07b07e832e4bb0d5d8859e88b4a9b	Data/Scripts/011_Battle/004_Scene/009_Battle_DebugScene.rb	reference-behavior-or-material-candidate	UNASSIGNED	FIXED_GIT_TRACKED	reference-input-candidate	source-coverage.tsv
reference	8c5911e4a4b07b07e832e4bb0d5d8859e88b4a9b	Data/Scripts/011_Battle/005_AI/001_Battle_AI.rb	reference-behavior-or-material-candidate	UNASSIGNED	FIXED_GIT_TRACKED	reference-input-candidate	source-coverage.tsv
reference	8c5911e4a4b07b07e832e4bb0d5d8859e88b4a9b	Data/Scripts/011_Battle/005_AI/002_AI_Switch.rb	reference-behavior-or-material-candidate	UNASSIGNED	FIXED_GIT_TRACKED	reference-input-candidate	source-coverage.tsv
reference	8c5911e4a4b07b07e832e4bb0d5d8859e88b4a9b	Data/Scripts/011_Battle/005_AI/003_AI_UseItem.rb	reference-behavior-or-material-candidate	UNASSIGNED	FIXED_GIT_TRACKED	reference-input-candidate	source-coverage.tsv
reference	8c5911e4a4b07b07e832e4bb0d5d8859e88b4a9b	Data/Scripts/011_Battle/005_AI/004_AI_MegaEvolve.rb	reference-behavior-or-material-candidate	UNASSIGNED	FIXED_GIT_TRACKED	reference-input-candidate	source-coverage.tsv
reference	8c5911e4a4b07b07e832e4bb0d5d8859e88b4a9b	Data/Scripts/011_Battle/005_AI/005_AI_ChooseMove.rb	reference-behavior-or-material-candidate	UNASSIGNED	FIXED_GIT_TRACKED	reference-input-candidate	source-coverage.tsv
reference	8c5911e4a4b07b07e832e4bb0d5d8859e88b4a9b	Data/Scripts/011_Battle/005_AI/006_AI_ChooseMove_GenericEffects.rb	reference-behavior-or-material-candidate	UNASSIGNED	FIXED_GIT_TRACKED	reference-input-candidate	source-coverage.tsv
reference	8c5911e4a4b07b07e832e4bb0d5d8859e88b4a9b	Data/Scripts/011_Battle/005_AI/007_AI_ChooseMove_OtherScores.rb	reference-behavior-or-material-candidate	UNASSIGNED	FIXED_GIT_TRACKED	reference-input-candidate	source-coverage.tsv
reference	8c5911e4a4b07b07e832e4bb0d5d8859e88b4a9b	Data/Scripts/011_Battle/005_AI/008_AI_Utilities.rb	reference-behavior-or-material-candidate	UNASSIGNED	FIXED_GIT_TRACKED	reference-input-candidate	source-coverage.tsv
reference	8c5911e4a4b07b07e832e4bb0d5d8859e88b4a9b	Data/Scripts/011_Battle/005_AI/009_AITrainer.rb	reference-behavior-or-material-candidate	UNASSIGNED	FIXED_GIT_TRACKED	reference-input-candidate	source-coverage.tsv
reference	8c5911e4a4b07b07e832e4bb0d5d8859e88b4a9b	Data/Scripts/011_Battle/005_AI/010_AIBattler.rb	reference-behavior-or-material-candidate	UNASSIGNED	FIXED_GIT_TRACKED	reference-input-candidate	source-coverage.tsv
reference	8c5911e4a4b07b07e832e4bb0d5d8859e88b4a9b	Data/Scripts/011_Battle/005_AI/011_AIMove.rb	reference-behavior-or-material-candidate	UNASSIGNED	FIXED_GIT_TRACKED	reference-input-candidate	source-coverage.tsv
reference	8c5911e4a4b07b07e832e4bb0d5d8859e88b4a9b	Data/Scripts/011_Battle/006_AI MoveEffects/001_AI_MoveEffects_Misc.rb	reference-behavior-or-material-candidate	UNASSIGNED	FIXED_GIT_TRACKED	reference-input-candidate	source-coverage.tsv
reference	8c5911e4a4b07b07e832e4bb0d5d8859e88b4a9b	Data/Scripts/011_Battle/006_AI MoveEffects/002_AI_MoveEffects_BattlerStats.rb	reference-behavior-or-material-candidate	UNASSIGNED	FIXED_GIT_TRACKED	reference-input-candidate	source-coverage.tsv
reference	8c5911e4a4b07b07e832e4bb0d5d8859e88b4a9b	Data/Scripts/011_Battle/006_AI MoveEffects/003_AI_MoveEffects_BattlerOther.rb	reference-behavior-or-material-candidate	UNASSIGNED	FIXED_GIT_TRACKED	reference-input-candidate	source-coverage.tsv
reference	8c5911e4a4b07b07e832e4bb0d5d8859e88b4a9b	Data/Scripts/011_Battle/006_AI MoveEffects/004_AI_MoveEffects_MoveAttributes.rb	reference-behavior-or-material-candidate	UNASSIGNED	FIXED_GIT_TRACKED	reference-input-candidate	source-coverage.tsv
reference	8c5911e4a4b07b07e832e4bb0d5d8859e88b4a9b	Data/Scripts/011_Battle/006_AI MoveEffects/005_AI_MoveEffects_MultiHit.rb	reference-behavior-or-material-candidate	UNASSIGNED	FIXED_GIT_TRACKED	reference-input-candidate	source-coverage.tsv
reference	8c5911e4a4b07b07e832e4bb0d5d8859e88b4a9b	Data/Scripts/011_Battle/006_AI MoveEffects/006_AI_MoveEffects_Healing.rb	reference-behavior-or-material-candidate	UNASSIGNED	FIXED_GIT_TRACKED	reference-input-candidate	source-coverage.tsv
reference	8c5911e4a4b07b07e832e4bb0d5d8859e88b4a9b	Data/Scripts/011_Battle/006_AI MoveEffects/007_AI_MoveEffects_Items.rb	reference-behavior-or-material-candidate	UNASSIGNED	FIXED_GIT_TRACKED	reference-input-candidate	source-coverage.tsv
reference	8c5911e4a4b07b07e832e4bb0d5d8859e88b4a9b	Data/Scripts/011_Battle/006_AI MoveEffects/008_AI_MoveEffects_ChangeMoveEffect.rb	reference-behavior-or-material-candidate	UNASSIGNED	FIXED_GIT_TRACKED	reference-input-candidate	source-coverage.tsv
reference	8c5911e4a4b07b07e832e4bb0d5d8859e88b4a9b	Data/Scripts/011_Battle/006_AI MoveEffects/009_AI_MoveEffects_SwitchingActing.rb	reference-behavior-or-material-candidate	UNASSIGNED	FIXED_GIT_TRACKED	reference-input-candidate	source-coverage.tsv
reference	8c5911e4a4b07b07e832e4bb0d5d8859e88b4a9b	Data/Scripts/011_Battle/007_Other battle code/001_PBEffects.rb	reference-behavior-or-material-candidate	UNASSIGNED	FIXED_GIT_TRACKED	reference-input-candidate	source-coverage.tsv
reference	8c5911e4a4b07b07e832e4bb0d5d8859e88b4a9b	Data/Scripts/011_Battle/007_Other battle code/002_Battle_ActiveField.rb	reference-behavior-or-material-candidate	UNASSIGNED	FIXED_GIT_TRACKED	reference-input-candidate	source-coverage.tsv
reference	8c5911e4a4b07b07e832e4bb0d5d8859e88b4a9b	Data/Scripts/011_Battle/007_Other battle code/003_Battle_DamageState.rb	reference-behavior-or-material-candidate	UNASSIGNED	FIXED_GIT_TRACKED	reference-input-candidate	source-coverage.tsv
reference	8c5911e4a4b07b07e832e4bb0d5d8859e88b4a9b	Data/Scripts/011_Battle/007_Other battle code/004_Battle_Peers.rb	reference-behavior-or-material-candidate	UNASSIGNED	FIXED_GIT_TRACKED	reference-input-candidate	source-coverage.tsv
reference	8c5911e4a4b07b07e832e4bb0d5d8859e88b4a9b	Data/Scripts/011_Battle/007_Other battle code/005_Battle_CatchAndStoreMixin.rb	reference-behavior-or-material-candidate	UNASSIGNED	FIXED_GIT_TRACKED	reference-input-candidate	source-coverage.tsv
reference	8c5911e4a4b07b07e832e4bb0d5d8859e88b4a9b	Data/Scripts/011_Battle/007_Other battle code/006_Battle_Clauses.rb	reference-behavior-or-material-candidate	UNASSIGNED	FIXED_GIT_TRACKED	reference-input-candidate	source-coverage.tsv
reference	8c5911e4a4b07b07e832e4bb0d5d8859e88b4a9b	Data/Scripts/011_Battle/007_Other battle code/007_BattleAnimationPlayer.rb	reference-behavior-or-material-candidate	UNASSIGNED	FIXED_GIT_TRACKED	reference-input-candidate	source-coverage.tsv
reference	8c5911e4a4b07b07e832e4bb0d5d8859e88b4a9b	Data/Scripts/011_Battle/007_Other battle code/008_Battle_AbilityEffects.rb	reference-behavior-or-material-candidate	UNASSIGNED	FIXED_GIT_TRACKED	reference-input-candidate	source-coverage.tsv
reference	8c5911e4a4b07b07e832e4bb0d5d8859e88b4a9b	Data/Scripts/011_Battle/007_Other battle code/009_Battle_ItemEffects.rb	reference-behavior-or-material-candidate	UNASSIGNED	FIXED_GIT_TRACKED	reference-input-candidate	source-coverage.tsv
reference	8c5911e4a4b07b07e832e4bb0d5d8859e88b4a9b	Data/Scripts/011_Battle/007_Other battle code/010_Battle_PokeBallEffects.rb	reference-behavior-or-material-candidate	UNASSIGNED	FIXED_GIT_TRACKED	reference-input-candidate	source-coverage.tsv
reference	8c5911e4a4b07b07e832e4bb0d5d8859e88b4a9b	Data/Scripts/011_Battle/008_Other battle types/001_SafariBattle.rb	reference-behavior-or-material-candidate	UNASSIGNED	FIXED_GIT_TRACKED	reference-input-candidate	source-coverage.tsv
reference	8c5911e4a4b07b07e832e4bb0d5d8859e88b4a9b	Data/Scripts/011_Battle/008_Other battle types/002_BugContestBattle.rb	reference-behavior-or-material-candidate	UNASSIGNED	FIXED_GIT_TRACKED	reference-input-candidate	source-coverage.tsv
reference	8c5911e4a4b07b07e832e4bb0d5d8859e88b4a9b	Data/Scripts/011_Battle/008_Other battle types/003_BattlePalaceBattle.rb	reference-behavior-or-material-candidate	UNASSIGNED	FIXED_GIT_TRACKED	reference-input-candidate	source-coverage.tsv
reference	8c5911e4a4b07b07e832e4bb0d5d8859e88b4a9b	Data/Scripts/011_Battle/008_Other battle types/004_BattleArenaBattle.rb	reference-behavior-or-material-candidate	UNASSIGNED	FIXED_GIT_TRACKED	reference-input-candidate	source-coverage.tsv
reference	8c5911e4a4b07b07e832e4bb0d5d8859e88b4a9b	Data/Scripts/011_Battle/008_Other battle types/005_RecordedBattle.rb	reference-behavior-or-material-candidate	UNASSIGNED	FIXED_GIT_TRACKED	reference-input-candidate	source-coverage.tsv
reference	8c5911e4a4b07b07e832e4bb0d5d8859e88b4a9b	Data/Scripts/012_Overworld/001_Overworld visuals/001_Overworld_Weather.rb	reference-behavior-or-material-candidate	UNASSIGNED	FIXED_GIT_TRACKED	reference-input-candidate	source-coverage.tsv
reference	8c5911e4a4b07b07e832e4bb0d5d8859e88b4a9b	Data/Scripts/012_Overworld/001_Overworld visuals/002_Overworld_Overlays.rb	reference-behavior-or-material-candidate	UNASSIGNED	FIXED_GIT_TRACKED	reference-input-candidate	source-coverage.tsv
reference	8c5911e4a4b07b07e832e4bb0d5d8859e88b4a9b	Data/Scripts/012_Overworld/001_Overworld visuals/003_Overworld_MapTransitionAnims.rb	reference-behavior-or-material-candidate	UNASSIGNED	FIXED_GIT_TRACKED	reference-input-candidate	source-coverage.tsv
reference	8c5911e4a4b07b07e832e4bb0d5d8859e88b4a9b	Data/Scripts/012_Overworld/001_Overworld.rb	reference-behavior-or-material-candidate	UNASSIGNED	FIXED_GIT_TRACKED	reference-input-candidate	source-coverage.tsv
reference	8c5911e4a4b07b07e832e4bb0d5d8859e88b4a9b	Data/Scripts/012_Overworld/002_Battle triggering/001_Overworld_BattleStarting.rb	reference-behavior-or-material-candidate	UNASSIGNED	FIXED_GIT_TRACKED	reference-input-candidate	source-coverage.tsv
reference	8c5911e4a4b07b07e832e4bb0d5d8859e88b4a9b	Data/Scripts/012_Overworld/002_Battle triggering/002_Overworld_BattleIntroAnim.rb	reference-behavior-or-material-candidate	UNASSIGNED	FIXED_GIT_TRACKED	reference-input-candidate	source-coverage.tsv
reference	8c5911e4a4b07b07e832e4bb0d5d8859e88b4a9b	Data/Scripts/012_Overworld/002_Battle triggering/003_Overworld_WildEncounters.rb	reference-behavior-or-material-candidate	UNASSIGNED	FIXED_GIT_TRACKED	reference-input-candidate	source-coverage.tsv
reference	8c5911e4a4b07b07e832e4bb0d5d8859e88b4a9b	Data/Scripts/012_Overworld/002_Battle triggering/004_Overworld_EncounterModifiers.rb	reference-behavior-or-material-candidate	UNASSIGNED	FIXED_GIT_TRACKED	reference-input-candidate	source-coverage.tsv
reference	8c5911e4a4b07b07e832e4bb0d5d8859e88b4a9b	Data/Scripts/012_Overworld/002_Battle triggering/005_Overworld_RoamingPokemon.rb	reference-behavior-or-material-candidate	UNASSIGNED	FIXED_GIT_TRACKED	reference-input-candidate	source-coverage.tsv
reference	8c5911e4a4b07b07e832e4bb0d5d8859e88b4a9b	Data/Scripts/012_Overworld/002_Overworld_Metadata.rb	reference-behavior-or-material-candidate	UNASSIGNED	FIXED_GIT_TRACKED	reference-input-candidate	source-coverage.tsv
reference	8c5911e4a4b07b07e832e4bb0d5d8859e88b4a9b	Data/Scripts/012_Overworld/003_Overworld_Time.rb	reference-behavior-or-material-candidate	UNASSIGNED	FIXED_GIT_TRACKED	reference-input-candidate	source-coverage.tsv
reference	8c5911e4a4b07b07e832e4bb0d5d8859e88b4a9b	Data/Scripts/012_Overworld/004_Overworld_FieldMoves.rb	reference-behavior-or-material-candidate	UNASSIGNED	FIXED_GIT_TRACKED	reference-input-candidate	source-coverage.tsv
reference	8c5911e4a4b07b07e832e4bb0d5d8859e88b4a9b	Data/Scripts/012_Overworld/005_Overworld_Fishing.rb	reference-behavior-or-material-candidate	UNASSIGNED	FIXED_GIT_TRACKED	reference-input-candidate	source-coverage.tsv
reference	8c5911e4a4b07b07e832e4bb0d5d8859e88b4a9b	Data/Scripts/012_Overworld/006_Overworld_BerryPlants.rb	reference-behavior-or-material-candidate	UNASSIGNED	FIXED_GIT_TRACKED	reference-input-candidate	source-coverage.tsv
reference	8c5911e4a4b07b07e832e4bb0d5d8859e88b4a9b	Data/Scripts/012_Overworld/007_Overworld_DayCare.rb	reference-behavior-or-material-candidate	UNASSIGNED	FIXED_GIT_TRACKED	reference-input-candidate	source-coverage.tsv
reference	8c5911e4a4b07b07e832e4bb0d5d8859e88b4a9b	Data/Scripts/012_Overworld/008_Overworld_RandomDungeons.rb	reference-behavior-or-material-candidate	UNASSIGNED	FIXED_GIT_TRACKED	reference-input-candidate	source-coverage.tsv
reference	8c5911e4a4b07b07e832e4bb0d5d8859e88b4a9b	Data/Scripts/013_Items/001_Item_Utilities.rb	reference-behavior-or-material-candidate	UNASSIGNED	FIXED_GIT_TRACKED	reference-input-candidate	source-coverage.tsv
reference	8c5911e4a4b07b07e832e4bb0d5d8859e88b4a9b	Data/Scripts/013_Items/002_Item_Effects.rb	reference-behavior-or-material-candidate	UNASSIGNED	FIXED_GIT_TRACKED	reference-input-candidate	source-coverage.tsv
reference	8c5911e4a4b07b07e832e4bb0d5d8859e88b4a9b	Data/Scripts/013_Items/003_Item_BattleEffects.rb	reference-behavior-or-material-candidate	UNASSIGNED	FIXED_GIT_TRACKED	reference-input-candidate	source-coverage.tsv
reference	8c5911e4a4b07b07e832e4bb0d5d8859e88b4a9b	Data/Scripts/013_Items/004_Item_Phone.rb	reference-behavior-or-material-candidate	UNASSIGNED	FIXED_GIT_TRACKED	reference-input-candidate	source-coverage.tsv
reference	8c5911e4a4b07b07e832e4bb0d5d8859e88b4a9b	Data/Scripts/013_Items/005_Item_PokeRadar.rb	reference-behavior-or-material-candidate	UNASSIGNED	FIXED_GIT_TRACKED	reference-input-candidate	source-coverage.tsv
reference	8c5911e4a4b07b07e832e4bb0d5d8859e88b4a9b	Data/Scripts/013_Items/006_Item_Mail.rb	reference-behavior-or-material-candidate	UNASSIGNED	FIXED_GIT_TRACKED	reference-input-candidate	source-coverage.tsv
reference	8c5911e4a4b07b07e832e4bb0d5d8859e88b4a9b	Data/Scripts/013_Items/007_Item_Sprites.rb	reference-behavior-or-material-candidate	UNASSIGNED	FIXED_GIT_TRACKED	reference-input-candidate	source-coverage.tsv
reference	8c5911e4a4b07b07e832e4bb0d5d8859e88b4a9b	Data/Scripts/013_Items/008_PokemonBag.rb	reference-behavior-or-material-candidate	UNASSIGNED	FIXED_GIT_TRACKED	reference-input-candidate	source-coverage.tsv
reference	8c5911e4a4b07b07e832e4bb0d5d8859e88b4a9b	Data/Scripts/014_Pokemon/001_Pokemon-related/001_FormHandlers.rb	reference-behavior-or-material-candidate	UNASSIGNED	FIXED_GIT_TRACKED	reference-input-candidate	source-coverage.tsv
reference	8c5911e4a4b07b07e832e4bb0d5d8859e88b4a9b	Data/Scripts/014_Pokemon/001_Pokemon-related/002_ShadowPokemon_Other.rb	reference-behavior-or-material-candidate	UNASSIGNED	FIXED_GIT_TRACKED	reference-input-candidate	source-coverage.tsv
reference	8c5911e4a4b07b07e832e4bb0d5d8859e88b4a9b	Data/Scripts/014_Pokemon/001_Pokemon-related/003_Pokemon_Sprites.rb	reference-behavior-or-material-candidate	UNASSIGNED	FIXED_GIT_TRACKED	reference-input-candidate	source-coverage.tsv
reference	8c5911e4a4b07b07e832e4bb0d5d8859e88b4a9b	Data/Scripts/014_Pokemon/001_Pokemon-related/004_PokemonStorage.rb	reference-behavior-or-material-candidate	UNASSIGNED	FIXED_GIT_TRACKED	reference-input-candidate	source-coverage.tsv
reference	8c5911e4a4b07b07e832e4bb0d5d8859e88b4a9b	Data/Scripts/014_Pokemon/001_Pokemon.rb	reference-behavior-or-material-candidate	UNASSIGNED	FIXED_GIT_TRACKED	reference-input-candidate	source-coverage.tsv
reference	8c5911e4a4b07b07e832e4bb0d5d8859e88b4a9b	Data/Scripts/014_Pokemon/002_Pokemon_MegaEvolution.rb	reference-behavior-or-material-candidate	UNASSIGNED	FIXED_GIT_TRACKED	reference-input-candidate	source-coverage.tsv
reference	8c5911e4a4b07b07e832e4bb0d5d8859e88b4a9b	Data/Scripts/014_Pokemon/003_Pokemon_ShadowPokemon.rb	reference-behavior-or-material-candidate	UNASSIGNED	FIXED_GIT_TRACKED	reference-input-candidate	source-coverage.tsv
reference	8c5911e4a4b07b07e832e4bb0d5d8859e88b4a9b	Data/Scripts/014_Pokemon/004_Pokemon_Move.rb	reference-behavior-or-material-candidate	UNASSIGNED	FIXED_GIT_TRACKED	reference-input-candidate	source-coverage.tsv
reference	8c5911e4a4b07b07e832e4bb0d5d8859e88b4a9b	Data/Scripts/014_Pokemon/005_Pokemon_Owner.rb	reference-behavior-or-material-candidate	UNASSIGNED	FIXED_GIT_TRACKED	reference-input-candidate	source-coverage.tsv
reference	8c5911e4a4b07b07e832e4bb0d5d8859e88b4a9b	Data/Scripts/015_Trainers and player/001_Trainer.rb	reference-behavior-or-material-candidate	UNASSIGNED	FIXED_GIT_TRACKED	reference-input-candidate	source-coverage.tsv
reference	8c5911e4a4b07b07e832e4bb0d5d8859e88b4a9b	Data/Scripts/015_Trainers and player/002_Trainer_LoadAndNew.rb	reference-behavior-or-material-candidate	UNASSIGNED	FIXED_GIT_TRACKED	reference-input-candidate	source-coverage.tsv
reference	8c5911e4a4b07b07e832e4bb0d5d8859e88b4a9b	Data/Scripts/015_Trainers and player/003_Trainer_Sprites.rb	reference-behavior-or-material-candidate	UNASSIGNED	FIXED_GIT_TRACKED	reference-input-candidate	source-coverage.tsv
reference	8c5911e4a4b07b07e832e4bb0d5d8859e88b4a9b	Data/Scripts/015_Trainers and player/004_Player.rb	reference-behavior-or-material-candidate	UNASSIGNED	FIXED_GIT_TRACKED	reference-input-candidate	source-coverage.tsv
reference	8c5911e4a4b07b07e832e4bb0d5d8859e88b4a9b	Data/Scripts/015_Trainers and player/005_Player_Pokedex.rb	reference-behavior-or-material-candidate	UNASSIGNED	FIXED_GIT_TRACKED	reference-input-candidate	source-coverage.tsv
reference	8c5911e4a4b07b07e832e4bb0d5d8859e88b4a9b	Data/Scripts/016_UI/001_Non-interactive UI/001_UI_SplashesAndTitleScreen.rb	reference-behavior-or-material-candidate	UNASSIGNED	FIXED_GIT_TRACKED	reference-input-candidate	source-coverage.tsv
reference	8c5911e4a4b07b07e832e4bb0d5d8859e88b4a9b	Data/Scripts/016_UI/001_Non-interactive UI/002_UI_Controls.rb	reference-behavior-or-material-candidate	UNASSIGNED	FIXED_GIT_TRACKED	reference-input-candidate	source-coverage.tsv
reference	8c5911e4a4b07b07e832e4bb0d5d8859e88b4a9b	Data/Scripts/016_UI/001_Non-interactive UI/003_UI_EggHatching.rb	reference-behavior-or-material-candidate	UNASSIGNED	FIXED_GIT_TRACKED	reference-input-candidate	source-coverage.tsv
reference	8c5911e4a4b07b07e832e4bb0d5d8859e88b4a9b	Data/Scripts/016_UI/001_Non-interactive UI/004_UI_Evolution.rb	reference-behavior-or-material-candidate	UNASSIGNED	FIXED_GIT_TRACKED	reference-input-candidate	source-coverage.tsv
reference	8c5911e4a4b07b07e832e4bb0d5d8859e88b4a9b	Data/Scripts/016_UI/001_Non-interactive UI/005_UI_Trading.rb	reference-behavior-or-material-candidate	UNASSIGNED	FIXED_GIT_TRACKED	reference-input-candidate	source-coverage.tsv
reference	8c5911e4a4b07b07e832e4bb0d5d8859e88b4a9b	Data/Scripts/016_UI/001_Non-interactive UI/006_UI_HallOfFame.rb	reference-behavior-or-material-candidate	UNASSIGNED	FIXED_GIT_TRACKED	reference-input-candidate	source-coverage.tsv
reference	8c5911e4a4b07b07e832e4bb0d5d8859e88b4a9b	Data/Scripts/016_UI/001_Non-interactive UI/007_UI_Credits.rb	reference-behavior-or-material-candidate	UNASSIGNED	FIXED_GIT_TRACKED	reference-input-candidate	source-coverage.tsv
reference	8c5911e4a4b07b07e832e4bb0d5d8859e88b4a9b	Data/Scripts/016_UI/001_UI_PauseMenu.rb	reference-behavior-or-material-candidate	UNASSIGNED	FIXED_GIT_TRACKED	reference-input-candidate	source-coverage.tsv
reference	8c5911e4a4b07b07e832e4bb0d5d8859e88b4a9b	Data/Scripts/016_UI/002_UI_Pokedex_Menu.rb	reference-behavior-or-material-candidate	UNASSIGNED	FIXED_GIT_TRACKED	reference-input-candidate	source-coverage.tsv
reference	8c5911e4a4b07b07e832e4bb0d5d8859e88b4a9b	Data/Scripts/016_UI/003_UI_Pokedex_Main.rb	reference-behavior-or-material-candidate	UNASSIGNED	FIXED_GIT_TRACKED	reference-input-candidate	source-coverage.tsv
reference	8c5911e4a4b07b07e832e4bb0d5d8859e88b4a9b	Data/Scripts/016_UI/004_UI_Pokedex_Entry.rb	reference-behavior-or-material-candidate	UNASSIGNED	FIXED_GIT_TRACKED	reference-input-candidate	source-coverage.tsv
reference	8c5911e4a4b07b07e832e4bb0d5d8859e88b4a9b	Data/Scripts/016_UI/005_UI_Party.rb	reference-behavior-or-material-candidate	UNASSIGNED	FIXED_GIT_TRACKED	reference-input-candidate	source-coverage.tsv
reference	8c5911e4a4b07b07e832e4bb0d5d8859e88b4a9b	Data/Scripts/016_UI/006_UI_Summary.rb	reference-behavior-or-material-candidate	UNASSIGNED	FIXED_GIT_TRACKED	reference-input-candidate	source-coverage.tsv
reference	8c5911e4a4b07b07e832e4bb0d5d8859e88b4a9b	Data/Scripts/016_UI/007_UI_Bag.rb	reference-behavior-or-material-candidate	UNASSIGNED	FIXED_GIT_TRACKED	reference-input-candidate	source-coverage.tsv
reference	8c5911e4a4b07b07e832e4bb0d5d8859e88b4a9b	Data/Scripts/016_UI/008_UI_Pokegear.rb	reference-behavior-or-material-candidate	UNASSIGNED	FIXED_GIT_TRACKED	reference-input-candidate	source-coverage.tsv
reference	8c5911e4a4b07b07e832e4bb0d5d8859e88b4a9b	Data/Scripts/016_UI/009_UI_RegionMap.rb	reference-behavior-or-material-candidate	UNASSIGNED	FIXED_GIT_TRACKED	reference-input-candidate	source-coverage.tsv
reference	8c5911e4a4b07b07e832e4bb0d5d8859e88b4a9b	Data/Scripts/016_UI/010_UI_Phone.rb	reference-behavior-or-material-candidate	UNASSIGNED	FIXED_GIT_TRACKED	reference-input-candidate	source-coverage.tsv
reference	8c5911e4a4b07b07e832e4bb0d5d8859e88b4a9b	Data/Scripts/016_UI/011_UI_Jukebox.rb	reference-behavior-or-material-candidate	UNASSIGNED	FIXED_GIT_TRACKED	reference-input-candidate	source-coverage.tsv
reference	8c5911e4a4b07b07e832e4bb0d5d8859e88b4a9b	Data/Scripts/016_UI/012_UI_TrainerCard.rb	reference-behavior-or-material-candidate	UNASSIGNED	FIXED_GIT_TRACKED	reference-input-candidate	source-coverage.tsv
reference	8c5911e4a4b07b07e832e4bb0d5d8859e88b4a9b	Data/Scripts/016_UI/013_UI_Load.rb	reference-behavior-or-material-candidate	UNASSIGNED	FIXED_GIT_TRACKED	reference-input-candidate	source-coverage.tsv
reference	8c5911e4a4b07b07e832e4bb0d5d8859e88b4a9b	Data/Scripts/016_UI/014_UI_Save.rb	reference-behavior-or-material-candidate	UNASSIGNED	FIXED_GIT_TRACKED	reference-input-candidate	source-coverage.tsv
reference	8c5911e4a4b07b07e832e4bb0d5d8859e88b4a9b	Data/Scripts/016_UI/015_UI_Options.rb	reference-behavior-or-material-candidate	UNASSIGNED	FIXED_GIT_TRACKED	reference-input-candidate	source-coverage.tsv
reference	8c5911e4a4b07b07e832e4bb0d5d8859e88b4a9b	Data/Scripts/016_UI/016_UI_ReadyMenu.rb	reference-behavior-or-material-candidate	UNASSIGNED	FIXED_GIT_TRACKED	reference-input-candidate	source-coverage.tsv
reference	8c5911e4a4b07b07e832e4bb0d5d8859e88b4a9b	Data/Scripts/016_UI/017_UI_PokemonStorage.rb	reference-behavior-or-material-candidate	UNASSIGNED	FIXED_GIT_TRACKED	reference-input-candidate	source-coverage.tsv
reference	8c5911e4a4b07b07e832e4bb0d5d8859e88b4a9b	Data/Scripts/016_UI/018_UI_ItemStorage.rb	reference-behavior-or-material-candidate	UNASSIGNED	FIXED_GIT_TRACKED	reference-input-candidate	source-coverage.tsv
reference	8c5911e4a4b07b07e832e4bb0d5d8859e88b4a9b	Data/Scripts/016_UI/019_UI_PC.rb	reference-behavior-or-material-candidate	UNASSIGNED	FIXED_GIT_TRACKED	reference-input-candidate	source-coverage.tsv
reference	8c5911e4a4b07b07e832e4bb0d5d8859e88b4a9b	Data/Scripts/016_UI/020_UI_PokeMart.rb	reference-behavior-or-material-candidate	UNASSIGNED	FIXED_GIT_TRACKED	reference-input-candidate	source-coverage.tsv
reference	8c5911e4a4b07b07e832e4bb0d5d8859e88b4a9b	Data/Scripts/016_UI/021_UI_BattlePointShop.rb	reference-behavior-or-material-candidate	UNASSIGNED	FIXED_GIT_TRACKED	reference-input-candidate	source-coverage.tsv
reference	8c5911e4a4b07b07e832e4bb0d5d8859e88b4a9b	Data/Scripts/016_UI/022_UI_MoveRelearner.rb	reference-behavior-or-material-candidate	UNASSIGNED	FIXED_GIT_TRACKED	reference-input-candidate	source-coverage.tsv
reference	8c5911e4a4b07b07e832e4bb0d5d8859e88b4a9b	Data/Scripts/016_UI/023_UI_PurifyChamber.rb	reference-behavior-or-material-candidate	UNASSIGNED	FIXED_GIT_TRACKED	reference-input-candidate	source-coverage.tsv
reference	8c5911e4a4b07b07e832e4bb0d5d8859e88b4a9b	Data/Scripts/016_UI/024_UI_MysteryGift.rb	reference-behavior-or-material-candidate	UNASSIGNED	FIXED_GIT_TRACKED	reference-input-candidate	source-coverage.tsv
reference	8c5911e4a4b07b07e832e4bb0d5d8859e88b4a9b	Data/Scripts/016_UI/025_UI_TextEntry.rb	reference-behavior-or-material-candidate	UNASSIGNED	FIXED_GIT_TRACKED	reference-input-candidate	source-coverage.tsv
reference	8c5911e4a4b07b07e832e4bb0d5d8859e88b4a9b	Data/Scripts/017_Minigames/001_Minigame_Duel.rb	reference-behavior-or-material-candidate	UNASSIGNED	FIXED_GIT_TRACKED	reference-input-candidate	source-coverage.tsv
reference	8c5911e4a4b07b07e832e4bb0d5d8859e88b4a9b	Data/Scripts/017_Minigames/002_Minigame_TripleTriad.rb	reference-behavior-or-material-candidate	UNASSIGNED	FIXED_GIT_TRACKED	reference-input-candidate	source-coverage.tsv
reference	8c5911e4a4b07b07e832e4bb0d5d8859e88b4a9b	Data/Scripts/017_Minigames/003_Minigame_SlotMachine.rb	reference-behavior-or-material-candidate	UNASSIGNED	FIXED_GIT_TRACKED	reference-input-candidate	source-coverage.tsv
reference	8c5911e4a4b07b07e832e4bb0d5d8859e88b4a9b	Data/Scripts/017_Minigames/004_Minigame_VoltorbFlip.rb	reference-behavior-or-material-candidate	UNASSIGNED	FIXED_GIT_TRACKED	reference-input-candidate	source-coverage.tsv
reference	8c5911e4a4b07b07e832e4bb0d5d8859e88b4a9b	Data/Scripts/017_Minigames/005_Minigame_Lottery.rb	reference-behavior-or-material-candidate	UNASSIGNED	FIXED_GIT_TRACKED	reference-input-candidate	source-coverage.tsv
reference	8c5911e4a4b07b07e832e4bb0d5d8859e88b4a9b	Data/Scripts/017_Minigames/006_Minigame_Mining.rb	reference-behavior-or-material-candidate	UNASSIGNED	FIXED_GIT_TRACKED	reference-input-candidate	source-coverage.tsv
reference	8c5911e4a4b07b07e832e4bb0d5d8859e88b4a9b	Data/Scripts/017_Minigames/007_Minigame_TilePuzzles.rb	reference-behavior-or-material-candidate	UNASSIGNED	FIXED_GIT_TRACKED	reference-input-candidate	source-coverage.tsv
reference	8c5911e4a4b07b07e832e4bb0d5d8859e88b4a9b	Data/Scripts/018_Alternate battle modes/001_Battle Frontier/001_Challenge_BattleChallenge.rb	reference-behavior-or-material-candidate	UNASSIGNED	FIXED_GIT_TRACKED	reference-input-candidate	source-coverage.tsv
reference	8c5911e4a4b07b07e832e4bb0d5d8859e88b4a9b	Data/Scripts/018_Alternate battle modes/001_Battle Frontier/002_Challenge_Data.rb	reference-behavior-or-material-candidate	UNASSIGNED	FIXED_GIT_TRACKED	reference-input-candidate	source-coverage.tsv
reference	8c5911e4a4b07b07e832e4bb0d5d8859e88b4a9b	Data/Scripts/018_Alternate battle modes/001_Battle Frontier/003_Challenge_ChooseFoes.rb	reference-behavior-or-material-candidate	UNASSIGNED	FIXED_GIT_TRACKED	reference-input-candidate	source-coverage.tsv
reference	8c5911e4a4b07b07e832e4bb0d5d8859e88b4a9b	Data/Scripts/018_Alternate battle modes/001_Battle Frontier/004_Challenge_Battles.rb	reference-behavior-or-material-candidate	UNASSIGNED	FIXED_GIT_TRACKED	reference-input-candidate	source-coverage.tsv
reference	8c5911e4a4b07b07e832e4bb0d5d8859e88b4a9b	Data/Scripts/018_Alternate battle modes/001_Battle Frontier/005_UI_BattleSwap.rb	reference-behavior-or-material-candidate	UNASSIGNED	FIXED_GIT_TRACKED	reference-input-candidate	source-coverage.tsv
reference	8c5911e4a4b07b07e832e4bb0d5d8859e88b4a9b	Data/Scripts/018_Alternate battle modes/001_SafariZone.rb	reference-behavior-or-material-candidate	UNASSIGNED	FIXED_GIT_TRACKED	reference-input-candidate	source-coverage.tsv
reference	8c5911e4a4b07b07e832e4bb0d5d8859e88b4a9b	Data/Scripts/018_Alternate battle modes/002_Battle Frontier rules/001_Challenge_ChallengeRules.rb	reference-behavior-or-material-candidate	UNASSIGNED	FIXED_GIT_TRACKED	reference-input-candidate	source-coverage.tsv
reference	8c5911e4a4b07b07e832e4bb0d5d8859e88b4a9b	Data/Scripts/018_Alternate battle modes/002_Battle Frontier rules/002_Challenge_Rulesets.rb	reference-behavior-or-material-candidate	UNASSIGNED	FIXED_GIT_TRACKED	reference-input-candidate	source-coverage.tsv
reference	8c5911e4a4b07b07e832e4bb0d5d8859e88b4a9b	Data/Scripts/018_Alternate battle modes/002_Battle Frontier rules/003_Challenge_EntryRestrictions.rb	reference-behavior-or-material-candidate	UNASSIGNED	FIXED_GIT_TRACKED	reference-input-candidate	source-coverage.tsv
reference	8c5911e4a4b07b07e832e4bb0d5d8859e88b4a9b	Data/Scripts/018_Alternate battle modes/002_Battle Frontier rules/004_Challenge_LevelAdjustment.rb	reference-behavior-or-material-candidate	UNASSIGNED	FIXED_GIT_TRACKED	reference-input-candidate	source-coverage.tsv
reference	8c5911e4a4b07b07e832e4bb0d5d8859e88b4a9b	Data/Scripts/018_Alternate battle modes/002_Battle Frontier rules/005_Challenge_BattleRules.rb	reference-behavior-or-material-candidate	UNASSIGNED	FIXED_GIT_TRACKED	reference-input-candidate	source-coverage.tsv
reference	8c5911e4a4b07b07e832e4bb0d5d8859e88b4a9b	Data/Scripts/018_Alternate battle modes/002_BugContest.rb	reference-behavior-or-material-candidate	UNASSIGNED	FIXED_GIT_TRACKED	reference-input-candidate	source-coverage.tsv
reference	8c5911e4a4b07b07e832e4bb0d5d8859e88b4a9b	Data/Scripts/018_Alternate battle modes/003_Battle Frontier generator/001_ChallengeGenerator_Data.rb	reference-behavior-or-material-candidate	UNASSIGNED	FIXED_GIT_TRACKED	reference-input-candidate	source-coverage.tsv
reference	8c5911e4a4b07b07e832e4bb0d5d8859e88b4a9b	Data/Scripts/018_Alternate battle modes/003_Battle Frontier generator/002_ChallengeGenerator_Pokemon.rb	reference-behavior-or-material-candidate	UNASSIGNED	FIXED_GIT_TRACKED	reference-input-candidate	source-coverage.tsv
reference	8c5911e4a4b07b07e832e4bb0d5d8859e88b4a9b	Data/Scripts/018_Alternate battle modes/003_Battle Frontier generator/003_ChallengeGenerator_Trainers.rb	reference-behavior-or-material-candidate	UNASSIGNED	FIXED_GIT_TRACKED	reference-input-candidate	source-coverage.tsv
reference	8c5911e4a4b07b07e832e4bb0d5d8859e88b4a9b	Data/Scripts/018_Alternate battle modes/003_Battle Frontier generator/004_ChallengeGenerator_BattleSim.rb	reference-behavior-or-material-candidate	UNASSIGNED	FIXED_GIT_TRACKED	reference-input-candidate	source-coverage.tsv
reference	8c5911e4a4b07b07e832e4bb0d5d8859e88b4a9b	Data/Scripts/019_Utilities/001_Utilities.rb	reference-behavior-or-material-candidate	UNASSIGNED	FIXED_GIT_TRACKED	reference-input-candidate	source-coverage.tsv
reference	8c5911e4a4b07b07e832e4bb0d5d8859e88b4a9b	Data/Scripts/019_Utilities/002_Utilities_Pokemon.rb	reference-behavior-or-material-candidate	UNASSIGNED	FIXED_GIT_TRACKED	reference-input-candidate	source-coverage.tsv
reference	8c5911e4a4b07b07e832e4bb0d5d8859e88b4a9b	Data/Scripts/019_Utilities/003_Utilities_BattleAudio.rb	reference-behavior-or-material-candidate	UNASSIGNED	FIXED_GIT_TRACKED	reference-input-candidate	source-coverage.tsv
reference	8c5911e4a4b07b07e832e4bb0d5d8859e88b4a9b	Data/Scripts/020_Debug/001_Editor screens/001_EditorScreens.rb	reference-behavior-or-material-candidate	UNASSIGNED	FIXED_GIT_TRACKED	reference-input-candidate	source-coverage.tsv
reference	8c5911e4a4b07b07e832e4bb0d5d8859e88b4a9b	Data/Scripts/020_Debug/001_Editor screens/002_EditorScreens_TerrainTags.rb	reference-behavior-or-material-candidate	UNASSIGNED	FIXED_GIT_TRACKED	reference-input-candidate	source-coverage.tsv
reference	8c5911e4a4b07b07e832e4bb0d5d8859e88b4a9b	Data/Scripts/020_Debug/001_Editor screens/003_EditorScreens_MapConnections.rb	reference-behavior-or-material-candidate	UNASSIGNED	FIXED_GIT_TRACKED	reference-input-candidate	source-coverage.tsv
reference	8c5911e4a4b07b07e832e4bb0d5d8859e88b4a9b	Data/Scripts/020_Debug/001_Editor screens/004_EditorScreens_SpritePositioning.rb	reference-behavior-or-material-candidate	UNASSIGNED	FIXED_GIT_TRACKED	reference-input-candidate	source-coverage.tsv
reference	8c5911e4a4b07b07e832e4bb0d5d8859e88b4a9b	Data/Scripts/020_Debug/001_Editor_Utilities.rb	reference-behavior-or-material-candidate	UNASSIGNED	FIXED_GIT_TRACKED	reference-input-candidate	source-coverage.tsv
reference	8c5911e4a4b07b07e832e4bb0d5d8859e88b4a9b	Data/Scripts/020_Debug/002_Animation editor/001_AnimEditor_SceneElements.rb	reference-behavior-or-material-candidate	UNASSIGNED	FIXED_GIT_TRACKED	reference-input-candidate	source-coverage.tsv
reference	8c5911e4a4b07b07e832e4bb0d5d8859e88b4a9b	Data/Scripts/020_Debug/002_Animation editor/002_AnimEditor_ControlsButtons.rb	reference-behavior-or-material-candidate	UNASSIGNED	FIXED_GIT_TRACKED	reference-input-candidate	source-coverage.tsv
reference	8c5911e4a4b07b07e832e4bb0d5d8859e88b4a9b	Data/Scripts/020_Debug/002_Animation editor/003_AnimEditor_Interpolation.rb	reference-behavior-or-material-candidate	UNASSIGNED	FIXED_GIT_TRACKED	reference-input-candidate	source-coverage.tsv
reference	8c5911e4a4b07b07e832e4bb0d5d8859e88b4a9b	Data/Scripts/020_Debug/002_Animation editor/004_AnimEditor_ExportImport.rb	reference-behavior-or-material-candidate	UNASSIGNED	FIXED_GIT_TRACKED	reference-input-candidate	source-coverage.tsv
reference	8c5911e4a4b07b07e832e4bb0d5d8859e88b4a9b	Data/Scripts/020_Debug/002_Animation editor/005_AnimEditor_Functions.rb	reference-behavior-or-material-candidate	UNASSIGNED	FIXED_GIT_TRACKED	reference-input-candidate	source-coverage.tsv
reference	8c5911e4a4b07b07e832e4bb0d5d8859e88b4a9b	Data/Scripts/020_Debug/002_Editor_DataTypes.rb	reference-behavior-or-material-candidate	UNASSIGNED	FIXED_GIT_TRACKED	reference-input-candidate	source-coverage.tsv
reference	8c5911e4a4b07b07e832e4bb0d5d8859e88b4a9b	Data/Scripts/020_Debug/003_Debug menus/001_Debug_Menus.rb	reference-behavior-or-material-candidate	UNASSIGNED	FIXED_GIT_TRACKED	reference-input-candidate	source-coverage.tsv
reference	8c5911e4a4b07b07e832e4bb0d5d8859e88b4a9b	Data/Scripts/020_Debug/003_Debug menus/002_Debug_MenuCommands.rb	reference-behavior-or-material-candidate	UNASSIGNED	FIXED_GIT_TRACKED	reference-input-candidate	source-coverage.tsv
reference	8c5911e4a4b07b07e832e4bb0d5d8859e88b4a9b	Data/Scripts/020_Debug/003_Debug menus/003_Debug_MenuExtraCode.rb	reference-behavior-or-material-candidate	UNASSIGNED	FIXED_GIT_TRACKED	reference-input-candidate	source-coverage.tsv
reference	8c5911e4a4b07b07e832e4bb0d5d8859e88b4a9b	Data/Scripts/020_Debug/003_Debug menus/004_Debug_BattleCommands.rb	reference-behavior-or-material-candidate	UNASSIGNED	FIXED_GIT_TRACKED	reference-input-candidate	source-coverage.tsv
reference	8c5911e4a4b07b07e832e4bb0d5d8859e88b4a9b	Data/Scripts/020_Debug/003_Debug menus/005_Debug_BattlePkmnCommands.rb	reference-behavior-or-material-candidate	UNASSIGNED	FIXED_GIT_TRACKED	reference-input-candidate	source-coverage.tsv
reference	8c5911e4a4b07b07e832e4bb0d5d8859e88b4a9b	Data/Scripts/020_Debug/003_Debug menus/006_Debug_BattleExtraCode.rb	reference-behavior-or-material-candidate	UNASSIGNED	FIXED_GIT_TRACKED	reference-input-candidate	source-coverage.tsv
reference	8c5911e4a4b07b07e832e4bb0d5d8859e88b4a9b	Data/Scripts/020_Debug/003_Debug menus/007_Debug_PokemonCommands.rb	reference-behavior-or-material-candidate	UNASSIGNED	FIXED_GIT_TRACKED	reference-input-candidate	source-coverage.tsv
reference	8c5911e4a4b07b07e832e4bb0d5d8859e88b4a9b	Data/Scripts/020_Debug/003_Debug menus/008_Debug_FilenameUpdater.rb	reference-behavior-or-material-candidate	UNASSIGNED	FIXED_GIT_TRACKED	reference-input-candidate	source-coverage.tsv
reference	8c5911e4a4b07b07e832e4bb0d5d8859e88b4a9b	Data/Scripts/020_Debug/003_Editor_Listers.rb	reference-behavior-or-material-candidate	UNASSIGNED	FIXED_GIT_TRACKED	reference-input-candidate	source-coverage.tsv
reference	8c5911e4a4b07b07e832e4bb0d5d8859e88b4a9b	Data/Scripts/021_Compiler/001_Compiler.rb	reference-behavior-or-material-candidate	UNASSIGNED	FIXED_GIT_TRACKED	reference-input-candidate	source-coverage.tsv
reference	8c5911e4a4b07b07e832e4bb0d5d8859e88b4a9b	Data/Scripts/021_Compiler/002_Compiler_CompilePBS.rb	reference-behavior-or-material-candidate	UNASSIGNED	FIXED_GIT_TRACKED	reference-input-candidate	source-coverage.tsv
reference	8c5911e4a4b07b07e832e4bb0d5d8859e88b4a9b	Data/Scripts/021_Compiler/003_Compiler_WritePBS.rb	reference-behavior-or-material-candidate	UNASSIGNED	FIXED_GIT_TRACKED	reference-input-candidate	source-coverage.tsv
reference	8c5911e4a4b07b07e832e4bb0d5d8859e88b4a9b	Data/Scripts/021_Compiler/004_Compiler_MapsAndEvents.rb	reference-behavior-or-material-candidate	UNASSIGNED	FIXED_GIT_TRACKED	reference-input-candidate	source-coverage.tsv
reference	8c5911e4a4b07b07e832e4bb0d5d8859e88b4a9b	Data/Scripts/999_Main/999_Main.rb	reference-behavior-or-material-candidate	UNASSIGNED	FIXED_GIT_TRACKED	reference-input-candidate	source-coverage.tsv
reference	8c5911e4a4b07b07e832e4bb0d5d8859e88b4a9b	Data/messages_core.dat	reference-behavior-or-material-candidate	UNASSIGNED	FIXED_GIT_TRACKED	reference-input-candidate	source-coverage.tsv
reference	8c5911e4a4b07b07e832e4bb0d5d8859e88b4a9b	Essentials Engine wiki.url	reference-behavior-or-material-candidate	UNASSIGNED	FIXED_GIT_TRACKED	reference-input-candidate	source-coverage.tsv
reference	8c5911e4a4b07b07e832e4bb0d5d8859e88b4a9b	Fonts/power clear bold.ttf	reference-behavior-or-material-candidate	UNASSIGNED	FIXED_GIT_TRACKED	reference-input-candidate	source-coverage.tsv
reference	8c5911e4a4b07b07e832e4bb0d5d8859e88b4a9b	Fonts/power clear.ttf	reference-behavior-or-material-candidate	UNASSIGNED	FIXED_GIT_TRACKED	reference-input-candidate	source-coverage.tsv
reference	8c5911e4a4b07b07e832e4bb0d5d8859e88b4a9b	Fonts/power green narrow.ttf	reference-behavior-or-material-candidate	UNASSIGNED	FIXED_GIT_TRACKED	reference-input-candidate	source-coverage.tsv
reference	8c5911e4a4b07b07e832e4bb0d5d8859e88b4a9b	Fonts/power green small.ttf	reference-behavior-or-material-candidate	UNASSIGNED	FIXED_GIT_TRACKED	reference-input-candidate	source-coverage.tsv
reference	8c5911e4a4b07b07e832e4bb0d5d8859e88b4a9b	Fonts/power green.ttf	reference-behavior-or-material-candidate	UNASSIGNED	FIXED_GIT_TRACKED	reference-input-candidate	source-coverage.tsv
reference	8c5911e4a4b07b07e832e4bb0d5d8859e88b4a9b	Fonts/power red and blue intl.ttf	reference-behavior-or-material-candidate	UNASSIGNED	FIXED_GIT_TRACKED	reference-input-candidate	source-coverage.tsv
reference	8c5911e4a4b07b07e832e4bb0d5d8859e88b4a9b	Fonts/power red and blue.ttf	reference-behavior-or-material-candidate	UNASSIGNED	FIXED_GIT_TRACKED	reference-input-candidate	source-coverage.tsv
reference	8c5911e4a4b07b07e832e4bb0d5d8859e88b4a9b	Fonts/power red and green.ttf	reference-behavior-or-material-candidate	UNASSIGNED	FIXED_GIT_TRACKED	reference-input-candidate	source-coverage.tsv
reference	8c5911e4a4b07b07e832e4bb0d5d8859e88b4a9b	Game.exe	reference-behavior-or-material-candidate	UNASSIGNED	FIXED_GIT_TRACKED	reference-input-candidate	source-coverage.tsv
reference	8c5911e4a4b07b07e832e4bb0d5d8859e88b4a9b	LICENSE	reference-behavior-or-material-candidate	UNASSIGNED	FIXED_GIT_TRACKED	reference-input-candidate	source-coverage.tsv
reference	8c5911e4a4b07b07e832e4bb0d5d8859e88b4a9b	PBS/Gen 5 backup/abilities.txt	reference-behavior-or-material-candidate	UNASSIGNED	FIXED_GIT_TRACKED	reference-input-candidate	source-coverage.tsv
reference	8c5911e4a4b07b07e832e4bb0d5d8859e88b4a9b	PBS/Gen 5 backup/berry_plants.txt	reference-behavior-or-material-candidate	UNASSIGNED	FIXED_GIT_TRACKED	reference-input-candidate	source-coverage.tsv
reference	8c5911e4a4b07b07e832e4bb0d5d8859e88b4a9b	PBS/Gen 5 backup/encounters.txt	reference-behavior-or-material-candidate	UNASSIGNED	FIXED_GIT_TRACKED	reference-input-candidate	source-coverage.tsv
reference	8c5911e4a4b07b07e832e4bb0d5d8859e88b4a9b	PBS/Gen 5 backup/items.txt	reference-behavior-or-material-candidate	UNASSIGNED	FIXED_GIT_TRACKED	reference-input-candidate	source-coverage.tsv
reference	8c5911e4a4b07b07e832e4bb0d5d8859e88b4a9b	PBS/Gen 5 backup/moves.txt	reference-behavior-or-material-candidate	UNASSIGNED	FIXED_GIT_TRACKED	reference-input-candidate	source-coverage.tsv
reference	8c5911e4a4b07b07e832e4bb0d5d8859e88b4a9b	PBS/Gen 5 backup/pokemon.txt	reference-behavior-or-material-candidate	UNASSIGNED	FIXED_GIT_TRACKED	reference-input-candidate	source-coverage.tsv
reference	8c5911e4a4b07b07e832e4bb0d5d8859e88b4a9b	PBS/Gen 5 backup/pokemon_forms.txt	reference-behavior-or-material-candidate	UNASSIGNED	FIXED_GIT_TRACKED	reference-input-candidate	source-coverage.tsv
reference	8c5911e4a4b07b07e832e4bb0d5d8859e88b4a9b	PBS/Gen 5 backup/pokemon_metrics.txt	reference-behavior-or-material-candidate	UNASSIGNED	FIXED_GIT_TRACKED	reference-input-candidate	source-coverage.tsv
reference	8c5911e4a4b07b07e832e4bb0d5d8859e88b4a9b	PBS/Gen 5 backup/types.txt	reference-behavior-or-material-candidate	UNASSIGNED	FIXED_GIT_TRACKED	reference-input-candidate	source-coverage.tsv
reference	8c5911e4a4b07b07e832e4bb0d5d8859e88b4a9b	PBS/Gen 6 backup/abilities.txt	reference-behavior-or-material-candidate	UNASSIGNED	FIXED_GIT_TRACKED	reference-input-candidate	source-coverage.tsv
reference	8c5911e4a4b07b07e832e4bb0d5d8859e88b4a9b	PBS/Gen 6 backup/berry_plants.txt	reference-behavior-or-material-candidate	UNASSIGNED	FIXED_GIT_TRACKED	reference-input-candidate	source-coverage.tsv
reference	8c5911e4a4b07b07e832e4bb0d5d8859e88b4a9b	PBS/Gen 6 backup/encounters.txt	reference-behavior-or-material-candidate	UNASSIGNED	FIXED_GIT_TRACKED	reference-input-candidate	source-coverage.tsv
reference	8c5911e4a4b07b07e832e4bb0d5d8859e88b4a9b	PBS/Gen 6 backup/items.txt	reference-behavior-or-material-candidate	UNASSIGNED	FIXED_GIT_TRACKED	reference-input-candidate	source-coverage.tsv
reference	8c5911e4a4b07b07e832e4bb0d5d8859e88b4a9b	PBS/Gen 6 backup/moves.txt	reference-behavior-or-material-candidate	UNASSIGNED	FIXED_GIT_TRACKED	reference-input-candidate	source-coverage.tsv
reference	8c5911e4a4b07b07e832e4bb0d5d8859e88b4a9b	PBS/Gen 6 backup/pokemon.txt	reference-behavior-or-material-candidate	UNASSIGNED	FIXED_GIT_TRACKED	reference-input-candidate	source-coverage.tsv
reference	8c5911e4a4b07b07e832e4bb0d5d8859e88b4a9b	PBS/Gen 6 backup/pokemon_forms.txt	reference-behavior-or-material-candidate	UNASSIGNED	FIXED_GIT_TRACKED	reference-input-candidate	source-coverage.tsv
reference	8c5911e4a4b07b07e832e4bb0d5d8859e88b4a9b	PBS/Gen 6 backup/pokemon_metrics.txt	reference-behavior-or-material-candidate	UNASSIGNED	FIXED_GIT_TRACKED	reference-input-candidate	source-coverage.tsv
reference	8c5911e4a4b07b07e832e4bb0d5d8859e88b4a9b	PBS/Gen 6 backup/types.txt	reference-behavior-or-material-candidate	UNASSIGNED	FIXED_GIT_TRACKED	reference-input-candidate	source-coverage.tsv
reference	8c5911e4a4b07b07e832e4bb0d5d8859e88b4a9b	PBS/Gen 7 backup/abilities.txt	reference-behavior-or-material-candidate	UNASSIGNED	FIXED_GIT_TRACKED	reference-input-candidate	source-coverage.tsv
reference	8c5911e4a4b07b07e832e4bb0d5d8859e88b4a9b	PBS/Gen 7 backup/berry_plants.txt	reference-behavior-or-material-candidate	UNASSIGNED	FIXED_GIT_TRACKED	reference-input-candidate	source-coverage.tsv
reference	8c5911e4a4b07b07e832e4bb0d5d8859e88b4a9b	PBS/Gen 7 backup/encounters.txt	reference-behavior-or-material-candidate	UNASSIGNED	FIXED_GIT_TRACKED	reference-input-candidate	source-coverage.tsv
reference	8c5911e4a4b07b07e832e4bb0d5d8859e88b4a9b	PBS/Gen 7 backup/items.txt	reference-behavior-or-material-candidate	UNASSIGNED	FIXED_GIT_TRACKED	reference-input-candidate	source-coverage.tsv
reference	8c5911e4a4b07b07e832e4bb0d5d8859e88b4a9b	PBS/Gen 7 backup/moves.txt	reference-behavior-or-material-candidate	UNASSIGNED	FIXED_GIT_TRACKED	reference-input-candidate	source-coverage.tsv
reference	8c5911e4a4b07b07e832e4bb0d5d8859e88b4a9b	PBS/Gen 7 backup/pokemon.txt	reference-behavior-or-material-candidate	UNASSIGNED	FIXED_GIT_TRACKED	reference-input-candidate	source-coverage.tsv
reference	8c5911e4a4b07b07e832e4bb0d5d8859e88b4a9b	PBS/Gen 7 backup/pokemon_forms.txt	reference-behavior-or-material-candidate	UNASSIGNED	FIXED_GIT_TRACKED	reference-input-candidate	source-coverage.tsv
reference	8c5911e4a4b07b07e832e4bb0d5d8859e88b4a9b	PBS/Gen 7 backup/pokemon_metrics.txt	reference-behavior-or-material-candidate	UNASSIGNED	FIXED_GIT_TRACKED	reference-input-candidate	source-coverage.tsv
reference	8c5911e4a4b07b07e832e4bb0d5d8859e88b4a9b	PBS/Gen 7 backup/types.txt	reference-behavior-or-material-candidate	UNASSIGNED	FIXED_GIT_TRACKED	reference-input-candidate	source-coverage.tsv
reference	8c5911e4a4b07b07e832e4bb0d5d8859e88b4a9b	PBS/Gen 8 backup/abilities.txt	reference-behavior-or-material-candidate	UNASSIGNED	FIXED_GIT_TRACKED	reference-input-candidate	source-coverage.tsv
reference	8c5911e4a4b07b07e832e4bb0d5d8859e88b4a9b	PBS/Gen 8 backup/berry_plants.txt	reference-behavior-or-material-candidate	UNASSIGNED	FIXED_GIT_TRACKED	reference-input-candidate	source-coverage.tsv
reference	8c5911e4a4b07b07e832e4bb0d5d8859e88b4a9b	PBS/Gen 8 backup/encounters.txt	reference-behavior-or-material-candidate	UNASSIGNED	FIXED_GIT_TRACKED	reference-input-candidate	source-coverage.tsv
reference	8c5911e4a4b07b07e832e4bb0d5d8859e88b4a9b	PBS/Gen 8 backup/items.txt	reference-behavior-or-material-candidate	UNASSIGNED	FIXED_GIT_TRACKED	reference-input-candidate	source-coverage.tsv
reference	8c5911e4a4b07b07e832e4bb0d5d8859e88b4a9b	PBS/Gen 8 backup/moves.txt	reference-behavior-or-material-candidate	UNASSIGNED	FIXED_GIT_TRACKED	reference-input-candidate	source-coverage.tsv
reference	8c5911e4a4b07b07e832e4bb0d5d8859e88b4a9b	PBS/Gen 8 backup/pokemon.txt	reference-behavior-or-material-candidate	UNASSIGNED	FIXED_GIT_TRACKED	reference-input-candidate	source-coverage.tsv
reference	8c5911e4a4b07b07e832e4bb0d5d8859e88b4a9b	PBS/Gen 8 backup/pokemon_forms.txt	reference-behavior-or-material-candidate	UNASSIGNED	FIXED_GIT_TRACKED	reference-input-candidate	source-coverage.tsv
reference	8c5911e4a4b07b07e832e4bb0d5d8859e88b4a9b	PBS/Gen 8 backup/pokemon_metrics.txt	reference-behavior-or-material-candidate	UNASSIGNED	FIXED_GIT_TRACKED	reference-input-candidate	source-coverage.tsv
reference	8c5911e4a4b07b07e832e4bb0d5d8859e88b4a9b	PBS/Gen 8 backup/types.txt	reference-behavior-or-material-candidate	UNASSIGNED	FIXED_GIT_TRACKED	reference-input-candidate	source-coverage.tsv
reference	8c5911e4a4b07b07e832e4bb0d5d8859e88b4a9b	PBS/Shadow Pokémon backup/items_shadow_pkmn.txt	reference-behavior-or-material-candidate	UNASSIGNED	FIXED_GIT_TRACKED	reference-input-candidate	source-coverage.tsv
reference	8c5911e4a4b07b07e832e4bb0d5d8859e88b4a9b	PBS/Shadow Pokémon backup/moves_shadow_pkmn.txt	reference-behavior-or-material-candidate	UNASSIGNED	FIXED_GIT_TRACKED	reference-input-candidate	source-coverage.tsv
reference	8c5911e4a4b07b07e832e4bb0d5d8859e88b4a9b	PBS/Shadow Pokémon backup/shadow_pokemon.txt	reference-behavior-or-material-candidate	UNASSIGNED	FIXED_GIT_TRACKED	reference-input-candidate	source-coverage.tsv
reference	8c5911e4a4b07b07e832e4bb0d5d8859e88b4a9b	PBS/Shadow Pokémon backup/types_shadow_pkmn.txt	reference-behavior-or-material-candidate	UNASSIGNED	FIXED_GIT_TRACKED	reference-input-candidate	source-coverage.tsv
reference	8c5911e4a4b07b07e832e4bb0d5d8859e88b4a9b	PBS/abilities.txt	reference-behavior-or-material-candidate	UNASSIGNED	FIXED_GIT_TRACKED	reference-input-candidate	source-coverage.tsv
reference	8c5911e4a4b07b07e832e4bb0d5d8859e88b4a9b	PBS/battle_facility_lists.txt	reference-behavior-or-material-candidate	UNASSIGNED	FIXED_GIT_TRACKED	reference-input-candidate	source-coverage.tsv
reference	8c5911e4a4b07b07e832e4bb0d5d8859e88b4a9b	PBS/battle_tower_pokemon.txt	reference-behavior-or-material-candidate	UNASSIGNED	FIXED_GIT_TRACKED	reference-input-candidate	source-coverage.tsv
reference	8c5911e4a4b07b07e832e4bb0d5d8859e88b4a9b	PBS/battle_tower_trainers.txt	reference-behavior-or-material-candidate	UNASSIGNED	FIXED_GIT_TRACKED	reference-input-candidate	source-coverage.tsv
reference	8c5911e4a4b07b07e832e4bb0d5d8859e88b4a9b	PBS/berry_plants.txt	reference-behavior-or-material-candidate	UNASSIGNED	FIXED_GIT_TRACKED	reference-input-candidate	source-coverage.tsv
reference	8c5911e4a4b07b07e832e4bb0d5d8859e88b4a9b	PBS/cup_fancy_pkmn.txt	reference-behavior-or-material-candidate	UNASSIGNED	FIXED_GIT_TRACKED	reference-input-candidate	source-coverage.tsv
reference	8c5911e4a4b07b07e832e4bb0d5d8859e88b4a9b	PBS/cup_fancy_pkmn_single.txt	reference-behavior-or-material-candidate	UNASSIGNED	FIXED_GIT_TRACKED	reference-input-candidate	source-coverage.tsv
reference	8c5911e4a4b07b07e832e4bb0d5d8859e88b4a9b	PBS/cup_fancy_trainers.txt	reference-behavior-or-material-candidate	UNASSIGNED	FIXED_GIT_TRACKED	reference-input-candidate	source-coverage.tsv
reference	8c5911e4a4b07b07e832e4bb0d5d8859e88b4a9b	PBS/cup_fancy_trainers_single.txt	reference-behavior-or-material-candidate	UNASSIGNED	FIXED_GIT_TRACKED	reference-input-candidate	source-coverage.tsv
reference	8c5911e4a4b07b07e832e4bb0d5d8859e88b4a9b	PBS/cup_little_pkmn.txt	reference-behavior-or-material-candidate	UNASSIGNED	FIXED_GIT_TRACKED	reference-input-candidate	source-coverage.tsv
reference	8c5911e4a4b07b07e832e4bb0d5d8859e88b4a9b	PBS/cup_little_trainers.txt	reference-behavior-or-material-candidate	UNASSIGNED	FIXED_GIT_TRACKED	reference-input-candidate	source-coverage.tsv
reference	8c5911e4a4b07b07e832e4bb0d5d8859e88b4a9b	PBS/cup_pika_pkmn.txt	reference-behavior-or-material-candidate	UNASSIGNED	FIXED_GIT_TRACKED	reference-input-candidate	source-coverage.tsv
reference	8c5911e4a4b07b07e832e4bb0d5d8859e88b4a9b	PBS/cup_pika_trainers.txt	reference-behavior-or-material-candidate	UNASSIGNED	FIXED_GIT_TRACKED	reference-input-candidate	source-coverage.tsv
reference	8c5911e4a4b07b07e832e4bb0d5d8859e88b4a9b	PBS/cup_poke_pkmn.txt	reference-behavior-or-material-candidate	UNASSIGNED	FIXED_GIT_TRACKED	reference-input-candidate	source-coverage.tsv
reference	8c5911e4a4b07b07e832e4bb0d5d8859e88b4a9b	PBS/cup_poke_trainers.txt	reference-behavior-or-material-candidate	UNASSIGNED	FIXED_GIT_TRACKED	reference-input-candidate	source-coverage.tsv
reference	8c5911e4a4b07b07e832e4bb0d5d8859e88b4a9b	PBS/dungeon_parameters.txt	reference-behavior-or-material-candidate	UNASSIGNED	FIXED_GIT_TRACKED	reference-input-candidate	source-coverage.tsv
reference	8c5911e4a4b07b07e832e4bb0d5d8859e88b4a9b	PBS/dungeon_tilesets.txt	reference-behavior-or-material-candidate	UNASSIGNED	FIXED_GIT_TRACKED	reference-input-candidate	source-coverage.tsv
reference	8c5911e4a4b07b07e832e4bb0d5d8859e88b4a9b	PBS/encounters.txt	reference-behavior-or-material-candidate	UNASSIGNED	FIXED_GIT_TRACKED	reference-input-candidate	source-coverage.tsv
reference	8c5911e4a4b07b07e832e4bb0d5d8859e88b4a9b	PBS/items.txt	reference-behavior-or-material-candidate	UNASSIGNED	FIXED_GIT_TRACKED	reference-input-candidate	source-coverage.tsv
reference	8c5911e4a4b07b07e832e4bb0d5d8859e88b4a9b	PBS/map_connections.txt	reference-behavior-or-material-candidate	UNASSIGNED	FIXED_GIT_TRACKED	reference-input-candidate	source-coverage.tsv
reference	8c5911e4a4b07b07e832e4bb0d5d8859e88b4a9b	PBS/map_metadata.txt	reference-behavior-or-material-candidate	UNASSIGNED	FIXED_GIT_TRACKED	reference-input-candidate	source-coverage.tsv
reference	8c5911e4a4b07b07e832e4bb0d5d8859e88b4a9b	PBS/metadata.txt	reference-behavior-or-material-candidate	UNASSIGNED	FIXED_GIT_TRACKED	reference-input-candidate	source-coverage.tsv
reference	8c5911e4a4b07b07e832e4bb0d5d8859e88b4a9b	PBS/moves.txt	reference-behavior-or-material-candidate	UNASSIGNED	FIXED_GIT_TRACKED	reference-input-candidate	source-coverage.tsv
reference	8c5911e4a4b07b07e832e4bb0d5d8859e88b4a9b	PBS/phone.txt	reference-behavior-or-material-candidate	UNASSIGNED	FIXED_GIT_TRACKED	reference-input-candidate	source-coverage.tsv
reference	8c5911e4a4b07b07e832e4bb0d5d8859e88b4a9b	PBS/pokemon.txt	reference-behavior-or-material-candidate	UNASSIGNED	FIXED_GIT_TRACKED	reference-input-candidate	source-coverage.tsv
reference	8c5911e4a4b07b07e832e4bb0d5d8859e88b4a9b	PBS/pokemon_forms.txt	reference-behavior-or-material-candidate	UNASSIGNED	FIXED_GIT_TRACKED	reference-input-candidate	source-coverage.tsv
reference	8c5911e4a4b07b07e832e4bb0d5d8859e88b4a9b	PBS/pokemon_metrics.txt	reference-behavior-or-material-candidate	UNASSIGNED	FIXED_GIT_TRACKED	reference-input-candidate	source-coverage.tsv
reference	8c5911e4a4b07b07e832e4bb0d5d8859e88b4a9b	PBS/regional_dexes.txt	reference-behavior-or-material-candidate	UNASSIGNED	FIXED_GIT_TRACKED	reference-input-candidate	source-coverage.tsv
reference	8c5911e4a4b07b07e832e4bb0d5d8859e88b4a9b	PBS/ribbons.txt	reference-behavior-or-material-candidate	UNASSIGNED	FIXED_GIT_TRACKED	reference-input-candidate	source-coverage.tsv
reference	8c5911e4a4b07b07e832e4bb0d5d8859e88b4a9b	PBS/town_map.txt	reference-behavior-or-material-candidate	UNASSIGNED	FIXED_GIT_TRACKED	reference-input-candidate	source-coverage.tsv
reference	8c5911e4a4b07b07e832e4bb0d5d8859e88b4a9b	PBS/trainer_types.txt	reference-behavior-or-material-candidate	UNASSIGNED	FIXED_GIT_TRACKED	reference-input-candidate	source-coverage.tsv
reference	8c5911e4a4b07b07e832e4bb0d5d8859e88b4a9b	PBS/trainers.txt	reference-behavior-or-material-candidate	UNASSIGNED	FIXED_GIT_TRACKED	reference-input-candidate	source-coverage.tsv
reference	8c5911e4a4b07b07e832e4bb0d5d8859e88b4a9b	PBS/types.txt	reference-behavior-or-material-candidate	UNASSIGNED	FIXED_GIT_TRACKED	reference-input-candidate	source-coverage.tsv
reference	8c5911e4a4b07b07e832e4bb0d5d8859e88b4a9b	README.md	reference-behavior-or-material-candidate	UNASSIGNED	FIXED_GIT_TRACKED	reference-input-candidate	source-coverage.tsv
reference	8c5911e4a4b07b07e832e4bb0d5d8859e88b4a9b	Text_english_core/ABILITY_DESCRIPTIONS.txt	reference-behavior-or-material-candidate	UNASSIGNED	FIXED_GIT_TRACKED	reference-input-candidate	source-coverage.tsv
reference	8c5911e4a4b07b07e832e4bb0d5d8859e88b4a9b	Text_english_core/ABILITY_NAMES.txt	reference-behavior-or-material-candidate	UNASSIGNED	FIXED_GIT_TRACKED	reference-input-candidate	source-coverage.tsv
reference	8c5911e4a4b07b07e832e4bb0d5d8859e88b4a9b	Text_english_core/ITEM_DESCRIPTIONS.txt	reference-behavior-or-material-candidate	UNASSIGNED	FIXED_GIT_TRACKED	reference-input-candidate	source-coverage.tsv
reference	8c5911e4a4b07b07e832e4bb0d5d8859e88b4a9b	Text_english_core/ITEM_NAMES.txt	reference-behavior-or-material-candidate	UNASSIGNED	FIXED_GIT_TRACKED	reference-input-candidate	source-coverage.tsv
reference	8c5911e4a4b07b07e832e4bb0d5d8859e88b4a9b	Text_english_core/ITEM_NAME_PLURALS.txt	reference-behavior-or-material-candidate	UNASSIGNED	FIXED_GIT_TRACKED	reference-input-candidate	source-coverage.tsv
reference	8c5911e4a4b07b07e832e4bb0d5d8859e88b4a9b	Text_english_core/ITEM_PORTION_NAMES.txt	reference-behavior-or-material-candidate	UNASSIGNED	FIXED_GIT_TRACKED	reference-input-candidate	source-coverage.tsv
reference	8c5911e4a4b07b07e832e4bb0d5d8859e88b4a9b	Text_english_core/ITEM_PORTION_NAME_PLURALS.txt	reference-behavior-or-material-candidate	UNASSIGNED	FIXED_GIT_TRACKED	reference-input-candidate	source-coverage.tsv
reference	8c5911e4a4b07b07e832e4bb0d5d8859e88b4a9b	Text_english_core/MOVE_DESCRIPTIONS.txt	reference-behavior-or-material-candidate	UNASSIGNED	FIXED_GIT_TRACKED	reference-input-candidate	source-coverage.tsv
reference	8c5911e4a4b07b07e832e4bb0d5d8859e88b4a9b	Text_english_core/MOVE_NAMES.txt	reference-behavior-or-material-candidate	UNASSIGNED	FIXED_GIT_TRACKED	reference-input-candidate	source-coverage.tsv
reference	8c5911e4a4b07b07e832e4bb0d5d8859e88b4a9b	Text_english_core/POKEDEX_ENTRIES.txt	reference-behavior-or-material-candidate	UNASSIGNED	FIXED_GIT_TRACKED	reference-input-candidate	source-coverage.tsv
reference	8c5911e4a4b07b07e832e4bb0d5d8859e88b4a9b	Text_english_core/RIBBON_DESCRIPTIONS.txt	reference-behavior-or-material-candidate	UNASSIGNED	FIXED_GIT_TRACKED	reference-input-candidate	source-coverage.tsv
reference	8c5911e4a4b07b07e832e4bb0d5d8859e88b4a9b	Text_english_core/RIBBON_NAMES.txt	reference-behavior-or-material-candidate	UNASSIGNED	FIXED_GIT_TRACKED	reference-input-candidate	source-coverage.tsv
reference	8c5911e4a4b07b07e832e4bb0d5d8859e88b4a9b	Text_english_core/SCRIPT_TEXTS.txt	reference-behavior-or-material-candidate	UNASSIGNED	FIXED_GIT_TRACKED	reference-input-candidate	source-coverage.tsv
reference	8c5911e4a4b07b07e832e4bb0d5d8859e88b4a9b	Text_english_core/SPECIES_CATEGORIES.txt	reference-behavior-or-material-candidate	UNASSIGNED	FIXED_GIT_TRACKED	reference-input-candidate	source-coverage.tsv
reference	8c5911e4a4b07b07e832e4bb0d5d8859e88b4a9b	Text_english_core/SPECIES_FORM_NAMES.txt	reference-behavior-or-material-candidate	UNASSIGNED	FIXED_GIT_TRACKED	reference-input-candidate	source-coverage.tsv
reference	8c5911e4a4b07b07e832e4bb0d5d8859e88b4a9b	Text_english_core/SPECIES_NAMES.txt	reference-behavior-or-material-candidate	UNASSIGNED	FIXED_GIT_TRACKED	reference-input-candidate	source-coverage.tsv
reference	8c5911e4a4b07b07e832e4bb0d5d8859e88b4a9b	Text_english_core/TRAINER_TYPE_NAMES.txt	reference-behavior-or-material-candidate	UNASSIGNED	FIXED_GIT_TRACKED	reference-input-candidate	source-coverage.tsv
reference	8c5911e4a4b07b07e832e4bb0d5d8859e88b4a9b	Text_english_core/TYPE_NAMES.txt	reference-behavior-or-material-candidate	UNASSIGNED	FIXED_GIT_TRACKED	reference-input-candidate	source-coverage.tsv
reference	8c5911e4a4b07b07e832e4bb0d5d8859e88b4a9b	animmaker.exe	reference-behavior-or-material-candidate	UNASSIGNED	FIXED_GIT_TRACKED	reference-input-candidate	source-coverage.tsv
reference	8c5911e4a4b07b07e832e4bb0d5d8859e88b4a9b	animmaker.txt	reference-behavior-or-material-candidate	UNASSIGNED	FIXED_GIT_TRACKED	reference-input-candidate	source-coverage.tsv
reference	8c5911e4a4b07b07e832e4bb0d5d8859e88b4a9b	extendtext.exe	reference-behavior-or-material-candidate	UNASSIGNED	FIXED_GIT_TRACKED	reference-input-candidate	source-coverage.tsv
reference	8c5911e4a4b07b07e832e4bb0d5d8859e88b4a9b	extendtext.txt	reference-behavior-or-material-candidate	UNASSIGNED	FIXED_GIT_TRACKED	reference-input-candidate	source-coverage.tsv
reference	8c5911e4a4b07b07e832e4bb0d5d8859e88b4a9b	knownpoint.bmp	reference-behavior-or-material-candidate	UNASSIGNED	FIXED_GIT_TRACKED	reference-input-candidate	source-coverage.tsv
reference	8c5911e4a4b07b07e832e4bb0d5d8859e88b4a9b	mkxp.json	reference-behavior-or-material-candidate	UNASSIGNED	FIXED_GIT_TRACKED	reference-input-candidate	source-coverage.tsv
reference	8c5911e4a4b07b07e832e4bb0d5d8859e88b4a9b	scripts_combine.rb	reference-behavior-or-material-candidate	UNASSIGNED	FIXED_GIT_TRACKED	reference-input-candidate	source-coverage.tsv
reference	8c5911e4a4b07b07e832e4bb0d5d8859e88b4a9b	scripts_extract.rb	reference-behavior-or-material-candidate	UNASSIGNED	FIXED_GIT_TRACKED	reference-input-candidate	source-coverage.tsv
reference	8c5911e4a4b07b07e832e4bb0d5d8859e88b4a9b	selpoint.bmp	reference-behavior-or-material-candidate	UNASSIGNED	FIXED_GIT_TRACKED	reference-input-candidate	source-coverage.tsv
reference	8c5911e4a4b07b07e832e4bb0d5d8859e88b4a9b	soundfont.sf2	reference-behavior-or-material-candidate	UNASSIGNED	FIXED_GIT_TRACKED	reference-input-candidate	source-coverage.tsv
reference	8c5911e4a4b07b07e832e4bb0d5d8859e88b4a9b	townmapgen.html	reference-behavior-or-material-candidate	UNASSIGNED	FIXED_GIT_TRACKED	reference-input-candidate	source-coverage.tsv
reference	8c5911e4a4b07b07e832e4bb0d5d8859e88b4a9b	x64-msvcrt-ruby310.dll	reference-behavior-or-material-candidate	UNASSIGNED	FIXED_GIT_TRACKED	reference-input-candidate	source-coverage.tsv
reference	8c5911e4a4b07b07e832e4bb0d5d8859e88b4a9b	zlib1.dll	reference-behavior-or-material-candidate	UNASSIGNED	FIXED_GIT_TRACKED	reference-input-candidate	source-coverage.tsv
