repository	commit	path	material_role	prior_carrier	prior_judgment	prior_limits	current_review_status	reviewer	evidence	reported_semantic_lines	text_lines	reading_is_not_coverage	current_scope_limit	linked_required_findings	behavior_review_artifacts	reported_reading_scope
reference	8c5911e4a4b07b07e832e4bb0d5d8859e88b4a9b	.gitignore	supporting-material	-	-	-	MAPPED_REVIEWED_SCOPED	A	agents/A/A-01/reading-log.tsv	34	34	TRUE	仅认可所链接主审行为族与取证范围；整文件行段读完不等于每个分支/配置组合或运行结果已证。	-	agents/A/A-01/equivalence.tsv;agents/A/A-01/report.md;agents/A/A-01/source-coverage.tsv	full:1-EOF
reference	8c5911e4a4b07b07e832e4bb0d5d8859e88b4a9b	.rubocop.yml	supporting-material	-	-	-	OUTSIDE_BEHAVIOR_SPEC_REVIEW	-	-	0	225	TRUE	参考开发风格配置，不作为未来框架规则；未读内容，文件身份在清单中。	-	-	NONE
reference	8c5911e4a4b07b07e832e4bb0d5d8859e88b4a9b	Data/Scripts.rxdata	supporting-material	-	-	-	UNOPENED_BINARY; MATERIAL_LIMIT	-	-	0		TRUE	仅固定仓库身份；未执行、反序列化或运行观察。字体/图像/音色/宿主可执行及打包数据不能视作已验证。	-	-	NONE
reference	8c5911e4a4b07b07e832e4bb0d5d8859e88b4a9b	Data/Scripts/001_Settings.rb	script	WP02 §4.1（配置词典——逐键定义与默认值）＋WP02 §4.3（重点候选使用点路径）＋wp02-settings-inventory-appendix（检索索引）	已覆盖（设置定义词典与候选使用点索引在案；逐项消费语义按各领域包批准范围分层）	无开放剩余——逐项设置的消费语义由消费方所属领域包按批准范围承接（WP02 §4.3 候选使用点路径定位）；未验证组合按 WP02 §7 具名保留	MAPPED_REVIEWED_SCOPED; OPEN_REQUIRED_REVISION_LINKED	A;B;C;ROOT	agents/A/A-01/reading-log.tsv;agents/A/A-02/reading-log.tsv;agents/A/A-03/reading-log.tsv;agents/A/A-04/reading-log.tsv;agents/A/A-05/reading-log.tsv;agents/A/A-06/reading-log.tsv;agents/A/A-07/reading-log.tsv;agents/A/A-08/reading-log.tsv;agents/A/X-A-C05-RECHECK/reading-log.tsv;agents/A/X-A-FACILITY-RESTORE/reading-log.tsv;agents/B/B-01/reading-log.tsv;agents/B/B-03/reading-log.tsv;agents/B/B-04/reading-log.tsv;agents/B/B-05/reading-log.tsv;agents/B/B-06/reading-log.tsv;agents/B/B-07/reading-log.tsv;agents/B/B-08/reading-log.tsv;agents/B/B-09/reading-log.tsv;agents/B/X-B-C06-RECHECK/reading-log.tsv;agents/B/X-B-ITEM-UI/reading-log.tsv;agents/B/X-B-LIFE-STEP/reading-log.tsv;agents/C/C-04/reading-log.tsv;agents/C/C-05/reading-log.tsv;agents/C/C-06/reading-log.tsv;agents/C/C-07/reading-log.tsv;agents/C/C-08/reading-log.tsv;agents/C/X-C-FORM-SHADOW/reading-log.tsv;agents/C/X-C-ROOT-COVERAGE/reading-log.tsv;root/peer-reading-log.tsv	524	524	TRUE	仅认可所链接主审行为族与取证范围；整文件行段读完不等于每个分支/配置组合或运行结果已证。	GIR-FD82-A024;GIR-FD82-A032;GIR-FD82-A039;GIR-FD82-A044;GIR-FD82-A045;GIR-FD82-A051;GIR-FD82-A056;GIR-FD82-B024;GIR-FD82-B035;GIR-FD82-C007;GIR-FD82-C065;WP80-B02-R01;WP80-B02-R02	agents/A/A-01/equivalence.tsv;agents/A/A-01/report.md;agents/A/A-01/source-coverage.tsv;agents/A/A-02/equivalence.tsv;agents/A/A-02/report.md;agents/A/A-02/source-coverage.tsv;agents/A/A-03/equivalence.tsv;agents/A/A-03/report.md;agents/A/A-03/source-coverage.tsv;agents/A/A-04/equivalence.tsv;agents/A/A-04/report.md;agents/A/A-04/source-coverage.tsv;agents/A/A-05/equivalence.tsv;agents/A/A-05/report.md;agents/A/A-05/source-coverage.tsv;agents/A/A-06/equivalence.tsv;agents/A/A-06/report.md;agents/A/A-06/source-coverage.tsv;agents/A/A-07/equivalence.tsv;agents/A/A-07/report.md;agents/A/A-07/source-coverage.tsv;agents/A/A-08/equivalence.tsv;agents/A/A-08/report.md;agents/A/A-08/source-coverage.tsv;agents/A/X-A-C05-RECHECK/equivalence.tsv;agents/A/X-A-C05-RECHECK/report.md;agents/A/X-A-C05-RECHECK/source-coverage.tsv;agents/B/B-01/equivalence.tsv;agents/B/B-01/report.md;agents/B/B-01/source-coverage.tsv;agents/B/B-03/equivalence.tsv;agents/B/B-03/report.md;agents/B/B-03/source-coverage.tsv;agents/B/B-04/equivalence.tsv;agents/B/B-04/report.md;agents/B/B-04/source-coverage.tsv;agents/B/B-05/equivalence.tsv;agents/B/B-05/report.md;agents/B/B-05/source-coverage.tsv;agents/B/B-06/equivalence.tsv;agents/B/B-06/report.md;agents/B/B-06/source-coverage.tsv;agents/B/B-07/equivalence.tsv;agents/B/B-07/report.md;agents/B/B-07/source-coverage.tsv;agents/B/B-08/equivalence.tsv;agents/B/B-08/report.md;agents/B/B-08/source-coverage.tsv;agents/B/B-09/equivalence.tsv;agents/B/B-09/report.md;agents/B/B-09/source-coverage.tsv;agents/B/X-B-C06-RECHECK/equivalence.tsv;agents/B/X-B-C06-RECHECK/report.md;agents/B/X-B-C06-RECHECK/source-coverage.tsv;agents/B/X-B-ITEM-UI/equivalence.tsv;agents/B/X-B-ITEM-UI/report.md;agents/B/X-B-LIFE-STEP/report.md;agents/B/X-B-LIFE-STEP/source-coverage.tsv;agents/C/C-04/equivalence.tsv;agents/C/C-04/report.md;agents/C/C-04/source-coverage.tsv;agents/C/C-05/equivalence.tsv;agents/C/C-05/report.md;agents/C/C-05/source-coverage.tsv;agents/C/C-06/equivalence.tsv;agents/C/C-06/report.md;agents/C/C-06/source-coverage.tsv;agents/C/C-07/equivalence.tsv;agents/C/C-07/report.md;agents/C/C-07/source-coverage.tsv;agents/C/C-08/equivalence.tsv;agents/C/C-08/report.md;agents/C/C-08/source-coverage.tsv;agents/C/X-C-FORM-SHADOW/source-coverage.tsv	full:1-524; same_agent_full_reuse_and_targeted:A-01:1-524;A-02:60-76,238-245,420-437; same_agent_full_reuse:A-01:1-524;A-03:130-154,220-239,375-389; same_agent_named_reuse:A-01:1-524; same_agent_A-01_reuse:1-524; same_agent_named_reuse:1-524; targeted:125-156;216-221;243-255;315-321; full_reused:1-524; targeted:125-176;310-329; targeted:284-320; fresh static semantic reading:175-213; fresh static semantic reading:127-145; fresh targeted; full A-01 available:127–134; targeted:10-22;47-60;66-77;209-229;364-374; targeted:10-19;360-372; bounded-reread:10-19; bounded-configuration:10-19;227-241; bounded-reread:10-20; bounded-substantive:80-93;127-143;215-223; targeted-lines:17;72;146;370; bounded-substantive:212-222; explicit-bounded-static-read:53-56; explicit-bounded-static-read:435-443; explicit-bounded-static-read:44-54;235-250;273-283; bounded:133-169;309-320; targeted:67-77;432-442; targeted:1-22;61-76;100-220;348-414; targeted:1-105;142-142;216-232;318-354;373-417;425-518; targeted_static_dependency:17-57;150-330;355-398; targeted:45-68;213-227;255-287; fresh-line:17; :88-100; TARGETED_SECOND_REVIEW:147-151; TARGETED_SECOND_REVIEW:49-58; TARGETED_SECOND_REVIEW:11-17; TARGETED_SECOND_REVIEW:70-74; TARGETED_SECOND_REVIEW:246-249; TARGETED_SECOND_REVIEW:148-151; TARGETED_SECOND_REVIEW:243-249; TARGETED_SECOND_REVIEW:219-220; TARGETED_SECOND_REVIEW:296-306; TARGETED_ROOT_ADJUDICATION_AFTER_SOURCE_PEER:203-212; TARGETED_SECOND_REVIEW:273-286
reference	8c5911e4a4b07b07e832e4bb0d5d8859e88b4a9b	Data/Scripts/001_Technical/001_Debugging/001_PBDebug.rb	script	WP72 §F（PBDebug 日志模块与持久性边界）	已覆盖（调试日志合同在案）	无具名行为剩余	MAPPED_REVIEWED_SCOPED; OPEN_REQUIRED_REVISION_LINKED	A;B;C;ROOT	agents/A/A-02/reading-log.tsv;agents/B/B-02/reading-log.tsv;agents/B/B-04/reading-log.tsv;agents/B/B-05/reading-log.tsv;agents/B/B-06/reading-log.tsv;agents/B/B-08/reading-log.tsv;agents/C/C-01/reading-log.tsv;root/peer-reading-log.tsv	77	77	TRUE	仅认可所链接主审行为族与取证范围；整文件行段读完不等于每个分支/配置组合或运行结果已证。	GIR-FD82-B020	agents/A/A-02/equivalence.tsv;agents/A/A-02/report.md;agents/A/A-02/source-coverage.tsv;agents/B/B-02/equivalence.tsv;agents/B/B-02/report.md;agents/B/B-02/source-coverage.tsv;agents/B/B-04/equivalence.tsv;agents/B/B-04/report.md;agents/B/B-04/source-coverage.tsv;agents/B/B-05/equivalence.tsv;agents/B/B-05/report.md;agents/B/B-05/source-coverage.tsv;agents/B/B-06/equivalence.tsv;agents/B/B-06/report.md;agents/B/B-06/source-coverage.tsv;agents/B/B-08/equivalence.tsv;agents/B/B-08/report.md;agents/B/B-08/source-coverage.tsv;agents/C/C-01/equivalence.tsv;agents/C/C-01/report.md;agents/C/C-01/source-coverage.tsv	full:1-77; bounded-reread:1-22; bounded-reread:1-35; reused-full:1-77; bounded-substantive:1-24; TARGETED_SECOND_REVIEW:4-17
reference	8c5911e4a4b07b07e832e4bb0d5d8859e88b4a9b	Data/Scripts/001_Technical/001_Debugging/002_DebugConsole.rb	script	WP07 §C（诊断面——控制台输出集合）＋WP72 §F（调试日志）	已覆盖（调试控制台合同在案）	无具名行为剩余	MAPPED_REVIEWED_SCOPED	A	agents/A/A-02/reading-log.tsv	233	233	TRUE	仅认可所链接主审行为族与取证范围；整文件行段读完不等于每个分支/配置组合或运行结果已证。	-	agents/A/A-02/equivalence.tsv;agents/A/A-02/report.md;agents/A/A-02/source-coverage.tsv	full:1-233
reference	8c5911e4a4b07b07e832e4bb0d5d8859e88b4a9b	Data/Scripts/001_Technical/001_Debugging/003_Errors.rb	script	WP07 §C（诊断与错误反馈——异常格式化）	已覆盖（异常格式化合同在案）	无具名行为剩余	MAPPED_REVIEWED_SCOPED	A;C	agents/A/A-02/reading-log.tsv;agents/C/C-01-S1/reading-log.tsv	94	94	TRUE	仅认可所链接主审行为族与取证范围；整文件行段读完不等于每个分支/配置组合或运行结果已证。	-	agents/A/A-02/equivalence.tsv;agents/A/A-02/report.md;agents/A/A-02/source-coverage.tsv;agents/C/C-01-S1/equivalence.tsv;agents/C/C-01-S1/report.md;agents/C/C-01-S1/source-coverage.tsv	full:1-94; targeted-dependency:76-94
reference	8c5911e4a4b07b07e832e4bb0d5d8859e88b4a9b	Data/Scripts/001_Technical/001_Debugging/004_Validation.rb	script	WP03 §3.1（参数验证错误边界）＋WP07 §C（诊断面）	已覆盖（参数验证错误类型在案）	无具名行为剩余	MAPPED_REVIEWED_SCOPED; OPEN_REQUIRED_REVISION_LINKED	A;C;ROOT	agents/A/A-01/reading-log.tsv;agents/A/A-02/reading-log.tsv;agents/A/A-03/reading-log.tsv;agents/A/A-07/reading-log.tsv;agents/A/A-08/reading-log.tsv;agents/C/C-07/reading-log.tsv;root/peer-reading-log.tsv	31	31	TRUE	仅认可所链接主审行为族与取证范围；整文件行段读完不等于每个分支/配置组合或运行结果已证。	GIR-FD82-A048	agents/A/A-01/equivalence.tsv;agents/A/A-01/report.md;agents/A/A-01/source-coverage.tsv;agents/A/A-02/equivalence.tsv;agents/A/A-02/report.md;agents/A/A-02/source-coverage.tsv;agents/A/A-03/equivalence.tsv;agents/A/A-03/report.md;agents/A/A-03/source-coverage.tsv;agents/A/A-07/equivalence.tsv;agents/A/A-07/report.md;agents/A/A-07/source-coverage.tsv;agents/A/A-08/equivalence.tsv;agents/A/A-08/report.md;agents/A/A-08/source-coverage.tsv;agents/C/C-07/equivalence.tsv;agents/C/C-07/report.md;agents/C/C-07/source-coverage.tsv	full:1-31; same_agent_full_reuse:A-01:1-31; full_reused:1-31; full_static_dependency:1-31; TARGETED_SECOND_REVIEW:12-29
reference	8c5911e4a4b07b07e832e4bb0d5d8859e88b4a9b	Data/Scripts/001_Technical/001_Debugging/005_Deprecation.rb	script	specs/kernel/wp07-deprecation-appendix.md	已补提取（场景/机制合同在案，待复审）	无行为剩余（附表 ReviewPending 待复审）	MAPPED_REVIEWED_SCOPED	A;ROOT	agents/A/A-02/reading-log.tsv;root/peer-reading-log.tsv	52	52	TRUE	仅认可所链接主审行为族与取证范围；整文件行段读完不等于每个分支/配置组合或运行结果已证。	-	agents/A/A-02/equivalence.tsv;agents/A/A-02/report.md;agents/A/A-02/source-coverage.tsv	full:1-52; TARGETED_SECOND_REVIEW:1-52
reference	8c5911e4a4b07b07e832e4bb0d5d8859e88b4a9b	Data/Scripts/001_Technical/001_MKXP_Compatibility.rb	script	WP02 §3＋WP03 §3	已覆盖（兼容层入口在案）	无具名行为剩余	MAPPED_REVIEWED_SCOPED; OPEN_REQUIRED_REVISION_LINKED	B;C	agents/B/X-B-C06-RECHECK/reading-log.tsv;agents/C/C-04/reading-log.tsv;agents/C/C-06/reading-log.tsv	48	48	TRUE	仅认可所链接主审行为族与取证范围；整文件行段读完不等于每个分支/配置组合或运行结果已证。	GIR-FD82-C115	agents/B/X-B-C06-RECHECK/equivalence.tsv;agents/B/X-B-C06-RECHECK/report.md;agents/B/X-B-C06-RECHECK/source-coverage.tsv;agents/C/C-04/equivalence.tsv;agents/C/C-04/report.md;agents/C/C-04/source-coverage.tsv;agents/C/C-06/equivalence.tsv;agents/C/C-06/report.md;agents/C/C-06/source-coverage.tsv	explicit-bounded-static-read:30-41; full:1-48
reference	8c5911e4a4b07b07e832e4bb0d5d8859e88b4a9b	Data/Scripts/001_Technical/002_Files/001_FileTests.rb	script	WP07 §A（文件访问层）	已覆盖（文件访问合同在案）	无具名行为剩余	MAPPED_REVIEWED_SCOPED; OPEN_REQUIRED_REVISION_LINKED	A;C;ROOT	agents/A/A-01/reading-log.tsv;agents/A/A-02/reading-log.tsv;agents/A/X-A-WP79-NA-AUDIT/reading-log.tsv;agents/C/C-02/reading-log.tsv;agents/C/C-04/reading-log.tsv;agents/C/C-06/reading-log.tsv;root/peer-reading-log.tsv	484	484	TRUE	仅认可所链接主审行为族与取证范围；整文件行段读完不等于每个分支/配置组合或运行结果已证。	GIR-FD82-A004;GIR-FD82-A012;GIR-FD82-C007;GIR-FD82-C020	agents/A/A-01/equivalence.tsv;agents/A/A-01/report.md;agents/A/A-01/source-coverage.tsv;agents/A/A-02/equivalence.tsv;agents/A/A-02/report.md;agents/A/A-02/source-coverage.tsv;agents/A/X-A-WP79-NA-AUDIT/report.md;agents/A/X-A-WP79-NA-AUDIT/source-coverage.tsv;agents/C/C-02/equivalence.tsv;agents/C/C-02/report.md;agents/C/C-02/source-coverage.tsv;agents/C/C-04/equivalence.tsv;agents/C/C-04/report.md;agents/C/C-04/source-coverage.tsv;agents/C/C-06/equivalence.tsv;agents/C/C-06/report.md;agents/C/C-06/source-coverage.tsv	targeted:1-70; full:1-484; targeted_current:298-313;366-429; targeted:181-256; targeted:274-285; TARGETED_SECOND_REVIEW:6-31; TARGETED_SECOND_REVIEW:52-70; TARGETED_EXTENSION_REVIEW:216-242; TARGETED_EXTENSION_REVIEW:109-114; TARGETED_EXTENSION_REVIEW:262-271
reference	8c5911e4a4b07b07e832e4bb0d5d8859e88b4a9b	Data/Scripts/001_Technical/002_Files/002_FileMixins.rb	script	文件访问混入	不适用（具名理由）	文件访问混入——WP07 §A 文件访问层已覆盖	NOT_APPLICABLE_INTERNAL_ORGANIZATION_SCOPED	A	agents/A/A-02/reading-log.tsv;agents/A/X-A-WP79-NA-AUDIT/reading-log.tsv	149	149	TRUE	保留已读范围下未发现默认业务消费者的限定；无需复制Ruby混入或旧二进制API。若未来作者入口明确要求该能力，应另定格式/EOF合同，当前不能以WP07行段伪称已覆盖。	-	agents/A/A-02/equivalence.tsv;agents/A/A-02/report.md;agents/A/A-02/source-coverage.tsv;agents/A/X-A-WP79-NA-AUDIT/report.md;agents/A/X-A-WP79-NA-AUDIT/source-coverage.tsv	full:1-149; full_current:1-149
reference	8c5911e4a4b07b07e832e4bb0d5d8859e88b4a9b	Data/Scripts/001_Technical/002_Files/003_HTTP_Utilities.rb	script	WP07 §A（文件访问层）	已覆盖（文件访问合同在案）	无具名行为剩余	MAPPED_REVIEWED_SCOPED	A	agents/A/A-02/reading-log.tsv;agents/A/A-08/reading-log.tsv	83	83	TRUE	仅认可所链接主审行为族与取证范围；整文件行段读完不等于每个分支/配置组合或运行结果已证。	-	agents/A/A-02/equivalence.tsv;agents/A/A-02/report.md;agents/A/A-02/source-coverage.tsv;agents/A/A-08/equivalence.tsv;agents/A/A-08/report.md;agents/A/A-08/source-coverage.tsv	full:1-83
reference	8c5911e4a4b07b07e832e4bb0d5d8859e88b4a9b	Data/Scripts/001_Technical/002_RubyUtilities.rb	script	WP02 §7（检索索引与消费者分类）＋各领域包消费者	已覆盖（工具函数消费者目录在案）	无具名行为剩余	MAPPED_PARTIAL_SOURCE_REVIEW; OPEN_REQUIRED_REVISION_LINKED	A;B;C;ROOT	agents/A/A-04/reading-log.tsv;agents/B/B-07/reading-log.tsv;agents/B/X-B-TARGET-NEARNESS/reading-log.tsv;agents/C/C-02/reading-log.tsv;agents/C/C-03/reading-log.tsv;agents/C/C-04/reading-log.tsv;agents/C/C-05/reading-log.tsv;agents/C/C-08/reading-log.tsv;root/peer-reading-log.tsv	282	406	TRUE	具名主审/依赖行为已审；未读行段及未解析阅读描述保留，不能把整个脚本声明审完。	GIR-FD82-C007;GIR-FD82-C067	agents/A/A-04/equivalence.tsv;agents/A/A-04/report.md;agents/A/A-04/source-coverage.tsv;agents/B/B-07/equivalence.tsv;agents/B/B-07/report.md;agents/B/B-07/source-coverage.tsv;agents/B/X-B-TARGET-NEARNESS/report.md;agents/C/C-02/equivalence.tsv;agents/C/C-02/report.md;agents/C/C-02/source-coverage.tsv;agents/C/C-03/equivalence.tsv;agents/C/C-03/report.md;agents/C/C-03/source-coverage.tsv;agents/C/C-04/equivalence.tsv;agents/C/C-04/report.md;agents/C/C-04/source-coverage.tsv;agents/C/C-05/equivalence.tsv;agents/C/C-05/report.md;agents/C/C-05/source-coverage.tsv;agents/C/C-08/equivalence.tsv;agents/C/C-08/report.md;agents/C/C-08/source-coverage.tsv	targeted:366-390; bounded-substantive:350-395; informed-bounded-source-recheck:1-109; targeted:144-173; targeted:352-395; targeted:172-243;393-415; targeted:393-406; targeted:334-406; TARGETED_SECOND_REVIEW:400-405; TARGETED_EXTENSION_REVIEW:204-240
reference	8c5911e4a4b07b07e832e4bb0d5d8859e88b4a9b	Data/Scripts/001_Technical/003_Intl_Messages.rb	script	WP08 §A–D（文本域与身份/语言配置/查找回退/作者翻译工作流）	已覆盖（本地化合同在案）	无具名行为剩余	MAPPED_REVIEWED_SCOPED; OPEN_REQUIRED_REVISION_LINKED	A;C;ROOT	agents/A/A-01/reading-log.tsv;agents/A/A-02/reading-log.tsv;agents/A/A-08/reading-log.tsv;agents/C/C-08/reading-log.tsv;root/peer-reading-log.tsv	823	823	TRUE	仅认可所链接主审行为族与取证范围；整文件行段读完不等于每个分支/配置组合或运行结果已证。	GIR-FD82-A006;GIR-FD82-A013;GIR-FD82-A018;GIR-FD82-A054	agents/A/A-01/equivalence.tsv;agents/A/A-01/report.md;agents/A/A-01/source-coverage.tsv;agents/A/A-02/equivalence.tsv;agents/A/A-02/report.md;agents/A/A-02/source-coverage.tsv;agents/A/A-08/equivalence.tsv;agents/A/A-08/report.md;agents/A/A-08/source-coverage.tsv;agents/C/C-08/equivalence.tsv;agents/C/C-08/report.md;agents/C/C-08/source-coverage.tsv	targeted:244-282; full:1-823; targeted:592-616;746-774; targeted:478-493; full_reused:1-823; targeted:601-632;748-763;793-823; TARGETED_SECOND_REVIEW:244-280; TARGETED_SECOND_REVIEW:397-467; TARGETED_SECOND_REVIEW:404-428; TARGETED_SECOND_REVIEW:600-611
reference	8c5911e4a4b07b07e832e4bb0d5d8859e88b4a9b	Data/Scripts/001_Technical/004_Input.rb	script	WP17 §D（按键与文字输入）＋WP02 词典（输入相关设置）	已覆盖（输入语义合同在案）	无具名行为剩余	MAPPED_REVIEWED_SCOPED; OPEN_REQUIRED_REVISION_LINKED	A;C;ROOT	agents/A/A-06/reading-log.tsv;agents/C/C-02/reading-log.tsv;agents/C/C-04/reading-log.tsv;agents/C/C-08/reading-log.tsv;root/peer-reading-log.tsv	31	31	TRUE	仅认可所链接主审行为族与取证范围；整文件行段读完不等于每个分支/配置组合或运行结果已证。	GIR-FD82-C032	agents/A/A-06/equivalence.tsv;agents/A/A-06/report.md;agents/A/A-06/source-coverage.tsv;agents/C/C-02/equivalence.tsv;agents/C/C-02/report.md;agents/C/C-02/source-coverage.tsv;agents/C/C-04/equivalence.tsv;agents/C/C-04/report.md;agents/C/C-04/source-coverage.tsv;agents/C/C-08/equivalence.tsv;agents/C/C-08/report.md;agents/C/C-08/source-coverage.tsv	targeted_current:1-22; full:1-31; TARGETED_SECOND_REVIEW:23-30
reference	8c5911e4a4b07b07e832e4bb0d5d8859e88b4a9b	Data/Scripts/001_Technical/005_PluginManager.rb	script	WP05 §C–D（插件元数据与载入三阶段）	已覆盖（插件管理器合同在案）	无具名行为剩余	MAPPED_REVIEWED_SCOPED; OPEN_REQUIRED_REVISION_LINKED	A;C;ROOT	agents/A/A-01/reading-log.tsv;agents/A/A-02/reading-log.tsv;agents/C/C-07/reading-log.tsv;root/peer-reading-log.tsv	664	664	TRUE	仅认可所链接主审行为族与取证范围；整文件行段读完不等于每个分支/配置组合或运行结果已证。	GIR-FD82-A003;GIR-FD82-A004;GIR-FD82-A009	agents/A/A-01/equivalence.tsv;agents/A/A-01/report.md;agents/A/A-01/source-coverage.tsv;agents/A/A-02/equivalence.tsv;agents/A/A-02/report.md;agents/A/A-02/source-coverage.tsv;agents/C/C-07/equivalence.tsv;agents/C/C-07/report.md;agents/C/C-07/source-coverage.tsv	full:1-664; same_agent_full_reuse:A-01:1-664; targeted_static_dependency:311-344; TARGETED_SECOND_REVIEW:457-464; TARGETED_SECOND_REVIEW:527-545; TARGETED_SECOND_REVIEW:444-464; TARGETED_SECOND_REVIEW:576-596; TARGETED_SECOND_REVIEW:624-635; TARGETED_SECOND_REVIEW:168-185
reference	8c5911e4a4b07b07e832e4bb0d5d8859e88b4a9b	Data/Scripts/001_Technical/006_RPG_Sprite.rb	script	精灵基类原语	不适用（具名理由）	精灵基类原语——WP15/WP16 已覆盖可观察行为	OPEN_REQUIRED_REVISION_CONFIRMED	A;C;ROOT	agents/A/X-A-WP79-NA-AUDIT/reading-log.tsv;agents/C/C-04/reading-log.tsv;root/peer-reading-log.tsv	103	103	TRUE	世界帧动画合同关联C077；内部数组复用与FloatSprite类型不照搬。	GIR-FD82-C077	agents/A/X-A-WP79-NA-AUDIT/report.md;agents/A/X-A-WP79-NA-AUDIT/source-coverage.tsv;agents/C/C-04/equivalence.tsv;agents/C/C-04/report.md;agents/C/C-04/source-coverage.tsv	full_current:1-103; full-dependency:1-103; TARGETED_SECOND_REVIEW:43-66
reference	8c5911e4a4b07b07e832e4bb0d5d8859e88b4a9b	Data/Scripts/002_BattleSettings.rb	script	WP02 §4.2（战斗设置词典——30 常量/26 展示行）＋WP02 §4.3（候选使用点路径）	已覆盖（战斗设置词典与候选使用点索引在案；战斗侧消费语义按 WP39–WP58 各包批准范围分层）	无开放剩余——战斗侧消费语义按 WP39–WP58 各包批准范围承接；未验证组合按 WP02 §7 具名保留	MAPPED_REVIEWED_SCOPED; OPEN_REQUIRED_REVISION_LINKED	A;B;C;ROOT	agents/A/A-01/reading-log.tsv;agents/A/A-03/reading-log.tsv;agents/A/A-04/reading-log.tsv;agents/A/A-06/reading-log.tsv;agents/A/A-07/reading-log.tsv;agents/A/A-08/reading-log.tsv;agents/A/X-A-FORM-SHADOW-SUPPLEMENT/reading-log.tsv;agents/B/B-01/reading-log.tsv;agents/B/B-02/reading-log.tsv;agents/B/B-03/reading-log.tsv;agents/B/B-04/reading-log.tsv;agents/B/B-05/reading-log.tsv;agents/B/B-06/reading-log.tsv;agents/B/B-09/reading-log.tsv;agents/C/C-06/reading-log.tsv;agents/C/X-C-FORM-SHADOW/reading-log.tsv;root/peer-reading-log.tsv	140	140	TRUE	仅认可所链接主审行为族与取证范围；整文件行段读完不等于每个分支/配置组合或运行结果已证。	GIR-FD82-A047;GIR-FD82-B006	agents/A/A-01/equivalence.tsv;agents/A/A-01/report.md;agents/A/A-01/source-coverage.tsv;agents/A/A-03/equivalence.tsv;agents/A/A-03/report.md;agents/A/A-03/source-coverage.tsv;agents/A/A-04/equivalence.tsv;agents/A/A-04/report.md;agents/A/A-04/source-coverage.tsv;agents/A/A-06/equivalence.tsv;agents/A/A-06/report.md;agents/A/A-06/source-coverage.tsv;agents/A/A-07/equivalence.tsv;agents/A/A-07/report.md;agents/A/A-07/source-coverage.tsv;agents/A/A-08/equivalence.tsv;agents/A/A-08/report.md;agents/A/A-08/source-coverage.tsv;agents/B/B-01/equivalence.tsv;agents/B/B-01/report.md;agents/B/B-01/source-coverage.tsv;agents/B/B-02/equivalence.tsv;agents/B/B-02/report.md;agents/B/B-02/source-coverage.tsv;agents/B/B-03/equivalence.tsv;agents/B/B-03/report.md;agents/B/B-03/source-coverage.tsv;agents/B/B-04/equivalence.tsv;agents/B/B-04/report.md;agents/B/B-04/source-coverage.tsv;agents/B/B-05/equivalence.tsv;agents/B/B-05/report.md;agents/B/B-05/source-coverage.tsv;agents/B/B-06/equivalence.tsv;agents/B/B-06/report.md;agents/B/B-06/source-coverage.tsv;agents/B/B-09/equivalence.tsv;agents/B/B-09/report.md;agents/B/B-09/source-coverage.tsv;agents/C/C-06/equivalence.tsv;agents/C/C-06/report.md;agents/C/C-06/source-coverage.tsv;agents/C/X-C-FORM-SHADOW/source-coverage.tsv	full:1-140; same_agent_full_reuse:A-01:1-140; same_agent_named_reuse:A-01:1-140; same_agent_named_reuse:1-140; targeted:70-131; full_reused:1-140; targeted_current_reread:99-118; reused-full:1-140; targeted-reread:33-80; bounded-reread:1-80; bounded-configuration:1-80;108-140; full-reread:1-140; targeted:74-99; fresh-targeted:99-119; TARGETED_SECOND_REVIEW:13-19; TARGETED_SECOND_REVIEW:102-117
reference	8c5911e4a4b07b07e832e4bb0d5d8859e88b4a9b	Data/Scripts/002_Save data/001_SaveData.rb	script	WP09 §3–6＋WP10 §3–5	已覆盖（保存/迁移合同在案）	无具名行为剩余	MAPPED_REVIEWED_SCOPED	A;B	agents/A/A-02/reading-log.tsv;agents/A/X-A-FACILITY-RESTORE/reading-log.tsv;agents/B/X-B-LIFE-STEP/reading-log.tsv	82	82	TRUE	仅认可所链接主审行为族与取证范围；整文件行段读完不等于每个分支/配置组合或运行结果已证。	-	agents/A/A-02/equivalence.tsv;agents/A/A-02/report.md;agents/A/A-02/source-coverage.tsv;agents/B/X-B-LIFE-STEP/report.md;agents/B/X-B-LIFE-STEP/source-coverage.tsv	full:1-82; fresh full:1–82; bounded:35-74
reference	8c5911e4a4b07b07e832e4bb0d5d8859e88b4a9b	Data/Scripts/002_Save data/002_SaveData_Value.rb	script	WP09 §3–6＋WP10 §3–5	已覆盖（保存/迁移合同在案）	无具名行为剩余	MAPPED_REVIEWED_SCOPED	A	agents/A/A-02/reading-log.tsv;agents/A/X-A-FACILITY-RESTORE/reading-log.tsv	284	284	TRUE	仅认可所链接主审行为族与取证范围；整文件行段读完不等于每个分支/配置组合或运行结果已证。	-	agents/A/A-02/equivalence.tsv;agents/A/A-02/report.md;agents/A/A-02/source-coverage.tsv	full:1-284; fresh targeted:10–82;105–117;247–284
reference	8c5911e4a4b07b07e832e4bb0d5d8859e88b4a9b	Data/Scripts/002_Save data/003_SaveData_Conversion.rb	script	WP09 §3–6＋WP10 §3–5	已覆盖（保存/迁移合同在案）	无具名行为剩余	MAPPED_REVIEWED_SCOPED	A	agents/A/A-02/reading-log.tsv	223	223	TRUE	仅认可所链接主审行为族与取证范围；整文件行段读完不等于每个分支/配置组合或运行结果已证。	-	agents/A/A-02/equivalence.tsv;agents/A/A-02/report.md;agents/A/A-02/source-coverage.tsv	full:1-223
reference	8c5911e4a4b07b07e832e4bb0d5d8859e88b4a9b	Data/Scripts/002_Save data/004_Game_SaveValues.rb	script	WP09 §3–6＋WP10 §3–5	已覆盖（保存/迁移合同在案）	无具名行为剩余	MAPPED_REVIEWED_SCOPED; OPEN_REQUIRED_REVISION_LINKED	A;B;C;ROOT	agents/A/A-02/reading-log.tsv;agents/A/A-03/reading-log.tsv;agents/A/A-06/reading-log.tsv;agents/A/A-08/reading-log.tsv;agents/A/X-A-FACILITY-RESTORE/reading-log.tsv;agents/B/B-07/reading-log.tsv;agents/B/B-08/reading-log.tsv;agents/B/X-B-LIFE-STEP/reading-log.tsv;agents/C/C-05/reading-log.tsv;agents/C/C-06/reading-log.tsv;root/peer-reading-log.tsv;root/reading-supplement.tsv	127	127	TRUE	仅认可所链接主审行为族与取证范围；整文件行段读完不等于每个分支/配置组合或运行结果已证。	GIR-FD82-A055	agents/A/A-02/equivalence.tsv;agents/A/A-02/report.md;agents/A/A-02/source-coverage.tsv;agents/A/A-03/equivalence.tsv;agents/A/A-03/report.md;agents/A/A-03/source-coverage.tsv;agents/A/A-06/equivalence.tsv;agents/A/A-06/report.md;agents/A/A-06/source-coverage.tsv;agents/A/A-08/equivalence.tsv;agents/A/A-08/report.md;agents/A/A-08/source-coverage.tsv;agents/B/B-07/equivalence.tsv;agents/B/B-07/report.md;agents/B/B-07/source-coverage.tsv;agents/B/B-08/equivalence.tsv;agents/B/B-08/report.md;agents/B/B-08/source-coverage.tsv;agents/B/X-B-LIFE-STEP/report.md;agents/B/X-B-LIFE-STEP/source-coverage.tsv;agents/C/C-05/equivalence.tsv;agents/C/C-05/report.md;agents/C/C-05/source-coverage.tsv;agents/C/C-06/equivalence.tsv;agents/C/C-06/report.md;agents/C/C-06/source-coverage.tsv	full:1-127; same_agent_full_reuse:A-02:1-127; same_agent_named_reuse:1-127; targeted:1-12;73-84; full_reused:1-127; fresh targeted:1–106; bounded-substantive:1-80; bounded-substantive:72-82; bounded:1-14;68-89;115-127; full-dependency:1-127; TARGETED_SECOND_REVIEW:76-81; TARGETED_STATIC:1-90
reference	8c5911e4a4b07b07e832e4bb0d5d8859e88b4a9b	Data/Scripts/002_Save data/005_Game_SaveConversions.rb	script	WP09 §3–6＋WP10 §3–5	已覆盖（保存/迁移合同在案）	无具名行为剩余	MAPPED_REVIEWED_SCOPED; OPEN_REQUIRED_REVISION_LINKED	A;B;C;ROOT	agents/A/A-02/reading-log.tsv;agents/A/A-03/reading-log.tsv;agents/A/A-04/reading-log.tsv;agents/A/A-06/reading-log.tsv;agents/A/A-08/reading-log.tsv;agents/B/B-07/reading-log.tsv;agents/C/C-05/reading-log.tsv;agents/C/C-06/reading-log.tsv;root/peer-reading-log.tsv	420	420	TRUE	仅认可所链接主审行为族与取证范围；整文件行段读完不等于每个分支/配置组合或运行结果已证。	GIR-FD82-A016	agents/A/A-02/equivalence.tsv;agents/A/A-02/report.md;agents/A/A-02/source-coverage.tsv;agents/A/A-03/equivalence.tsv;agents/A/A-03/report.md;agents/A/A-03/source-coverage.tsv;agents/A/A-04/equivalence.tsv;agents/A/A-04/report.md;agents/A/A-04/source-coverage.tsv;agents/A/A-06/equivalence.tsv;agents/A/A-06/report.md;agents/A/A-06/source-coverage.tsv;agents/A/A-08/equivalence.tsv;agents/A/A-08/report.md;agents/A/A-08/source-coverage.tsv;agents/B/B-07/equivalence.tsv;agents/B/B-07/report.md;agents/B/B-07/source-coverage.tsv;agents/C/C-05/equivalence.tsv;agents/C/C-05/report.md;agents/C/C-05/source-coverage.tsv;agents/C/C-06/equivalence.tsv;agents/C/C-06/report.md;agents/C/C-06/source-coverage.tsv	full:1-420; same_agent_full_reuse:A-02:1-420; same_agent_named_reuse:A-02:1-420; same_agent_named_reuse:1-420; targeted:169-202; targeted:235-274; full_reused:1-420; text-search-only:1-EOF; targeted:288-335; targeted:86-145;214-234; TARGETED_SECOND_REVIEW:286-297
reference	8c5911e4a4b07b07e832e4bb0d5d8859e88b4a9b	Data/Scripts/003_Game processing/001_StartGame.rb	script	WP09 §B＋WP77 §4.1	已覆盖（启动/新游戏合同在案）	无具名行为剩余	MAPPED_REVIEWED_SCOPED; OPEN_REQUIRED_REVISION_LINKED	A;B;C;ROOT	agents/A/A-01/reading-log.tsv;agents/A/A-02/reading-log.tsv;agents/A/A-05/reading-log.tsv;agents/A/X-A-FACILITY-RESTORE/reading-log.tsv;agents/B/B-07/reading-log.tsv;agents/B/X-B-C06-RECHECK/reading-log.tsv;agents/B/X-B-LIFE-STEP/reading-log.tsv;agents/C/C-02/reading-log.tsv;agents/C/C-03/reading-log.tsv;agents/C/C-06/reading-log.tsv;root/peer-reading-log.tsv	126	126	TRUE	仅认可所链接主审行为族与取证范围；整文件行段读完不等于每个分支/配置组合或运行结果已证。	GIR-FD82-A006;GIR-FD82-A014;GIR-FD82-C105;GIR-FD82-C115	agents/A/A-01/equivalence.tsv;agents/A/A-01/report.md;agents/A/A-01/source-coverage.tsv;agents/A/A-02/equivalence.tsv;agents/A/A-02/report.md;agents/A/A-02/source-coverage.tsv;agents/A/A-05/equivalence.tsv;agents/A/A-05/report.md;agents/A/A-05/source-coverage.tsv;agents/B/B-07/equivalence.tsv;agents/B/B-07/report.md;agents/B/B-07/source-coverage.tsv;agents/B/X-B-C06-RECHECK/equivalence.tsv;agents/B/X-B-C06-RECHECK/report.md;agents/B/X-B-C06-RECHECK/source-coverage.tsv;agents/B/X-B-LIFE-STEP/report.md;agents/B/X-B-LIFE-STEP/source-coverage.tsv;agents/C/C-02/equivalence.tsv;agents/C/C-02/report.md;agents/C/C-02/source-coverage.tsv;agents/C/C-03/equivalence.tsv;agents/C/C-03/report.md;agents/C/C-03/source-coverage.tsv;agents/C/C-06/equivalence.tsv;agents/C/C-06/report.md;agents/C/C-06/source-coverage.tsv	targeted:1-75; full:1-126; same_agent_A-02_reuse:1-126; fresh targeted:105–126; bounded-substantive:90-126; explicit-bounded-static-read:3-6; explicit-bounded-static-read:21-34; bounded:104-126; targeted:76-110; targeted:1-60; TARGETED_SECOND_REVIEW:21-34; TARGETED_SECOND_REVIEW:76-104; TARGETED_EXTENSION_REVIEW:21-34
reference	8c5911e4a4b07b07e832e4bb0d5d8859e88b4a9b	Data/Scripts/003_Game processing/002_Scene_Map.rb	script	WP11 §5（地图生命周期/场景）＋WP13 §B（地图场景）	已覆盖（地图场景合同在案）	无具名行为剩余	MAPPED_REVIEWED_SCOPED; OPEN_REQUIRED_REVISION_LINKED	A;B;C;ROOT	agents/A/A-02/reading-log.tsv;agents/A/A-05/reading-log.tsv;agents/A/A-06/reading-log.tsv;agents/A/X-A-C05-RECHECK/reading-log.tsv;agents/B/B-07/reading-log.tsv;agents/C/C-01/reading-log.tsv;agents/C/C-03/reading-log.tsv;agents/C/C-04/reading-log.tsv;agents/C/C-05/reading-log.tsv;agents/C/C-06/reading-log.tsv;root/peer-reading-log.tsv	252	252	TRUE	仅认可所链接主审行为族与取证范围；整文件行段读完不等于每个分支/配置组合或运行结果已证。	GIR-FD82-A017;GIR-FD82-C037;GIR-FD82-C069;GIR-FD82-C086;GIR-FD82-C088;GIR-FD82-C094	agents/A/A-02/equivalence.tsv;agents/A/A-02/report.md;agents/A/A-02/source-coverage.tsv;agents/A/A-05/equivalence.tsv;agents/A/A-05/report.md;agents/A/A-05/source-coverage.tsv;agents/A/A-06/equivalence.tsv;agents/A/A-06/report.md;agents/A/A-06/source-coverage.tsv;agents/A/X-A-C05-RECHECK/equivalence.tsv;agents/A/X-A-C05-RECHECK/report.md;agents/A/X-A-C05-RECHECK/source-coverage.tsv;agents/B/B-07/equivalence.tsv;agents/B/B-07/report.md;agents/B/B-07/source-coverage.tsv;agents/C/C-01/equivalence.tsv;agents/C/C-01/report.md;agents/C/C-01/source-coverage.tsv;agents/C/C-03/equivalence.tsv;agents/C/C-03/report.md;agents/C/C-03/source-coverage.tsv;agents/C/C-04/equivalence.tsv;agents/C/C-04/report.md;agents/C/C-04/source-coverage.tsv;agents/C/C-05/equivalence.tsv;agents/C/C-05/report.md;agents/C/C-05/source-coverage.tsv;agents/C/C-06/equivalence.tsv;agents/C/C-06/report.md;agents/C/C-06/source-coverage.tsv	targeted:155-186;230-252; targeted_current:113-150; targeted_current:198-216; fresh static semantic reading:60-105;145-183; fresh static semantic reading:1-56;130-144; bounded-substantive:115-172; targeted:100-123;195-215; full:1-252; targeted:1-130;136-252; targeted:1-126;137-199; targeted:87-252; TARGETED_SECOND_REVIEW:230-250; TARGETED_SECOND_REVIEW:72-81;121-131;165-175; TARGETED_SECOND_REVIEW:182-188
reference	8c5911e4a4b07b07e832e4bb0d5d8859e88b4a9b	Data/Scripts/003_Game processing/003_Interpreter.rb	script	WP13 §B＋矩阵	已覆盖（解释器运行合同在案）	无具名行为剩余	MAPPED_REVIEWED_SCOPED; OPEN_REQUIRED_REVISION_LINKED	A;B;C;ROOT	agents/A/A-02/reading-log.tsv;agents/A/A-06/reading-log.tsv;agents/A/X-A-WP79-NA-AUDIT/reading-log.tsv;agents/B/X-B-C06-RECHECK/reading-log.tsv;agents/C/C-02/reading-log.tsv;agents/C/C-03/reading-log.tsv;agents/C/C-04/reading-log.tsv;root/peer-reading-log.tsv	454	454	TRUE	仅认可所链接主审行为族与取证范围；整文件行段读完不等于每个分支/配置组合或运行结果已证。	GIR-FD82-A059;GIR-FD82-C039	agents/A/A-02/equivalence.tsv;agents/A/A-02/report.md;agents/A/A-02/source-coverage.tsv;agents/A/A-06/equivalence.tsv;agents/A/A-06/report.md;agents/A/A-06/source-coverage.tsv;agents/A/X-A-WP79-NA-AUDIT/report.md;agents/A/X-A-WP79-NA-AUDIT/source-coverage.tsv;agents/B/X-B-C06-RECHECK/equivalence.tsv;agents/B/X-B-C06-RECHECK/report.md;agents/B/X-B-C06-RECHECK/source-coverage.tsv;agents/C/C-02/equivalence.tsv;agents/C/C-02/report.md;agents/C/C-02/source-coverage.tsv;agents/C/C-03/equivalence.tsv;agents/C/C-03/report.md;agents/C/C-03/source-coverage.tsv;agents/C/C-04/equivalence.tsv;agents/C/C-04/report.md;agents/C/C-04/source-coverage.tsv	targeted:381-408; targeted_current:437-454; targeted_current:417-436; explicit-bounded-static-read:294-325; targeted:130-183; full:1-454; targeted:94-130; TARGETED_SECOND_REVIEW:218-246; TARGETED_SECOND_REVIEW:110-125; TARGETED_ROOT_SOURCE_SECOND_REVIEW:426-431
reference	8c5911e4a4b07b07e832e4bb0d5d8859e88b4a9b	Data/Scripts/003_Game processing/004_Interpreter_Commands.rb	script	WP13 矩阵	已覆盖（命令矩阵在案）	无具名行为剩余	MAPPED_REVIEWED_SCOPED; OPEN_REQUIRED_REVISION_LINKED	A;C;ROOT	agents/A/A-03/reading-log.tsv;agents/A/A-05/reading-log.tsv;agents/A/X-A-WP79-NA-AUDIT/reading-log.tsv;agents/C/C-02/reading-log.tsv;agents/C/C-03/reading-log.tsv;agents/C/C-04/reading-log.tsv;agents/C/C-05/reading-log.tsv;agents/C/C-06/reading-log.tsv;agents/C/X-C-ROOT-COVERAGE/reading-log.tsv;root/peer-reading-log.tsv	1180	1180	TRUE	仅认可所链接主审行为族与取证范围；整文件行段读完不等于每个分支/配置组合或运行结果已证。	GIR-FD82-C037;GIR-FD82-C038;GIR-FD82-C039;GIR-FD82-C040;GIR-FD82-C041;GIR-FD82-C042;GIR-FD82-C053;GIR-FD82-C058;GIR-FD82-C064;GIR-FD82-C067;GIR-FD82-C069;GIR-FD82-C077;GIR-FD82-C078	agents/A/A-03/equivalence.tsv;agents/A/A-03/report.md;agents/A/A-03/source-coverage.tsv;agents/A/A-05/equivalence.tsv;agents/A/A-05/report.md;agents/A/A-05/source-coverage.tsv;agents/A/X-A-WP79-NA-AUDIT/report.md;agents/A/X-A-WP79-NA-AUDIT/source-coverage.tsv;agents/C/C-02/equivalence.tsv;agents/C/C-02/report.md;agents/C/C-02/source-coverage.tsv;agents/C/C-03/equivalence.tsv;agents/C/C-03/report.md;agents/C/C-03/source-coverage.tsv;agents/C/C-04/equivalence.tsv;agents/C/C-04/report.md;agents/C/C-04/source-coverage.tsv;agents/C/C-05/equivalence.tsv;agents/C/C-05/report.md;agents/C/C-05/source-coverage.tsv;agents/C/C-06/equivalence.tsv;agents/C/C-06/report.md;agents/C/C-06/source-coverage.tsv	targeted:1094-1125; targeted_current:649-665; targeted_current:833-844;919-1021; targeted:392-441;1158-1180; full:1-1180; targeted:162-212;328-347;790-994;1022-1043; targeted:709-719;980-992; targeted:1090-1112;1138-1158; :640-656;923-987; TARGETED_SECOND_REVIEW:722-747; TARGETED_SECOND_REVIEW:1092-1117; TARGETED_SECOND_REVIEW:162-208;466-472; TARGETED_SECOND_REVIEW:392-453; TARGETED_SECOND_REVIEW:383-387; TARGETED_SECOND_REVIEW:1056-1062; TARGETED_SECOND_REVIEW:214-319; TARGETED_SECOND_REVIEW:1022-1037; TARGETED_SECOND_REVIEW:848-850; TARGETED_SECOND_REVIEW:814-827; TARGETED_SECOND_REVIEW:879-893; TARGETED_SECOND_REVIEW:833-842; TARGETED_SECOND_REVIEW:912-917
reference	8c5911e4a4b07b07e832e4bb0d5d8859e88b4a9b	Data/Scripts/003_Game processing/005_Event_Handlers.rb	script	WP05 §A（通知机制）	已覆盖（事件通知机制在案）	无具名行为剩余	MAPPED_REVIEWED_SCOPED; OPEN_REQUIRED_REVISION_LINKED	A;B;C;ROOT	agents/A/A-01/reading-log.tsv;agents/A/A-04/reading-log.tsv;agents/A/A-05/reading-log.tsv;agents/A/A-06/reading-log.tsv;agents/A/X-A-EDIT-CACHE/comparison-reading-log.tsv;agents/B/B-01/reading-log.tsv;agents/B/B-04/reading-log.tsv;agents/B/B-05/reading-log.tsv;agents/B/B-06/reading-log.tsv;agents/B/B-07/reading-log.tsv;agents/C/C-01-S1/reading-log.tsv;agents/C/C-05/reading-log.tsv;agents/C/C-06/reading-log.tsv;root/peer-reading-log.tsv	298	298	TRUE	仅认可所链接主审行为族与取证范围；整文件行段读完不等于每个分支/配置组合或运行结果已证。	GIR-FD82-B008;GIR-FD82-C013	agents/A/A-01/equivalence.tsv;agents/A/A-01/report.md;agents/A/A-01/source-coverage.tsv;agents/A/A-04/equivalence.tsv;agents/A/A-04/report.md;agents/A/A-04/source-coverage.tsv;agents/A/A-05/equivalence.tsv;agents/A/A-05/report.md;agents/A/A-05/source-coverage.tsv;agents/A/A-06/equivalence.tsv;agents/A/A-06/report.md;agents/A/A-06/source-coverage.tsv;agents/B/B-01/equivalence.tsv;agents/B/B-01/report.md;agents/B/B-01/source-coverage.tsv;agents/B/B-04/equivalence.tsv;agents/B/B-04/report.md;agents/B/B-04/source-coverage.tsv;agents/B/B-05/equivalence.tsv;agents/B/B-05/report.md;agents/B/B-05/source-coverage.tsv;agents/B/B-06/equivalence.tsv;agents/B/B-06/report.md;agents/B/B-06/source-coverage.tsv;agents/B/B-07/equivalence.tsv;agents/B/B-07/report.md;agents/B/B-07/source-coverage.tsv;agents/C/C-01-S1/equivalence.tsv;agents/C/C-01-S1/report.md;agents/C/C-01-S1/source-coverage.tsv;agents/C/C-05/equivalence.tsv;agents/C/C-05/report.md;agents/C/C-05/source-coverage.tsv;agents/C/C-06/equivalence.tsv;agents/C/C-06/report.md;agents/C/C-06/source-coverage.tsv	full:1-298; same_agent_named_reuse:A-01:1-298; same_agent_A-01_reuse:1-298; same_agent_named_reuse:1-298; :97–112; targeted:148-198;287-298; bounded-complete-families:97-200;284-298; reused-bounded-complete-families:97-200;284-298; bounded-reread:97-205;282-298; bounded-substantive:1-98; targeted-dependency:80-122; targeted:1-106;170-209;278-298; targeted:1-97; TARGETED_SECOND_REVIEW:154-160;192-195;294-295; TARGETED_SECOND_REVIEW:97-112; TARGETED_SECOND_REVIEW:148-160; TARGETED_SECOND_REVIEW:192-195
reference	8c5911e4a4b07b07e832e4bb0d5d8859e88b4a9b	Data/Scripts/003_Game processing/006_Event_HandlerCollections.rb	script	WP05 §A（通知机制）	已覆盖（事件通知集合在案）	无具名行为剩余	MAPPED_REVIEWED_SCOPED; OPEN_REQUIRED_REVISION_LINKED	A;B;C;ROOT	agents/A/A-01/reading-log.tsv;agents/A/A-05/reading-log.tsv;agents/A/X-A-EDIT-CACHE/reading-log.tsv;agents/B/B-07/reading-log.tsv;agents/C/C-01-S1/reading-log.tsv;agents/C/C-01/reading-log.tsv;agents/C/C-05/reading-log.tsv;agents/C/C-06/reading-log.tsv;agents/C/C-07/reading-log.tsv;root/peer-reading-log.tsv	123	123	TRUE	仅认可所链接主审行为族与取证范围；整文件行段读完不等于每个分支/配置组合或运行结果已证。	GIR-FD82-C013	agents/A/A-01/equivalence.tsv;agents/A/A-01/report.md;agents/A/A-01/source-coverage.tsv;agents/A/A-05/equivalence.tsv;agents/A/A-05/report.md;agents/A/A-05/source-coverage.tsv;agents/B/B-07/equivalence.tsv;agents/B/B-07/report.md;agents/B/B-07/source-coverage.tsv;agents/C/C-01-S1/equivalence.tsv;agents/C/C-01-S1/report.md;agents/C/C-01-S1/source-coverage.tsv;agents/C/C-01/equivalence.tsv;agents/C/C-01/report.md;agents/C/C-01/source-coverage.tsv;agents/C/C-05/equivalence.tsv;agents/C/C-05/report.md;agents/C/C-05/source-coverage.tsv;agents/C/C-06/equivalence.tsv;agents/C/C-06/report.md;agents/C/C-06/source-coverage.tsv;agents/C/C-07/equivalence.tsv;agents/C/C-07/report.md;agents/C/C-07/source-coverage.tsv	full:1-123; same_agent_A-01_reuse:1-123; SEMANTIC_TARGETED; exact cited ranges read:80–86,118–123; targeted:80-123; targeted-reread:80-123; targeted:1-103; targeted_static_dependency:78-123; TARGETED_SECOND_REVIEW:80-86;118-123
reference	8c5911e4a4b07b07e832e4bb0d5d8859e88b4a9b	Data/Scripts/004_Game classes/001_Game_Screen.rb	script	WP16 §C/D（屏幕效果/场景刷新）＋WP59 §B（世界天气显示管线）	已覆盖（屏幕合同在案）	无具名行为剩余	MAPPED_REVIEWED_SCOPED; OPEN_REQUIRED_REVISION_LINKED	A;B;C;ROOT	agents/A/A-07/reading-log.tsv;agents/A/X-A-C05-RECHECK/reading-log.tsv;agents/A/X-A-WP79-NA-AUDIT/reading-log.tsv;agents/B/X-B-C06-RECHECK/reading-log.tsv;agents/C/C-04/reading-log.tsv;agents/C/C-05/reading-log.tsv;agents/C/C-06/reading-log.tsv;agents/C/X-C-ROOT-COVERAGE/reading-log.tsv;root/peer-reading-log.tsv	134	134	TRUE	仅认可所链接主审行为族与取证范围；整文件行段读完不等于每个分支/配置组合或运行结果已证。	GIR-FD82-C067;GIR-FD82-C078;GIR-FD82-C106	agents/A/A-07/equivalence.tsv;agents/A/A-07/report.md;agents/A/A-07/source-coverage.tsv;agents/A/X-A-C05-RECHECK/equivalence.tsv;agents/A/X-A-C05-RECHECK/report.md;agents/A/X-A-C05-RECHECK/source-coverage.tsv;agents/A/X-A-WP79-NA-AUDIT/report.md;agents/A/X-A-WP79-NA-AUDIT/source-coverage.tsv;agents/B/X-B-C06-RECHECK/equivalence.tsv;agents/B/X-B-C06-RECHECK/report.md;agents/B/X-B-C06-RECHECK/source-coverage.tsv;agents/C/C-04/equivalence.tsv;agents/C/C-04/report.md;agents/C/C-04/source-coverage.tsv;agents/C/C-05/equivalence.tsv;agents/C/C-05/report.md;agents/C/C-05/source-coverage.tsv;agents/C/C-06/equivalence.tsv;agents/C/C-06/report.md;agents/C/C-06/source-coverage.tsv	targeted:1-83; fresh static semantic reading:1-75; targeted_current:1-41;110-126; explicit-bounded-static-read:123-126; full:1-134; targeted:113-134; :112-117; TARGETED_SECOND_REVIEW:38-46; TARGETED_SECOND_REVIEW:72-82; TARGETED_SECOND_REVIEW:58-63; TARGETED_SECOND_REVIEW:91-109; TARGETED_SECOND_REVIEW:132-134
reference	8c5911e4a4b07b07e832e4bb0d5d8859e88b4a9b	Data/Scripts/004_Game classes/001_Switches and Variables/001_Game_Temp.rb	script	WP39 §7（临时规则字典 $game_temp.battle_rules）＋WP06/WP09（临时状态边界）	已覆盖（临时状态合同在案）	无具名行为剩余	MAPPED_REVIEWED_SCOPED; OPEN_REQUIRED_REVISION_LINKED	A;B;C;ROOT	agents/A/A-06/reading-log.tsv;agents/B/B-07/reading-log.tsv;agents/B/B-08/reading-log.tsv;agents/C/C-05/reading-log.tsv;agents/C/C-06/reading-log.tsv;agents/C/C-07/reading-log.tsv;root/peer-reading-log.tsv	94	94	TRUE	仅认可所链接主审行为族与取证范围；整文件行段读完不等于每个分支/配置组合或运行结果已证。	GIR-FD82-B026	agents/A/A-06/equivalence.tsv;agents/A/A-06/report.md;agents/A/A-06/source-coverage.tsv;agents/B/B-07/equivalence.tsv;agents/B/B-07/report.md;agents/B/B-07/source-coverage.tsv;agents/B/B-08/equivalence.tsv;agents/B/B-08/report.md;agents/B/B-08/source-coverage.tsv;agents/C/C-05/equivalence.tsv;agents/C/C-05/report.md;agents/C/C-05/source-coverage.tsv;agents/C/C-06/equivalence.tsv;agents/C/C-06/report.md;agents/C/C-06/source-coverage.tsv;agents/C/C-07/equivalence.tsv;agents/C/C-07/report.md;agents/C/C-07/source-coverage.tsv	targeted_current:80-94; full:1-94; bounded-substantive:20-32; full-dependency:1-94; targeted_static_dependency:13-23;58-68; TARGETED_SECOND_REVIEW:25-26;69-72
reference	8c5911e4a4b07b07e832e4bb0d5d8859e88b4a9b	Data/Scripts/004_Game classes/001_Switches and Variables/002_Game_Switches.rb	script	WP13 §A（事件开关语义）＋WP09 §A（持久值登记）	已覆盖（开关合同在案）	无具名行为剩余	MAPPED_REVIEWED_SCOPED; OPEN_REQUIRED_REVISION_LINKED	A;C	agents/A/X-A-EDIT-CACHE/reading-log.tsv;agents/C/C-01/reading-log.tsv	25	25	TRUE	仅认可所链接主审行为族与取证范围；整文件行段读完不等于每个分支/配置组合或运行结果已证。	GIR-FD82-C002	agents/C/C-01/equivalence.tsv;agents/C/C-01/report.md;agents/C/C-01/source-coverage.tsv	SEMANTIC_TARGETED; exact cited ranges read:14–23; full:1-25
reference	8c5911e4a4b07b07e832e4bb0d5d8859e88b4a9b	Data/Scripts/004_Game classes/001_Switches and Variables/003_Game_Variables.rb	script	WP13 §A（事件变量语义）＋WP09 §A（持久值登记）	已覆盖（变量合同在案）	无具名行为剩余	MAPPED_REVIEWED_SCOPED	C	agents/C/C-01/reading-log.tsv;agents/C/C-08/reading-log.tsv	25	25	TRUE	仅认可所链接主审行为族与取证范围；整文件行段读完不等于每个分支/配置组合或运行结果已证。	-	agents/C/C-01/equivalence.tsv;agents/C/C-01/report.md;agents/C/C-01/source-coverage.tsv;agents/C/C-08/equivalence.tsv;agents/C/C-08/report.md;agents/C/C-08/source-coverage.tsv	full:1-25
reference	8c5911e4a4b07b07e832e4bb0d5d8859e88b4a9b	Data/Scripts/004_Game classes/001_Switches and Variables/004_Game_SelfSwitches.rb	script	WP13 §A（事件页与自开关语义）	已覆盖（自开关合同在案）	无具名行为剩余	MAPPED_REVIEWED_SCOPED	ROOT	root/peer-reading-log.tsv	24	24	TRUE	仅认可所链接主审行为族与取证范围；整文件行段读完不等于每个分支/配置组合或运行结果已证。	-	-	FULL_STATIC_REVERSE_REVIEW:1-24
reference	8c5911e4a4b07b07e832e4bb0d5d8859e88b4a9b	Data/Scripts/004_Game classes/002_Game_System.rb	script	WP09 §3–5	已覆盖（系统状态合同在案）	无具名行为剩余	MAPPED_REVIEWED_SCOPED; OPEN_REQUIRED_REVISION_LINKED	A;B;C;ROOT	agents/A/X-A-WP79-NA-AUDIT/reading-log.tsv;agents/B/X-B-C06-RECHECK/reading-log.tsv;agents/C/C-03/reading-log.tsv;agents/C/C-04/reading-log.tsv;agents/C/C-06/reading-log.tsv;agents/C/X-C-ROOT-COVERAGE/reading-log.tsv;root/peer-reading-log.tsv	287	287	TRUE	仅认可所链接主审行为族与取证范围；整文件行段读完不等于每个分支/配置组合或运行结果已证。	GIR-FD82-C042;GIR-FD82-C057;GIR-FD82-C058;GIR-FD82-C113	agents/A/X-A-WP79-NA-AUDIT/report.md;agents/A/X-A-WP79-NA-AUDIT/source-coverage.tsv;agents/B/X-B-C06-RECHECK/equivalence.tsv;agents/B/X-B-C06-RECHECK/report.md;agents/B/X-B-C06-RECHECK/source-coverage.tsv;agents/C/C-03/equivalence.tsv;agents/C/C-03/report.md;agents/C/C-03/source-coverage.tsv;agents/C/C-04/equivalence.tsv;agents/C/C-04/report.md;agents/C/C-04/source-coverage.tsv;agents/C/C-06/equivalence.tsv;agents/C/C-06/report.md;agents/C/C-06/source-coverage.tsv	targeted_current:263-287; explicit-bounded-static-read:140-148; explicit-bounded-static-read:170-177; explicit-bounded-static-read:187-203; explicit-bounded-static-read:228-235; targeted:225-255; full:1-287; targeted:39-105;131-203; :271-278; TARGETED_SECOND_REVIEW:247-249; TARGETED_SECOND_REVIEW:62-119; TARGETED_SECOND_REVIEW:170-216; TARGETED_SECOND_REVIEW:125-137; TARGETED_SECOND_REVIEW:223-232
reference	8c5911e4a4b07b07e832e4bb0d5d8859e88b4a9b	Data/Scripts/004_Game classes/003_Game_Picture.rb	script	图片命令已由 WP13 命令矩阵（231–235）覆盖	不适用（具名理由）	图片命令已由 WP13 命令矩阵（231–235）覆盖	OPEN_REQUIRED_REVISION_CONFIRMED	A;C;ROOT	agents/A/X-A-WP79-NA-AUDIT/reading-log.tsv;agents/C/C-04/reading-log.tsv;agents/C/X-C-ROOT-COVERAGE/reading-log.tsv;root/peer-reading-log.tsv;root/reading-supplement.tsv	166	166	TRUE	保留来源已知插值、两时钟、重设/删除与进行中请求边界；关联ROOT图片族，不另编号。	GIR-FD82-002;GIR-FD82-C067	agents/A/X-A-WP79-NA-AUDIT/report.md;agents/A/X-A-WP79-NA-AUDIT/source-coverage.tsv;agents/C/C-04/equivalence.tsv;agents/C/C-04/report.md;agents/C/C-04/source-coverage.tsv	full_current:1-166; full:1-166; :1-166; TARGETED_SECOND_REVIEW:113-121; TARGETED_SECOND_REVIEW:146-154; TARGETED_STATIC:1-166
reference	8c5911e4a4b07b07e832e4bb0d5d8859e88b4a9b	Data/Scripts/004_Game classes/004_Game_Map.rb	script	WP11 §3–5	已覆盖（地图合同在案）	无具名行为剩余	MAPPED_REVIEWED_SCOPED; OPEN_REQUIRED_REVISION_LINKED	A;B;C;ROOT	agents/A/A-05/reading-log.tsv;agents/A/A-07/reading-log.tsv;agents/A/X-A-C05-RECHECK/reading-log.tsv;agents/B/X-B-C06-RECHECK/reading-log.tsv;agents/C/C-03/reading-log.tsv;agents/C/C-04/reading-log.tsv;agents/C/C-05/reading-log.tsv;agents/C/C-06/reading-log.tsv;agents/C/C-07/reading-log.tsv;agents/C/C-08/reading-log.tsv;agents/C/X-C-ROOT-COVERAGE/reading-log.tsv;root/peer-reading-log.tsv	565	565	TRUE	仅认可所链接主审行为族与取证范围；整文件行段读完不等于每个分支/配置组合或运行结果已证。	GIR-FD82-C036;GIR-FD82-C052;GIR-FD82-C067;GIR-FD82-C098;GIR-FD82-C103	agents/A/A-05/equivalence.tsv;agents/A/A-05/report.md;agents/A/A-05/source-coverage.tsv;agents/A/A-07/equivalence.tsv;agents/A/A-07/report.md;agents/A/A-07/source-coverage.tsv;agents/A/X-A-C05-RECHECK/equivalence.tsv;agents/A/X-A-C05-RECHECK/report.md;agents/A/X-A-C05-RECHECK/source-coverage.tsv;agents/B/X-B-C06-RECHECK/equivalence.tsv;agents/B/X-B-C06-RECHECK/report.md;agents/B/X-B-C06-RECHECK/source-coverage.tsv;agents/C/C-03/equivalence.tsv;agents/C/C-03/report.md;agents/C/C-03/source-coverage.tsv;agents/C/C-04/equivalence.tsv;agents/C/C-04/report.md;agents/C/C-04/source-coverage.tsv;agents/C/C-05/equivalence.tsv;agents/C/C-05/report.md;agents/C/C-05/source-coverage.tsv;agents/C/C-06/equivalence.tsv;agents/C/C-06/report.md;agents/C/C-06/source-coverage.tsv;agents/C/C-07/equivalence.tsv;agents/C/C-07/report.md;agents/C/C-07/source-coverage.tsv;agents/C/C-08/equivalence.tsv;agents/C/C-08/report.md;agents/C/C-08/source-coverage.tsv	targeted_current:447-472; targeted:102-112; fresh static semantic reading:114-145;419-451; fresh static semantic reading:105-118; explicit-bounded-static-read:142-156; explicit-bounded-static-read:222-246; explicit-bounded-static-read:421-427; full:1-565; targeted:108-138;395-423;458-494; targeted:100-111;434-452; targeted:138-351;421-435; targeted_static_dependency:497-524; targeted:478-523; :89-109; TARGETED_SECOND_REVIEW:142-219; TARGETED_SECOND_REVIEW:222-246; TARGETED_SECOND_REVIEW:32-33; TARGETED_SECOND_REVIEW:398-418; TARGETED_SECOND_REVIEW:472-486; TARGETED_ROOT_ADJUDICATION_AFTER_SOURCE_PEER:113-132
reference	8c5911e4a4b07b07e832e4bb0d5d8859e88b4a9b	Data/Scripts/004_Game classes/005_Game_MapFactory.rb	script	WP11 §5	已覆盖（地图创建合同在案）	无具名行为剩余	MAPPED_REVIEWED_SCOPED; OPEN_REQUIRED_REVISION_LINKED	A;B;C;ROOT	agents/A/X-A-C05-RECHECK/reading-log.tsv;agents/B/B-07/reading-log.tsv;agents/C/C-01/reading-log.tsv;agents/C/C-03/reading-log.tsv;agents/C/C-05/reading-log.tsv;agents/C/C-06/reading-log.tsv;agents/C/X-C-ROOT-COVERAGE/reading-log.tsv;root/peer-reading-log.tsv	506	506	TRUE	仅认可所链接主审行为族与取证范围；整文件行段读完不等于每个分支/配置组合或运行结果已证。	GIR-FD82-C052;GIR-FD82-C094	agents/A/X-A-C05-RECHECK/equivalence.tsv;agents/A/X-A-C05-RECHECK/report.md;agents/A/X-A-C05-RECHECK/source-coverage.tsv;agents/B/B-07/equivalence.tsv;agents/B/B-07/report.md;agents/B/B-07/source-coverage.tsv;agents/C/C-01/equivalence.tsv;agents/C/C-01/report.md;agents/C/C-01/source-coverage.tsv;agents/C/C-03/equivalence.tsv;agents/C/C-03/report.md;agents/C/C-03/source-coverage.tsv;agents/C/C-05/equivalence.tsv;agents/C/C-05/report.md;agents/C/C-05/source-coverage.tsv;agents/C/C-06/equivalence.tsv;agents/C/C-06/report.md;agents/C/C-06/source-coverage.tsv	fresh static semantic reading:76-155; fresh static semantic reading:1-62;350-386; bounded-substantive:135-160; targeted:365-425; full:1-506; targeted:1-61;63-122;138-197;348-391; targeted:289-335; :130-158;340-362; TARGETED_SECOND_REVIEW:157-184; TARGETED_SECOND_REVIEW:95-114
reference	8c5911e4a4b07b07e832e4bb0d5d8859e88b4a9b	Data/Scripts/004_Game classes/006_Game_Character.rb	script	WP12 §B	已覆盖（移动合同在案）	无具名行为剩余	MAPPED_REVIEWED_SCOPED; OPEN_REQUIRED_REVISION_LINKED	B;C;ROOT	agents/B/X-B-C06-RECHECK/reading-log.tsv;agents/B/X-B-LIFE-STEP/reading-log.tsv;agents/C/C-03/reading-log.tsv;agents/C/C-05/reading-log.tsv;agents/C/C-06/reading-log.tsv;root/peer-reading-log.tsv	1023	1023	TRUE	仅认可所链接主审行为族与取证范围；整文件行段读完不等于每个分支/配置组合或运行结果已证。	GIR-FD82-C007;GIR-FD82-C036;GIR-FD82-C041;GIR-FD82-C049;GIR-FD82-C052;GIR-FD82-C054;GIR-FD82-C104	agents/B/X-B-C06-RECHECK/equivalence.tsv;agents/B/X-B-C06-RECHECK/report.md;agents/B/X-B-C06-RECHECK/source-coverage.tsv;agents/B/X-B-LIFE-STEP/report.md;agents/B/X-B-LIFE-STEP/source-coverage.tsv;agents/C/C-03/equivalence.tsv;agents/C/C-03/report.md;agents/C/C-03/source-coverage.tsv;agents/C/C-05/equivalence.tsv;agents/C/C-05/report.md;agents/C/C-05/source-coverage.tsv;agents/C/C-06/equivalence.tsv;agents/C/C-06/report.md;agents/C/C-06/source-coverage.tsv	explicit-bounded-static-read:893-910; explicit-bounded-static-read:935-991; explicit-bounded-static-read:357-379; explicit-bounded-static-read:423-481; explicit-bounded-static-read:911-934; bounded:969-988; full:1-1023; targeted:780-821; targeted:357-379;423-481;595-679;798-992; TARGETED_SECOND_REVIEW:237-257; TARGETED_SECOND_REVIEW:473-491;912-917; TARGETED_SECOND_REVIEW:260-298;405-424;584-637;660-744; TARGETED_SECOND_REVIEW:237-248; TARGETED_SECOND_REVIEW:893-922; TARGETED_EXTENSION_REVIEW:539-546
reference	8c5911e4a4b07b07e832e4bb0d5d8859e88b4a9b	Data/Scripts/004_Game classes/007_Game_Event.rb	script	WP13 §A	已覆盖（事件页合同在案）	无具名行为剩余	MAPPED_REVIEWED_SCOPED; OPEN_REQUIRED_REVISION_LINKED	B;C;ROOT	agents/B/B-01/reading-log.tsv;agents/C/C-02/reading-log.tsv;agents/C/C-03/reading-log.tsv;root/peer-reading-log.tsv	302	302	TRUE	仅认可所链接主审行为族与取证范围；整文件行段读完不等于每个分支/配置组合或运行结果已证。	GIR-FD82-B009;GIR-FD82-C030;WP80-INTAKE-R01	agents/B/B-01/equivalence.tsv;agents/B/B-01/report.md;agents/B/B-01/source-coverage.tsv;agents/C/C-02/equivalence.tsv;agents/C/C-02/report.md;agents/C/C-02/source-coverage.tsv;agents/C/C-03/equivalence.tsv;agents/C/C-03/report.md;agents/C/C-03/source-coverage.tsv	targeted-search:142-162; targeted:150-184;186-233; full:1-302; TARGETED_SECOND_REVIEW:142-162; TARGETED_SECOND_REVIEW:197-225; TARGETED_EXTENSION_REVIEW:160-180; TARGETED_EXTENSION_REVIEW:16-19;160-178
reference	8c5911e4a4b07b07e832e4bb0d5d8859e88b4a9b	Data/Scripts/004_Game classes/008_Game_Player.rb	script	WP12 §B–D	已覆盖（玩家移动合同在案）	无具名行为剩余	MAPPED_REVIEWED_SCOPED; OPEN_REQUIRED_REVISION_LINKED	A;B;C;ROOT	agents/A/A-02/reading-log.tsv;agents/A/A-05/reading-log.tsv;agents/A/A-06/reading-log.tsv;agents/A/X-A-C05-RECHECK/reading-log.tsv;agents/B/B-01/reading-log.tsv;agents/B/X-B-C06-RECHECK/reading-log.tsv;agents/B/X-B-LIFE-STEP/reading-log.tsv;agents/C/C-03/reading-log.tsv;agents/C/C-05/reading-log.tsv;agents/C/C-06/reading-log.tsv;root/peer-reading-log.tsv	616	616	TRUE	仅认可所链接主审行为族与取证范围；整文件行段读完不等于每个分支/配置组合或运行结果已证。	GIR-FD82-B009;GIR-FD82-C035;GIR-FD82-C050;GIR-FD82-C052;GIR-FD82-C054;GIR-FD82-C087;GIR-FD82-C104	agents/A/A-02/equivalence.tsv;agents/A/A-02/report.md;agents/A/A-02/source-coverage.tsv;agents/A/A-05/equivalence.tsv;agents/A/A-05/report.md;agents/A/A-05/source-coverage.tsv;agents/A/A-06/equivalence.tsv;agents/A/A-06/report.md;agents/A/A-06/source-coverage.tsv;agents/A/X-A-C05-RECHECK/equivalence.tsv;agents/A/X-A-C05-RECHECK/report.md;agents/A/X-A-C05-RECHECK/source-coverage.tsv;agents/B/B-01/equivalence.tsv;agents/B/B-01/report.md;agents/B/B-01/source-coverage.tsv;agents/B/X-B-C06-RECHECK/equivalence.tsv;agents/B/X-B-C06-RECHECK/report.md;agents/B/X-B-C06-RECHECK/source-coverage.tsv;agents/B/X-B-LIFE-STEP/report.md;agents/B/X-B-LIFE-STEP/source-coverage.tsv;agents/C/C-03/equivalence.tsv;agents/C/C-03/report.md;agents/C/C-03/source-coverage.tsv;agents/C/C-05/equivalence.tsv;agents/C/C-05/report.md;agents/C/C-05/source-coverage.tsv;agents/C/C-06/equivalence.tsv;agents/C/C-06/report.md;agents/C/C-06/source-coverage.tsv	targeted:110-175;591-616; targeted_current:43-63;90-135;580-616; targeted_current:1-65; fresh static semantic reading:205-223; targeted:273-334; explicit-bounded-static-read:416-428; explicit-bounded-static-read:460-499; explicit-bounded-static-read:543-553; explicit-bounded-static-read:429-460; bounded:169-190;527-558; full:1-616; targeted:30-55;135-191;205-304;587-616; targeted:166-190;405-558; TARGETED_SECOND_REVIEW:284-297; TARGETED_SECOND_REVIEW:587-598; TARGETED_SECOND_REVIEW:431-457; TARGETED_SECOND_REVIEW:238-250; TARGETED_SECOND_REVIEW:431-458
reference	8c5911e4a4b07b07e832e4bb0d5d8859e88b4a9b	Data/Scripts/004_Game classes/009_Game_CommonEvent.rb	script	WP13 §A–B	已覆盖（公共事件合同在案）	无具名行为剩余	MAPPED_REVIEWED_SCOPED	A;C	agents/A/A-05/reading-log.tsv;agents/C/C-03/reading-log.tsv	56	56	TRUE	仅认可所链接主审行为族与取证范围；整文件行段读完不等于每个分支/配置组合或运行结果已证。	-	agents/A/A-05/equivalence.tsv;agents/A/A-05/report.md;agents/A/A-05/source-coverage.tsv;agents/C/C-03/equivalence.tsv;agents/C/C-03/report.md;agents/C/C-03/source-coverage.tsv	full_current:1-56; full:1-56
reference	8c5911e4a4b07b07e832e4bb0d5d8859e88b4a9b	Data/Scripts/004_Game classes/010_Game_Follower.rb	script	WP13 §D	已覆盖（跟随合同在案）	无具名行为剩余	MAPPED_REVIEWED_SCOPED	C	agents/C/C-03/reading-log.tsv	215	215	TRUE	仅认可所链接主审行为族与取证范围；整文件行段读完不等于每个分支/配置组合或运行结果已证。	-	agents/C/C-03/equivalence.tsv;agents/C/C-03/report.md;agents/C/C-03/source-coverage.tsv	full:1-215
reference	8c5911e4a4b07b07e832e4bb0d5d8859e88b4a9b	Data/Scripts/004_Game classes/011_Game_FollowerFactory.rb	script	WP13 §D	已覆盖（跟随工厂合同在案）	无具名行为剩余	MAPPED_REVIEWED_SCOPED; OPEN_REQUIRED_REVISION_LINKED	C;ROOT	agents/C/C-03/reading-log.tsv;agents/C/C-06/reading-log.tsv;root/peer-reading-log.tsv	390	390	TRUE	仅认可所链接主审行为族与取证范围；整文件行段读完不等于每个分支/配置组合或运行结果已证。	GIR-FD82-C051	agents/C/C-03/equivalence.tsv;agents/C/C-03/report.md;agents/C/C-03/source-coverage.tsv;agents/C/C-06/equivalence.tsv;agents/C/C-06/report.md;agents/C/C-06/source-coverage.tsv	full:1-390; targeted:350-377; TARGETED_SECOND_REVIEW:193-238;242-273; TARGETED_SECOND_REVIEW:371-392
reference	8c5911e4a4b07b07e832e4bb0d5d8859e88b4a9b	Data/Scripts/004_Game classes/012_Game_Stats.rb	script	WP06 §4＋WP09 §A	已覆盖（统计合同在案）	无具名行为剩余	MAPPED_REVIEWED_SCOPED; OPEN_REQUIRED_REVISION_LINKED	A;C;ROOT	agents/A/A-02/reading-log.tsv;agents/A/A-06/reading-log.tsv;agents/A/A-07/reading-log.tsv;agents/A/A-08/reading-log.tsv;agents/C/C-06/reading-log.tsv;agents/C/C-07/reading-log.tsv;agents/C/C-08/reading-log.tsv;root/peer-reading-log.tsv	200	200	TRUE	仅认可所链接主审行为族与取证范围；整文件行段读完不等于每个分支/配置组合或运行结果已证。	GIR-FD82-A016	agents/A/A-02/equivalence.tsv;agents/A/A-02/report.md;agents/A/A-02/source-coverage.tsv;agents/A/A-06/equivalence.tsv;agents/A/A-06/report.md;agents/A/A-06/source-coverage.tsv;agents/A/A-07/equivalence.tsv;agents/A/A-07/report.md;agents/A/A-07/source-coverage.tsv;agents/A/A-08/equivalence.tsv;agents/A/A-08/report.md;agents/A/A-08/source-coverage.tsv;agents/C/C-06/equivalence.tsv;agents/C/C-06/report.md;agents/C/C-06/source-coverage.tsv;agents/C/C-07/equivalence.tsv;agents/C/C-07/report.md;agents/C/C-07/source-coverage.tsv;agents/C/C-08/equivalence.tsv;agents/C/C-08/report.md;agents/C/C-08/source-coverage.tsv	full:1-200; same_agent_named_reuse:1-200; full_reused:1-200; targeted:1-70; targeted:1-153; targeted_static_dependency:130-177; targeted:16-57;93-138; TARGETED_SECOND_REVIEW:145-179
reference	8c5911e4a4b07b07e832e4bb0d5d8859e88b4a9b	Data/Scripts/005_Sprites/001_Sprite_Picture.rb	script	精灵原语	不适用（具名理由）	精灵原语——可观察行为已由 WP15/WP16 覆盖，不逐类提取	OPEN_REQUIRED_REVISION_CONFIRMED	A;C;ROOT	agents/A/X-A-WP79-NA-AUDIT/reading-log.tsv;agents/C/C-04/reading-log.tsv;agents/C/X-C-ROOT-COVERAGE/reading-log.tsv;root/reading-supplement.tsv	58	58	TRUE	实际显示矩形/原点/排序接入ROOT图片族；资源缺失按具体包装另受C061影响。	GIR-FD82-002;GIR-FD82-C061	agents/A/X-A-WP79-NA-AUDIT/report.md;agents/A/X-A-WP79-NA-AUDIT/source-coverage.tsv;agents/C/C-04/equivalence.tsv;agents/C/C-04/report.md;agents/C/C-04/source-coverage.tsv	full_current:1-58; full:1-58; :1-58; TARGETED_STATIC:1-58
reference	8c5911e4a4b07b07e832e4bb0d5d8859e88b4a9b	Data/Scripts/005_Sprites/002_Sprite_Timer.rb	script	同上	不适用（具名理由）	同上	OPEN_REQUIRED_REVISION_CONFIRMED	A;C;ROOT	agents/A/X-A-WP79-NA-AUDIT/reading-log.tsv;agents/C/C-04/reading-log.tsv;agents/C/X-C-ROOT-COVERAGE/reading-log.tsv;root/peer-reading-log.tsv;root/reading-supplement.tsv	45	45	TRUE	显示内容/状态关联ROOT002；层次错误另关联C068，不合并掉其独立根因。	GIR-FD82-002;GIR-FD82-C068	agents/A/X-A-WP79-NA-AUDIT/report.md;agents/A/X-A-WP79-NA-AUDIT/source-coverage.tsv;agents/C/C-04/equivalence.tsv;agents/C/C-04/report.md;agents/C/C-04/source-coverage.tsv	full_current:1-45; full:1-45; :1-45; TARGETED_SECOND_REVIEW:19-38; TARGETED_SECOND_REVIEW:1-8; TARGETED_STATIC:1-45
reference	8c5911e4a4b07b07e832e4bb0d5d8859e88b4a9b	Data/Scripts/005_Sprites/003_Sprite_Character.rb	script	WP15 §A–C＋WP16 §3–6	已覆盖（资源/渲染可观察行为在案；4 个原语不适用）	4 个原语不适用	MAPPED_REVIEWED_SCOPED; OPEN_REQUIRED_REVISION_LINKED	A;C;ROOT	agents/A/X-A-WP79-NA-AUDIT/reading-log.tsv;agents/C/C-03/reading-log.tsv;agents/C/C-04/reading-log.tsv;root/peer-reading-log.tsv	187	187	TRUE	仅认可所链接主审行为族与取证范围；整文件行段读完不等于每个分支/配置组合或运行结果已证。	GIR-FD82-C063;GIR-FD82-C064	agents/A/X-A-WP79-NA-AUDIT/report.md;agents/A/X-A-WP79-NA-AUDIT/source-coverage.tsv;agents/C/C-03/equivalence.tsv;agents/C/C-03/report.md;agents/C/C-03/source-coverage.tsv;agents/C/C-04/equivalence.tsv;agents/C/C-04/report.md;agents/C/C-04/source-coverage.tsv	targeted_current:167-187; targeted:138-155; full:1-187; TARGETED_SECOND_REVIEW:30-56; TARGETED_SECOND_REVIEW:114-153; TARGETED_SECOND_REVIEW:142-185
reference	8c5911e4a4b07b07e832e4bb0d5d8859e88b4a9b	Data/Scripts/005_Sprites/004_Sprite_Reflection.rb	script	WP15 §A–C＋WP16 §3–6	已覆盖（资源/渲染可观察行为在案；4 个原语不适用）	4 个原语不适用	MAPPED_REVIEWED_SCOPED; OPEN_REQUIRED_REVISION_LINKED	C;ROOT	agents/C/C-04/reading-log.tsv;root/peer-reading-log.tsv	89	89	TRUE	仅认可所链接主审行为族与取证范围；整文件行段读完不等于每个分支/配置组合或运行结果已证。	GIR-FD82-C003;GIR-FD82-C065	agents/C/C-04/equivalence.tsv;agents/C/C-04/report.md;agents/C/C-04/source-coverage.tsv	full:1-89; TARGETED_SECOND_REVIEW:54-86; TARGETED_EXTENSION_REVIEW:9-12; TARGETED_EXTENSION_REVIEW:57-83
reference	8c5911e4a4b07b07e832e4bb0d5d8859e88b4a9b	Data/Scripts/005_Sprites/005_Sprite_SurfBase.rb	script	WP15 §A–C＋WP16 §3–6	已覆盖（资源/渲染可观察行为在案；4 个原语不适用）	4 个原语不适用	MAPPED_REVIEWED_SCOPED; OPEN_REQUIRED_REVISION_LINKED	C;ROOT	agents/C/C-04/reading-log.tsv;root/peer-reading-log.tsv	91	91	TRUE	仅认可所链接主审行为族与取证范围；整文件行段读完不等于每个分支/配置组合或运行结果已证。	GIR-FD82-C064	agents/C/C-04/equivalence.tsv;agents/C/C-04/report.md;agents/C/C-04/source-coverage.tsv	full:1-91; TARGETED_SECOND_REVIEW:43-90
reference	8c5911e4a4b07b07e832e4bb0d5d8859e88b4a9b	Data/Scripts/005_Sprites/006_Spriteset_Global.rb	script	WP15 §A–C＋WP16 §3–6	已覆盖（资源/渲染可观察行为在案；4 个原语不适用）	4 个原语不适用	MAPPED_REVIEWED_SCOPED; OPEN_REQUIRED_REVISION_LINKED	A;C;ROOT	agents/A/X-A-C05-RECHECK/reading-log.tsv;agents/A/X-A-WP79-NA-AUDIT/reading-log.tsv;agents/C/C-04/reading-log.tsv;agents/C/C-05/reading-log.tsv;agents/C/X-C-ROOT-COVERAGE/reading-log.tsv;root/peer-reading-log.tsv	56	56	TRUE	仅认可所链接主审行为族与取证范围；整文件行段读完不等于每个分支/配置组合或运行结果已证。	GIR-FD82-C068;GIR-FD82-C094	agents/A/X-A-C05-RECHECK/equivalence.tsv;agents/A/X-A-C05-RECHECK/report.md;agents/A/X-A-C05-RECHECK/source-coverage.tsv;agents/A/X-A-WP79-NA-AUDIT/report.md;agents/A/X-A-WP79-NA-AUDIT/source-coverage.tsv;agents/C/C-04/equivalence.tsv;agents/C/C-04/report.md;agents/C/C-04/source-coverage.tsv;agents/C/C-05/equivalence.tsv;agents/C/C-05/report.md;agents/C/C-05/source-coverage.tsv	fresh static semantic reading:1-56; targeted_current:1-56; full:1-56; :1-56; TARGETED_SECOND_REVIEW:4-17
reference	8c5911e4a4b07b07e832e4bb0d5d8859e88b4a9b	Data/Scripts/005_Sprites/007_Spriteset_Map.rb	script	WP15 §A–C＋WP16 §3–6	已覆盖（资源/渲染可观察行为在案；4 个原语不适用）	4 个原语不适用	MAPPED_REVIEWED_SCOPED	A;C	agents/A/X-A-WP79-NA-AUDIT/reading-log.tsv;agents/C/C-04/reading-log.tsv;agents/C/X-C-ROOT-COVERAGE/reading-log.tsv	131	131	TRUE	仅认可所链接主审行为族与取证范围；整文件行段读完不等于每个分支/配置组合或运行结果已证。	-	agents/A/X-A-WP79-NA-AUDIT/report.md;agents/A/X-A-WP79-NA-AUDIT/source-coverage.tsv;agents/C/C-04/equivalence.tsv;agents/C/C-04/report.md;agents/C/C-04/source-coverage.tsv	targeted_current:37-126; full:1-131; :52-81
reference	8c5911e4a4b07b07e832e4bb0d5d8859e88b4a9b	Data/Scripts/005_Sprites/008_Sprite_AnimationSprite.rb	script	同上	不适用（具名理由）	同上	OPEN_REQUIRED_REVISION_CONFIRMED	A;C;ROOT	agents/A/X-A-WP79-NA-AUDIT/reading-log.tsv;agents/C/C-04/reading-log.tsv;agents/C/X-C-ROOT-COVERAGE/reading-log.tsv;root/peer-reading-log.tsv	331	331	TRUE	按C077补行为合同；不复制内部16个精灵分配结构。	GIR-FD82-C077	agents/A/X-A-WP79-NA-AUDIT/report.md;agents/A/X-A-WP79-NA-AUDIT/source-coverage.tsv;agents/C/C-04/equivalence.tsv;agents/C/C-04/report.md;agents/C/C-04/source-coverage.tsv	full_current:1-331; full:1-331; :292-331; TARGETED_SECOND_REVIEW:31-95; TARGETED_SECOND_REVIEW:135-167; TARGETED_SECOND_REVIEW:170-233; TARGETED_SECOND_REVIEW:263-331; TARGETED_SECOND_REVIEW:1-31
reference	8c5911e4a4b07b07e832e4bb0d5d8859e88b4a9b	Data/Scripts/005_Sprites/009_Sprite_DynamicShadows.rb	script	WP15 §A–C＋WP16 §3–6	已覆盖（资源/渲染可观察行为在案；4 个原语不适用）	4 个原语不适用	MAPPED_REVIEWED_SCOPED; OPEN_REQUIRED_REVISION_LINKED	A;C;ROOT	agents/A/X-A-WP79-NA-AUDIT/reading-log.tsv;agents/C/C-04/reading-log.tsv;root/peer-reading-log.tsv	239	239	TRUE	仅认可所链接主审行为族与取证范围；整文件行段读完不等于每个分支/配置组合或运行结果已证。	GIR-FD82-C066	agents/A/X-A-WP79-NA-AUDIT/report.md;agents/A/X-A-WP79-NA-AUDIT/source-coverage.tsv;agents/C/C-04/equivalence.tsv;agents/C/C-04/report.md;agents/C/C-04/source-coverage.tsv	targeted_current:1-34;68-95;105-125;129-148;178-199; full:1-239; TARGETED_SECOND_REVIEW:10-18; TARGETED_SECOND_REVIEW:26-30; TARGETED_SECOND_REVIEW:133-147; TARGETED_SECOND_REVIEW:178-198; TARGETED_SECOND_REVIEW:219-239; TARGETED_SECOND_REVIEW:90-118
reference	8c5911e4a4b07b07e832e4bb0d5d8859e88b4a9b	Data/Scripts/005_Sprites/010_PictureEx.rb	script	WP15 §A–C＋WP16 §3–6	已覆盖（资源/渲染可观察行为在案；4 个原语不适用）	4 个原语不适用	MAPPED_PARTIAL_SOURCE_REVIEW; OPEN_REQUIRED_REVISION_LINKED	A;B;C;ROOT	agents/A/A-07/reading-log.tsv;agents/B/X-B-C06-RECHECK/reading-log.tsv;agents/C/C-06/reading-log.tsv;root/peer-reading-log.tsv	398	548	TRUE	具名主审/依赖行为已审；未读行段及未解析阅读描述保留，不能把整个脚本声明审完。	GIR-FD82-A050;GIR-FD82-C114	agents/A/A-07/equivalence.tsv;agents/A/A-07/report.md;agents/A/A-07/source-coverage.tsv;agents/B/X-B-C06-RECHECK/equivalence.tsv;agents/B/X-B-C06-RECHECK/report.md;agents/B/X-B-C06-RECHECK/source-coverage.tsv;agents/C/C-06/equivalence.tsv;agents/C/C-06/report.md;agents/C/C-06/source-coverage.tsv	targeted:290-330;350-524; explicit-bounded-static-read:362-406; explicit-bounded-static-read:432-456; targeted:83-192;215-262;304-324;347-545; TARGETED_SECOND_REVIEW:290-322; TARGETED_SECOND_REVIEW:362-459; TARGETED_SECOND_REVIEW:483-508
reference	8c5911e4a4b07b07e832e4bb0d5d8859e88b4a9b	Data/Scripts/005_Sprites/011_ScreenPosHelper.rb	script	同上	不适用（具名理由）	同上	NOT_APPLICABLE_INTERNAL_ORGANIZATION_SCOPED	A;C;ROOT	agents/A/X-A-WP79-NA-AUDIT/reading-log.tsv;agents/C/C-04/reading-log.tsv;root/peer-reading-log.tsv	43	43	TRUE	作为适配器可不另立规格；不能因此把上游阴影创建失败C066或灯光ROOT002标完成。	GIR-FD82-002;GIR-FD82-C066	agents/A/X-A-WP79-NA-AUDIT/report.md;agents/A/X-A-WP79-NA-AUDIT/source-coverage.tsv;agents/C/C-04/equivalence.tsv;agents/C/C-04/report.md;agents/C/C-04/source-coverage.tsv	full_current:1-43; full-dependency:1-43; TARGETED_SECOND_REVIEW:10-16
reference	8c5911e4a4b07b07e832e4bb0d5d8859e88b4a9b	Data/Scripts/006_Map renderer/001_TilemapRenderer.rb	script	WP16 §3	已覆盖（地图绘制可观察行为在案；2 个辅助不适用）	2 个辅助不适用	MAPPED_REVIEWED_SCOPED; OPEN_REQUIRED_REVISION_LINKED	A;C;ROOT	agents/A/X-A-WP79-NA-AUDIT/reading-log.tsv;agents/C/C-04/reading-log.tsv;root/peer-reading-log.tsv	620	620	TRUE	仅认可所链接主审行为族与取证范围；整文件行段读完不等于每个分支/配置组合或运行结果已证。	GIR-FD82-C062	agents/A/X-A-WP79-NA-AUDIT/report.md;agents/A/X-A-WP79-NA-AUDIT/source-coverage.tsv;agents/C/C-04/equivalence.tsv;agents/C/C-04/report.md;agents/C/C-04/source-coverage.tsv	targeted_current:1-37;63-95;131-188; full:1-620; TARGETED_SECOND_REVIEW:140-179
reference	8c5911e4a4b07b07e832e4bb0d5d8859e88b4a9b	Data/Scripts/006_Map renderer/002_TilesetWrapper.rb	script	地图渲染辅助	不适用（具名理由）	地图渲染辅助——WP16 §3 地图绘制已覆盖	SCOPED_INTERNAL_EXCLUSION; HOST_COMPATIBILITY_REMAINDER	A;C;ROOT	agents/A/X-A-WP79-NA-AUDIT/reading-log.tsv;agents/C/C-04/reading-log.tsv;root/peer-reading-log.tsv	97	97	TRUE	NA仅适用于内部重排组织；可接受资源范围及超长拒绝不能用“已覆盖地图绘制”抹去。若维持参考资产兼容，应补标准源宽/过大失败，实际宿主限额保持未验证。 ROOT不另立必修，具名宿主尺寸剩余详见root/wp79-na-residual-disposition.md。	-	agents/A/X-A-WP79-NA-AUDIT/report.md;agents/A/X-A-WP79-NA-AUDIT/source-coverage.tsv;agents/C/C-04/equivalence.tsv;agents/C/C-04/report.md;agents/C/C-04/source-coverage.tsv	full_current:1-97; full:1-97; TARGETED_ROOT_SECOND_REVIEW:1-97
reference	8c5911e4a4b07b07e832e4bb0d5d8859e88b4a9b	Data/Scripts/006_Map renderer/003_AutotileExpander.rb	script	同上	不适用（具名理由）	同上	OPEN_REQUIRED_REVISION_CONFIRMED	A;C;ROOT	agents/A/X-A-WP79-NA-AUDIT/reading-log.tsv;agents/C/C-04/reading-log.tsv;root/peer-reading-log.tsv	72	72	TRUE	关联C062；48图样/源布局用独立数据约束而非Ruby展开流程。	GIR-FD82-C062	agents/A/X-A-WP79-NA-AUDIT/report.md;agents/A/X-A-WP79-NA-AUDIT/source-coverage.tsv;agents/C/C-04/equivalence.tsv;agents/C/C-04/report.md;agents/C/C-04/source-coverage.tsv	full_current:1-72; full:1-72; TARGETED_SECOND_REVIEW:9-21
reference	8c5911e4a4b07b07e832e4bb0d5d8859e88b4a9b	Data/Scripts/006_Map renderer/004_TileDrawingHelper.rb	script	WP16 §3	已覆盖（地图绘制可观察行为在案；2 个辅助不适用）	2 个辅助不适用	MAPPED_REVIEWED_SCOPED; OPEN_REQUIRED_REVISION_LINKED	A;C;ROOT	agents/A/X-A-WP79-NA-AUDIT/reading-log.tsv;agents/C/C-03/reading-log.tsv;agents/C/C-04/reading-log.tsv;root/peer-reading-log.tsv	241	241	TRUE	仅认可所链接主审行为族与取证范围；整文件行段读完不等于每个分支/配置组合或运行结果已证。	GIR-FD82-C048;GIR-FD82-C062	agents/A/X-A-WP79-NA-AUDIT/report.md;agents/A/X-A-WP79-NA-AUDIT/source-coverage.tsv;agents/C/C-03/equivalence.tsv;agents/C/C-03/report.md;agents/C/C-03/source-coverage.tsv;agents/C/C-04/equivalence.tsv;agents/C/C-04/report.md;agents/C/C-04/source-coverage.tsv	targeted_current:76-140; targeted:1-108; full:1-241; TARGETED_SECOND_REVIEW:21-73; TARGETED_SECOND_REVIEW:105-125
reference	8c5911e4a4b07b07e832e4bb0d5d8859e88b4a9b	Data/Scripts/007_Objects and windows/001_RPG_Cache.rb	script	WP17 §3–7＋WP15 §C	已覆盖（消息/窗口/资源合同在案）	无具名行为剩余	MAPPED_REVIEWED_SCOPED; OPEN_REQUIRED_REVISION_LINKED	C;ROOT	agents/C/C-02/reading-log.tsv;agents/C/C-04/reading-log.tsv;root/peer-reading-log.tsv	144	144	TRUE	仅认可所链接主审行为族与取证范围；整文件行段读完不等于每个分支/配置组合或运行结果已证。	GIR-FD82-003	agents/C/C-02/equivalence.tsv;agents/C/C-02/report.md;agents/C/C-02/source-coverage.tsv;agents/C/C-04/equivalence.tsv;agents/C/C-04/report.md;agents/C/C-04/source-coverage.tsv	full:1-144; TARGETED_EXTENSION_REVIEW:38-64; TARGETED_EXTENSION_REVIEW:116-143
reference	8c5911e4a4b07b07e832e4bb0d5d8859e88b4a9b	Data/Scripts/007_Objects and windows/002_MessageConfig.rb	script	WP17 §3–7＋WP15 §C	已覆盖（消息/窗口/资源合同在案）	无具名行为剩余	MAPPED_REVIEWED_SCOPED; OPEN_REQUIRED_REVISION_LINKED	A;C;ROOT	agents/A/A-05/reading-log.tsv;agents/A/A-07/reading-log.tsv;agents/A/X-A-EDIT-CACHE/comparison-reading-log.tsv;agents/A/X-A-WP79-NA-AUDIT/reading-log.tsv;agents/C/C-01/reading-log.tsv;agents/C/C-04/reading-log.tsv;agents/C/C-08/reading-log.tsv;root/peer-reading-log.tsv	814	814	TRUE	仅认可所链接主审行为族与取证范围；整文件行段读完不等于每个分支/配置组合或运行结果已证。	GIR-FD82-C005;GIR-FD82-C076	agents/A/A-05/equivalence.tsv;agents/A/A-05/report.md;agents/A/A-05/source-coverage.tsv;agents/A/A-07/equivalence.tsv;agents/A/A-07/report.md;agents/A/A-07/source-coverage.tsv;agents/A/X-A-WP79-NA-AUDIT/report.md;agents/A/X-A-WP79-NA-AUDIT/source-coverage.tsv;agents/C/C-01/equivalence.tsv;agents/C/C-01/report.md;agents/C/C-01/source-coverage.tsv;agents/C/C-04/equivalence.tsv;agents/C/C-04/report.md;agents/C/C-04/source-coverage.tsv;agents/C/C-08/equivalence.tsv;agents/C/C-08/report.md;agents/C/C-08/source-coverage.tsv	targeted_current:465-530;620-716; targeted:514-526;643-663; :544–591; targeted_current:726-778; targeted:550-593; full:1-814; targeted:559-659; TARGETED_SECOND_REVIEW:9-12
reference	8c5911e4a4b07b07e832e4bb0d5d8859e88b4a9b	Data/Scripts/007_Objects and windows/003_Window.rb	script	WP17 §3–7＋WP15 §C	已覆盖（消息/窗口/资源合同在案）	无具名行为剩余	MAPPED_REVIEWED_SCOPED	C	agents/C/C-04/reading-log.tsv	605	605	TRUE	仅认可所链接主审行为族与取证范围；整文件行段读完不等于每个分支/配置组合或运行结果已证。	-	agents/C/C-04/equivalence.tsv;agents/C/C-04/report.md;agents/C/C-04/source-coverage.tsv	full:1-605
reference	8c5911e4a4b07b07e832e4bb0d5d8859e88b4a9b	Data/Scripts/007_Objects and windows/004_SpriteWindow.rb	script	WP17 §3–7＋WP15 §C	已覆盖（消息/窗口/资源合同在案）	无具名行为剩余	MAPPED_REVIEWED_SCOPED; OPEN_REQUIRED_REVISION_LINKED	C;ROOT	agents/C/C-04/reading-log.tsv;root/peer-reading-log.tsv	925	925	TRUE	仅认可所链接主审行为族与取证范围；整文件行段读完不等于每个分支/配置组合或运行结果已证。	GIR-FD82-C068	agents/C/C-04/equivalence.tsv;agents/C/C-04/report.md;agents/C/C-04/source-coverage.tsv	full:1-925; TARGETED_SECOND_REVIEW:537-545
reference	8c5911e4a4b07b07e832e4bb0d5d8859e88b4a9b	Data/Scripts/007_Objects and windows/005_SpriteWindow_text.rb	script	WP17 §3–7＋WP15 §C	已覆盖（消息/窗口/资源合同在案）	无具名行为剩余	MAPPED_REVIEWED_SCOPED; OPEN_REQUIRED_REVISION_LINKED	A;C;ROOT	agents/A/X-A-WP79-NA-AUDIT/reading-log.tsv;agents/C/C-01-S2/reading-log.tsv;agents/C/C-02/reading-log.tsv;agents/C/C-04/reading-log.tsv;agents/C/C-07/reading-log.tsv;root/peer-reading-log.tsv	1372	1372	TRUE	仅认可所链接主审行为族与取证范围；整文件行段读完不等于每个分支/配置组合或运行结果已证。	GIR-FD82-006;GIR-FD82-C070;GIR-FD82-C071	agents/A/X-A-WP79-NA-AUDIT/report.md;agents/A/X-A-WP79-NA-AUDIT/source-coverage.tsv;agents/C/C-01-S2/equivalence.tsv;agents/C/C-01-S2/report.md;agents/C/C-01-S2/source-coverage.tsv;agents/C/C-02/equivalence.tsv;agents/C/C-02/report.md;agents/C/C-02/source-coverage.tsv;agents/C/C-04/equivalence.tsv;agents/C/C-04/report.md;agents/C/C-04/source-coverage.tsv;agents/C/C-07/equivalence.tsv;agents/C/C-07/report.md;agents/C/C-07/source-coverage.tsv	targeted_current:414-440;978-995; targeted-dependency:855-895; targeted:764-786;858-935;1194-1223; full:1-1372; targeted_static_dependency:740-785;1190-1212;1300-1325; TARGETED_SECOND_REVIEW:309-340; TARGETED_SECOND_REVIEW:526-577; TARGETED_SECOND_REVIEW:654-661; TARGETED_ROOT_SECOND_REVIEW:421-440;981-992
reference	8c5911e4a4b07b07e832e4bb0d5d8859e88b4a9b	Data/Scripts/007_Objects and windows/006_SpriteWindow_pictures.rb	script	窗口精灵原语	不适用（具名理由）	窗口精灵原语——WP17 消息/窗口合同已覆盖可观察行为	MAPPED_REVIEWED_NAMED_CONSUMER_SCOPE	A;C	agents/A/X-A-WP79-NA-AUDIT/reading-log.tsv;agents/C/C-04/reading-log.tsv	118	118	TRUE	只能认可消息图片窗功能已承接；自动尺寸/动画方式应随UI相容需求明确，不声明整个文件任意路径已审完。已知资源缺失错误关联C061，不再新报。	GIR-FD82-C061	agents/A/X-A-WP79-NA-AUDIT/report.md;agents/A/X-A-WP79-NA-AUDIT/source-coverage.tsv;agents/C/C-04/equivalence.tsv;agents/C/C-04/report.md;agents/C/C-04/source-coverage.tsv	full_current:1-118; full:1-118
reference	8c5911e4a4b07b07e832e4bb0d5d8859e88b4a9b	Data/Scripts/007_Objects and windows/007_BitmapSprite.rb	script	同上	不适用（具名理由）	同上	OPEN_REQUIRED_UI_TIMING_REMAINDER	A;C;ROOT	agents/A/X-A-WP79-NA-AUDIT/reading-log.tsv;agents/C/C-01-S2/reading-log.tsv;agents/C/C-04/reading-log.tsv;root/peer-reading-log.tsv	243	243	TRUE	不新增第三个finding；保留通用箭头节拍/开始相位的具体静态剩余，由ROOT决定与UI覆盖修订如何归属，不能借C118个体图标族直接宣告全覆盖。 ROOT已升为P3必修，不以A当时不另编号为关闭依据。	GIR-FD82-006;GIR-FD82-C020;GIR-FD82-C061	agents/A/X-A-WP79-NA-AUDIT/report.md;agents/A/X-A-WP79-NA-AUDIT/source-coverage.tsv;agents/C/C-01-S2/equivalence.tsv;agents/C/C-01-S2/report.md;agents/C/C-01-S2/source-coverage.tsv;agents/C/C-04/equivalence.tsv;agents/C/C-04/report.md;agents/C/C-04/source-coverage.tsv	full_current:1-243; targeted-dependency:141-212; full:1-243; TARGETED_SECOND_REVIEW:176-195; TARGETED_ROOT_SECOND_REVIEW:1-188
reference	8c5911e4a4b07b07e832e4bb0d5d8859e88b4a9b	Data/Scripts/007_Objects and windows/008_AnimatedBitmap.rb	script	WP17 §3–7＋WP15 §C	已覆盖（消息/窗口/资源合同在案）	无具名行为剩余	MAPPED_REVIEWED_SCOPED; OPEN_REQUIRED_REVISION_LINKED	A;C;ROOT	agents/A/X-A-WP79-NA-AUDIT/reading-log.tsv;agents/C/C-02/reading-log.tsv;agents/C/C-04/reading-log.tsv;root/peer-reading-log.tsv	228	228	TRUE	仅认可所链接主审行为族与取证范围；整文件行段读完不等于每个分支/配置组合或运行结果已证。	GIR-FD82-C061	agents/A/X-A-WP79-NA-AUDIT/report.md;agents/A/X-A-WP79-NA-AUDIT/source-coverage.tsv;agents/C/C-02/equivalence.tsv;agents/C/C-02/report.md;agents/C/C-02/source-coverage.tsv;agents/C/C-04/equivalence.tsv;agents/C/C-04/report.md;agents/C/C-04/source-coverage.tsv	targeted_current:1-58;135-166; full:1-228; TARGETED_SECOND_REVIEW:5-18; TARGETED_SECOND_REVIEW:43-58; TARGETED_SECOND_REVIEW:140-151
reference	8c5911e4a4b07b07e832e4bb0d5d8859e88b4a9b	Data/Scripts/007_Objects and windows/009_Planes.rb	script	同上	不适用（具名理由）	同上	MAPPED_REVIEWED_NAMED_CONSUMER_SCOPE	A;C;ROOT	agents/A/X-A-WP79-NA-AUDIT/reading-log.tsv;agents/C/C-02/reading-log.tsv;agents/C/C-04/reading-log.tsv;root/peer-reading-log.tsv	76	76	TRUE	不复制Plane类层级；UI背景缺图时隐藏/纯色回退及动画图具体入口未由该文件名保证，作为消费者限定保留。未声称所有背景失败路径完整等价。	GIR-FD82-C026;GIR-FD82-C061	agents/A/X-A-WP79-NA-AUDIT/report.md;agents/A/X-A-WP79-NA-AUDIT/source-coverage.tsv;agents/C/C-02/equivalence.tsv;agents/C/C-02/report.md;agents/C/C-02/source-coverage.tsv;agents/C/C-04/equivalence.tsv;agents/C/C-04/report.md;agents/C/C-04/source-coverage.tsv	full_current:1-76; full:1-76; TARGETED_SECOND_REVIEW:33-75
reference	8c5911e4a4b07b07e832e4bb0d5d8859e88b4a9b	Data/Scripts/007_Objects and windows/010_DrawText.rb	script	WP17 §3–7＋WP15 §C	已覆盖（消息/窗口/资源合同在案）	无具名行为剩余	MAPPED_REVIEWED_SCOPED; OPEN_REQUIRED_REVISION_LINKED	C;ROOT	agents/C/C-04/reading-log.tsv;root/peer-reading-log.tsv	1151	1151	TRUE	仅认可所链接主审行为族与取证范围；整文件行段读完不等于每个分支/配置组合或运行结果已证。	GIR-FD82-C003;GIR-FD82-C061;GIR-FD82-C074;GIR-FD82-C075	agents/C/C-04/equivalence.tsv;agents/C/C-04/report.md;agents/C/C-04/source-coverage.tsv	full:1-1151; TARGETED_SECOND_REVIEW:553-559; TARGETED_SECOND_REVIEW:940-945; TARGETED_SECOND_REVIEW:423-430; TARGETED_SECOND_REVIEW:519-564; TARGETED_SECOND_REVIEW:77-105; TARGETED_SECOND_REVIEW:128-151; TARGETED_SECOND_REVIEW:360-393; TARGETED_EXTENSION_REVIEW:385-423
reference	8c5911e4a4b07b07e832e4bb0d5d8859e88b4a9b	Data/Scripts/007_Objects and windows/011_Messages.rb	script	WP17 §3–7＋WP15 §C	已覆盖（消息/窗口/资源合同在案）	无具名行为剩余	MAPPED_REVIEWED_SCOPED; OPEN_REQUIRED_REVISION_LINKED	A;B;C;ROOT	agents/A/A-05/reading-log.tsv;agents/A/X-A-C05-RECHECK/reading-log.tsv;agents/A/X-A-EDIT-CACHE/reading-log.tsv;agents/A/X-A-WP79-NA-AUDIT/reading-log.tsv;agents/B/B-01/reading-log.tsv;agents/B/B-07/reading-log.tsv;agents/B/B-09/reading-log.tsv;agents/C/C-01-S1/reading-log.tsv;agents/C/C-01-S2/reading-log.tsv;agents/C/C-01/reading-log.tsv;agents/C/C-02/reading-log.tsv;agents/C/C-04/reading-log.tsv;agents/C/C-05/reading-log.tsv;agents/C/C-06/reading-log.tsv;agents/C/C-07/reading-log.tsv;agents/C/C-08/reading-log.tsv;agents/C/X-C-ROOT-COVERAGE/reading-log.tsv;root/peer-reading-log.tsv	859	859	TRUE	仅认可所链接主审行为族与取证范围；整文件行段读完不等于每个分支/配置组合或运行结果已证。	GIR-FD82-C003;GIR-FD82-C018;GIR-FD82-C019;GIR-FD82-C028;GIR-FD82-C031;GIR-FD82-C056;GIR-FD82-C061;GIR-FD82-C070;GIR-FD82-C071;GIR-FD82-C076	agents/A/A-05/equivalence.tsv;agents/A/A-05/report.md;agents/A/A-05/source-coverage.tsv;agents/A/X-A-C05-RECHECK/equivalence.tsv;agents/A/X-A-C05-RECHECK/report.md;agents/A/X-A-C05-RECHECK/source-coverage.tsv;agents/A/X-A-WP79-NA-AUDIT/report.md;agents/A/X-A-WP79-NA-AUDIT/source-coverage.tsv;agents/B/B-01/equivalence.tsv;agents/B/B-01/report.md;agents/B/B-01/source-coverage.tsv;agents/B/B-07/equivalence.tsv;agents/B/B-07/report.md;agents/B/B-07/source-coverage.tsv;agents/B/B-09/equivalence.tsv;agents/B/B-09/report.md;agents/B/B-09/source-coverage.tsv;agents/C/C-01-S1/equivalence.tsv;agents/C/C-01-S1/report.md;agents/C/C-01-S1/source-coverage.tsv;agents/C/C-01-S2/equivalence.tsv;agents/C/C-01-S2/report.md;agents/C/C-01-S2/source-coverage.tsv;agents/C/C-01/equivalence.tsv;agents/C/C-01/report.md;agents/C/C-01/source-coverage.tsv;agents/C/C-02/equivalence.tsv;agents/C/C-02/report.md;agents/C/C-02/source-coverage.tsv;agents/C/C-04/equivalence.tsv;agents/C/C-04/report.md;agents/C/C-04/source-coverage.tsv;agents/C/C-05/equivalence.tsv;agents/C/C-05/report.md;agents/C/C-05/source-coverage.tsv;agents/C/C-06/equivalence.tsv;agents/C/C-06/report.md;agents/C/C-06/source-coverage.tsv;agents/C/C-07/equivalence.tsv;agents/C/C-07/report.md;agents/C/C-07/source-coverage.tsv;agents/C/C-08/equivalence.tsv;agents/C/C-08/report.md;agents/C/C-08/source-coverage.tsv	targeted_current:1-25;378-413;627-659; fresh static semantic reading:1-35; SEMANTIC_TARGETED; exact cited ranges read:93–111,166–205,703–708; SEMANTIC_TARGETED; exact cited ranges read:93–111,166–205; targeted_current:506-534;560-585; targeted:1-20; bounded-substantive:1-30; bounded-substantive:680-754; targeted:55-115;163-206; targeted-dependency:784-859; targeted-reread:821-848; targeted:422-483;579-598;680-777; full:1-859; targeted:243-270; targeted:1-34; targeted_static_dependency:805-826; targeted:55-158;160-220;687-755;803-859; :245-261; TARGETED_SECOND_REVIEW:819-859; TARGETED_SECOND_REVIEW:821-848; TARGETED_SECOND_REVIEW:425-431; TARGETED_SECOND_REVIEW:687-700;721-754; TARGETED_SECOND_REVIEW:537-545; TARGETED_SECOND_REVIEW:626-629; TARGETED_SECOND_REVIEW:211-224; TARGETED_SECOND_REVIEW:641-650; TARGETED_SECOND_REVIEW:114-133; TARGETED_SECOND_REVIEW:434-443; TARGETED_EXTENSION_REVIEW:430-443;477-483;587-587
reference	8c5911e4a4b07b07e832e4bb0d5d8859e88b4a9b	Data/Scripts/007_Objects and windows/012_TextEntry.rb	script	WP17 §3–7＋WP15 §C	已覆盖（消息/窗口/资源合同在案）	无具名行为剩余	MAPPED_REVIEWED_SCOPED	C;ROOT	agents/C/C-01-S1/reading-log.tsv;agents/C/C-04/reading-log.tsv;root/peer-reading-log.tsv	556	556	TRUE	仅认可所链接主审行为族与取证范围；整文件行段读完不等于每个分支/配置组合或运行结果已证。	-	agents/C/C-01-S1/equivalence.tsv;agents/C/C-01-S1/report.md;agents/C/C-01-S1/source-coverage.tsv;agents/C/C-04/equivalence.tsv;agents/C/C-04/report.md;agents/C/C-04/source-coverage.tsv	targeted-dependency:1-76;120-130; full:1-556; TARGETED_SECOND_REVIEW:1-82;105-134;226-263
reference	8c5911e4a4b07b07e832e4bb0d5d8859e88b4a9b	Data/Scripts/008_Audio/001_Audio.rb	script	WP15 §D（音频行为）	已覆盖（音频合同在案）	无具名行为剩余	MAPPED_REVIEWED_SCOPED; OPEN_REQUIRED_REVISION_LINKED	A;C;ROOT	agents/A/X-A-WP79-NA-AUDIT/reading-log.tsv;agents/C/C-04/reading-log.tsv;root/peer-reading-log.tsv	154	154	TRUE	仅认可所链接主审行为族与取证范围；整文件行段读完不等于每个分支/配置组合或运行结果已证。	GIR-FD82-C060	agents/A/X-A-WP79-NA-AUDIT/report.md;agents/A/X-A-WP79-NA-AUDIT/source-coverage.tsv;agents/C/C-04/equivalence.tsv;agents/C/C-04/report.md;agents/C/C-04/source-coverage.tsv	targeted_current:1-30;80-115; full:1-154; TARGETED_SECOND_REVIEW:69-118; TARGETED_SECOND_REVIEW:120-154
reference	8c5911e4a4b07b07e832e4bb0d5d8859e88b4a9b	Data/Scripts/008_Audio/002_Audio_Play.rb	script	WP15 §D（音频行为）	已覆盖（音频合同在案）	无具名行为剩余	MAPPED_REVIEWED_SCOPED; OPEN_REQUIRED_REVISION_LINKED	C;ROOT	agents/C/C-03/reading-log.tsv;agents/C/C-04/reading-log.tsv;root/peer-reading-log.tsv	278	278	TRUE	仅认可所链接主审行为族与取证范围；整文件行段读完不等于每个分支/配置组合或运行结果已证。	GIR-FD82-C042;GIR-FD82-C055;GIR-FD82-C056	agents/C/C-03/equivalence.tsv;agents/C/C-03/report.md;agents/C/C-03/source-coverage.tsv;agents/C/C-04/equivalence.tsv;agents/C/C-04/report.md;agents/C/C-04/source-coverage.tsv	targeted:192-234; full:1-278; TARGETED_SECOND_REVIEW:221-233; TARGETED_SECOND_REVIEW:1-14; TARGETED_SECOND_REVIEW:24-38; TARGETED_SECOND_REVIEW:52-67
reference	8c5911e4a4b07b07e832e4bb0d5d8859e88b4a9b	Data/Scripts/009_Scenes/001_Transitions.rb	script	WP16 §6（转场命令 221/222、传送链转场、帧重置）＋wp16-pre-battle-transitions-appendix §5（入口单位/特殊判定/完成条件/固定目标时长表/零负时长与在途处置/异常边界）＋§4（战前演出阶段）＋§7（像素绘制具名排除）＋wp65-controls-help-appendix §2/§4（fadetoblack 1/20 秒单位与目标 0.4 秒案例）	已覆盖（调用入口、单位语义、特殊判定、完成条件与固定目标时长合同在案；逐像素绘制算法为具名实现边界）	具名实现边界——各效果的逐像素绘制算法、图像切分与插值轨迹不改变选择/时长/完成合同，按附表 §7 具名排除不提取；实际视觉呈现未运行验证（G 系保留）	MAPPED_REVIEWED_SCOPED; OPEN_REQUIRED_REVISION_LINKED	C;ROOT	agents/C/C-04/reading-log.tsv;root/peer-reading-log.tsv	1929	1929	TRUE	仅认可所链接主审行为族与取证范围；整文件行段读完不等于每个分支/配置组合或运行结果已证。	GIR-FD82-C069	agents/C/C-04/equivalence.tsv;agents/C/C-04/report.md;agents/C/C-04/source-coverage.tsv	full:1-1929; TARGETED_SECOND_REVIEW:19-95; TARGETED_SECOND_REVIEW:109-129; TARGETED_SECOND_REVIEW:177-454; TARGETED_SECOND_REVIEW:96-109
reference	8c5911e4a4b07b07e832e4bb0d5d8859e88b4a9b	Data/Scripts/009_Scenes/002_EventScene.rb	script	wp65-controls-help-appendix §2–6（该机制的输入分发、页面组建、等待与过渡退出合同——按控制帮助场景实际范围承接）	已覆盖（输入分发与生命周期机制在案——限控制帮助附表实际承接范围）	该基类其它派生场景的行为由各自 UI 包按批准范围承接（不由此行担保）；机制本身无具名剩余	MAPPED_REVIEWED_SCOPED; OPEN_REQUIRED_REVISION_LINKED	B;C;ROOT	agents/B/X-B-C06-RECHECK/reading-log.tsv;agents/C/C-06/reading-log.tsv;root/peer-reading-log.tsv	192	192	TRUE	仅认可所链接主审行为族与取证范围；整文件行段读完不等于每个分支/配置组合或运行结果已证。	GIR-FD82-C114	agents/B/X-B-C06-RECHECK/equivalence.tsv;agents/B/X-B-C06-RECHECK/report.md;agents/B/X-B-C06-RECHECK/source-coverage.tsv;agents/C/C-06/equivalence.tsv;agents/C/C-06/report.md;agents/C/C-06/source-coverage.tsv	explicit-bounded-static-read:134-171; full:1-192; TARGETED_SECOND_REVIEW:1-192
reference	8c5911e4a4b07b07e832e4bb0d5d8859e88b4a9b	Data/Scripts/010_Data/001_GameData.rb	script	WP03 §3.1–3.2（注册表默认契约与按类例外）＋附表	已覆盖（注册/查找契约与例外在案）	无具名行为剩余	MAPPED_REVIEWED_SCOPED; OPEN_REQUIRED_REVISION_LINKED	A;B;C;ROOT	agents/A/A-01/reading-log.tsv;agents/A/A-03/reading-log.tsv;agents/A/A-04/reading-log.tsv;agents/A/A-05/reading-log.tsv;agents/A/A-06/reading-log.tsv;agents/A/A-07/reading-log.tsv;agents/A/A-08/reading-log.tsv;agents/A/X-A-C05-RECHECK/reading-log.tsv;agents/A/X-A-EDIT-CACHE/reading-log.tsv;agents/B/B-05/reading-log.tsv;agents/B/B-06/reading-log.tsv;agents/B/B-09/reading-log.tsv;agents/B/X-B-C06-RECHECK/reading-log.tsv;agents/B/X-B-TARGET-NEARNESS/reading-log.tsv;agents/C/C-01-S2/reading-log.tsv;agents/C/C-01/reading-log.tsv;agents/C/C-02/reading-log.tsv;agents/C/C-03/reading-log.tsv;agents/C/C-05/reading-log.tsv;agents/C/C-06/reading-log.tsv;agents/C/C-07/reading-log.tsv;agents/C/C-08/reading-log.tsv;agents/C/X-C-FORM-SHADOW/reading-log.tsv;root/peer-reading-log.tsv	283	283	TRUE	仅认可所链接主审行为族与取证范围；整文件行段读完不等于每个分支/配置组合或运行结果已证。	GIR-FD82-A048;GIR-FD82-C016;GIR-FD82-C023;GIR-FD82-C086;GIR-FD82-C107;GIR-FD82-C109	agents/A/A-01/equivalence.tsv;agents/A/A-01/report.md;agents/A/A-01/source-coverage.tsv;agents/A/A-03/equivalence.tsv;agents/A/A-03/report.md;agents/A/A-03/source-coverage.tsv;agents/A/A-04/equivalence.tsv;agents/A/A-04/report.md;agents/A/A-04/source-coverage.tsv;agents/A/A-05/equivalence.tsv;agents/A/A-05/report.md;agents/A/A-05/source-coverage.tsv;agents/A/A-06/equivalence.tsv;agents/A/A-06/report.md;agents/A/A-06/source-coverage.tsv;agents/A/A-07/equivalence.tsv;agents/A/A-07/report.md;agents/A/A-07/source-coverage.tsv;agents/A/A-08/equivalence.tsv;agents/A/A-08/report.md;agents/A/A-08/source-coverage.tsv;agents/A/X-A-C05-RECHECK/equivalence.tsv;agents/A/X-A-C05-RECHECK/report.md;agents/A/X-A-C05-RECHECK/source-coverage.tsv;agents/B/B-05/equivalence.tsv;agents/B/B-05/report.md;agents/B/B-05/source-coverage.tsv;agents/B/B-06/equivalence.tsv;agents/B/B-06/report.md;agents/B/B-06/source-coverage.tsv;agents/B/B-09/equivalence.tsv;agents/B/B-09/report.md;agents/B/B-09/source-coverage.tsv;agents/B/X-B-C06-RECHECK/equivalence.tsv;agents/B/X-B-C06-RECHECK/report.md;agents/B/X-B-C06-RECHECK/source-coverage.tsv;agents/B/X-B-TARGET-NEARNESS/report.md;agents/C/C-01-S2/equivalence.tsv;agents/C/C-01-S2/report.md;agents/C/C-01-S2/source-coverage.tsv;agents/C/C-01/equivalence.tsv;agents/C/C-01/report.md;agents/C/C-01/source-coverage.tsv;agents/C/C-02/equivalence.tsv;agents/C/C-02/report.md;agents/C/C-02/source-coverage.tsv;agents/C/C-03/equivalence.tsv;agents/C/C-03/report.md;agents/C/C-03/source-coverage.tsv;agents/C/C-05/equivalence.tsv;agents/C/C-05/report.md;agents/C/C-05/source-coverage.tsv;agents/C/C-06/equivalence.tsv;agents/C/C-06/report.md;agents/C/C-06/source-coverage.tsv;agents/C/C-07/equivalence.tsv;agents/C/C-07/report.md;agents/C/C-07/source-coverage.tsv;agents/C/C-08/equivalence.tsv;agents/C/C-08/report.md;agents/C/C-08/source-coverage.tsv;agents/C/X-C-FORM-SHADOW/source-coverage.tsv	full:1-283; same_agent_full_reuse:A-01:1-283; same_agent_named_reuse:A-01:1-283; same_agent_A-01_reuse:1-283; same_agent_named_reuse:1-283; targeted:1-70; targeted:168-215; targeted:245-283; targeted:90-119;212-245; full_reused:1-283; fresh static semantic reading:175-200; SEMANTIC_TARGETED; exact cited ranges read:138–144; SEMANTIC_TARGETED; exact cited ranges read:83–85,138–144; bounded-equality-helper:206-236; reused-bounded-equality-helper:206-236; bounded-substantive:85-116; explicit-bounded-static-read:89-114; explicit-bounded-static-read:162-177; informed-bounded-source-recheck:192-234; targeted:1-80;195-255; targeted:78-145; targeted-reread:138-144; targeted-reread:78-105; targeted-reread:76-135; targeted:217-260; targeted:78-214; targeted:82-190; targeted_static_dependency:1-130;209-265; targeted:10-150;218-277; prior-targeted:10-150;218-277 reused C-08; TARGETED_SECOND_REVIEW:99-104; TARGETED_SECOND_REVIEW:97-104
reference	8c5911e4a4b07b07e832e4bb0d5d8859e88b4a9b	Data/Scripts/010_Data/001_Hardcoded data/001_GrowthRate.rb	script	WP19 §4（等级↔经验接口）＋WP30 §A（成长曲线）	已覆盖（成长曲线数据与接口在案）	无具名行为剩余	MAPPED_REVIEWED_SCOPED	A;C	agents/A/A-03/reading-log.tsv;agents/A/A-04/reading-log.tsv;agents/A/A-07/reading-log.tsv;agents/A/X-A-FACILITY-RESTORE/reading-log.tsv;agents/A/X-A-FORM-SHADOW-SUPPLEMENT/reading-log.tsv;agents/C/X-C-FORM-SHADOW/reading-log.tsv	188	188	TRUE	仅认可所链接主审行为族与取证范围；整文件行段读完不等于每个分支/配置组合或运行结果已证。	-	agents/A/A-03/equivalence.tsv;agents/A/A-03/report.md;agents/A/A-03/source-coverage.tsv;agents/A/A-04/equivalence.tsv;agents/A/A-04/report.md;agents/A/A-04/source-coverage.tsv;agents/A/A-07/equivalence.tsv;agents/A/A-07/report.md;agents/A/A-07/source-coverage.tsv;agents/C/X-C-FORM-SHADOW/source-coverage.tsv	targeted:1-90; targeted:1-92; full:1-188; fresh targeted; full A-07 available:1–103; same_agent_named_reuse:1-188; targeted_current_reread:65-105; fresh-targeted:1-104
reference	8c5911e4a4b07b07e832e4bb0d5d8859e88b4a9b	Data/Scripts/010_Data/001_Hardcoded data/002_GenderRatio.rb	script	WP03 §3.2/附表（按类例外与字段责任目录）＋WP18/WP19/WP21/WP36/WP45/WP62 对应字段语义	已覆盖（数据类注册与字段责任目录在案；内容语义按各领域包分层）	无开放剩余——内容语义按各领域包分层（carrier 所列章节承接，非未处理项）	MAPPED_REVIEWED_SCOPED	A	agents/A/A-03/reading-log.tsv	83	83	TRUE	仅认可所链接主审行为族与取证范围；整文件行段读完不等于每个分支/配置组合或运行结果已证。	-	agents/A/A-03/equivalence.tsv;agents/A/A-03/report.md;agents/A/A-03/source-coverage.tsv	full:1-83
reference	8c5911e4a4b07b07e832e4bb0d5d8859e88b4a9b	Data/Scripts/010_Data/001_Hardcoded data/003_EggGroup.rb	script	WP03 §3.2/附表（按类例外与字段责任目录）＋WP18/WP19/WP21/WP36/WP45/WP62 对应字段语义	已覆盖（数据类注册与字段责任目录在案；内容语义按各领域包分层）	无开放剩余——内容语义按各领域包分层（carrier 所列章节承接，非未处理项）	MAPPED_REVIEWED_SCOPED	A	agents/A/A-08/reading-log.tsv	101	101	TRUE	仅认可所链接主审行为族与取证范围；整文件行段读完不等于每个分支/配置组合或运行结果已证。	-	agents/A/A-08/equivalence.tsv;agents/A/A-08/report.md;agents/A/A-08/source-coverage.tsv	full:1-101
reference	8c5911e4a4b07b07e832e4bb0d5d8859e88b4a9b	Data/Scripts/010_Data/001_Hardcoded data/004_BodyShape.rb	script	WP03 §3.2/附表（按类例外与字段责任目录）＋WP18/WP19/WP21/WP36/WP45/WP62 对应字段语义	已覆盖（数据类注册与字段责任目录在案；内容语义按各领域包分层）	无开放剩余——内容语义按各领域包分层（carrier 所列章节承接，非未处理项）	MAPPED_REVIEWED_SCOPED	A	agents/A/A-08/reading-log.tsv	116	116	TRUE	仅认可所链接主审行为族与取证范围；整文件行段读完不等于每个分支/配置组合或运行结果已证。	-	agents/A/A-08/equivalence.tsv;agents/A/A-08/report.md;agents/A/A-08/source-coverage.tsv	full:1-116
reference	8c5911e4a4b07b07e832e4bb0d5d8859e88b4a9b	Data/Scripts/010_Data/001_Hardcoded data/005_BodyColor.rb	script	WP03 §3.2/附表（按类例外与字段责任目录）＋WP18/WP19/WP21/WP36/WP45/WP62 对应字段语义	已覆盖（数据类注册与字段责任目录在案；内容语义按各领域包分层）	无开放剩余——内容语义按各领域包分层（carrier 所列章节承接，非未处理项）	MAPPED_REVIEWED_SCOPED	A	agents/A/A-08/reading-log.tsv	78	78	TRUE	仅认可所链接主审行为族与取证范围；整文件行段读完不等于每个分支/配置组合或运行结果已证。	-	agents/A/A-08/equivalence.tsv;agents/A/A-08/report.md;agents/A/A-08/source-coverage.tsv	full:1-78
reference	8c5911e4a4b07b07e832e4bb0d5d8859e88b4a9b	Data/Scripts/010_Data/001_Hardcoded data/006_Habitat.rb	script	WP03 §3.2/附表（按类例外与字段责任目录）＋WP18/WP19/WP21/WP36/WP45/WP62 对应字段语义	已覆盖（数据类注册与字段责任目录在案；内容语义按各领域包分层）	无开放剩余——内容语义按各领域包分层（carrier 所列章节承接，非未处理项）	MAPPED_REVIEWED_SCOPED	A	agents/A/A-08/reading-log.tsv	76	76	TRUE	仅认可所链接主审行为族与取证范围；整文件行段读完不等于每个分支/配置组合或运行结果已证。	-	agents/A/A-08/equivalence.tsv;agents/A/A-08/report.md;agents/A/A-08/source-coverage.tsv	full:1-76
reference	8c5911e4a4b07b07e832e4bb0d5d8859e88b4a9b	Data/Scripts/010_Data/001_Hardcoded data/007_Evolution.rb	script	WP31 §3（条件族目录）＋WP32 §2（情境输入）	已覆盖（进化条件族与求值在案）	无具名行为剩余	MAPPED_REVIEWED_SCOPED; OPEN_REQUIRED_REVISION_LINKED	A;C;ROOT	agents/A/A-04/reading-log.tsv;agents/A/A-06/reading-log.tsv;agents/A/A-07/reading-log.tsv;agents/C/C-01-S2/reading-log.tsv;agents/C/C-02/reading-log.tsv;agents/C/C-07/reading-log.tsv;root/peer-reading-log.tsv	676	676	TRUE	仅认可所链接主审行为族与取证范围；整文件行段读完不等于每个分支/配置组合或运行结果已证。	GIR-FD82-A045	agents/A/A-04/equivalence.tsv;agents/A/A-04/report.md;agents/A/A-04/source-coverage.tsv;agents/A/A-06/equivalence.tsv;agents/A/A-06/report.md;agents/A/A-06/source-coverage.tsv;agents/A/A-07/equivalence.tsv;agents/A/A-07/report.md;agents/A/A-07/source-coverage.tsv;agents/C/C-01-S2/equivalence.tsv;agents/C/C-01-S2/report.md;agents/C/C-01-S2/source-coverage.tsv;agents/C/C-02/equivalence.tsv;agents/C/C-02/report.md;agents/C/C-02/source-coverage.tsv;agents/C/C-07/equivalence.tsv;agents/C/C-07/report.md;agents/C/C-07/source-coverage.tsv	targeted:246-276;355-372; targeted_current:30-61;65-76; targeted:1-225; targeted:225-450; targeted:451-676; targeted:62-79; targeted:480-505; targeted_static_dependency:630-676; TARGETED_SECOND_REVIEW:69-75
reference	8c5911e4a4b07b07e832e4bb0d5d8859e88b4a9b	Data/Scripts/010_Data/001_Hardcoded data/008_Stat.rb	script	WP03 §3.2/附表（按类例外与字段责任目录）＋WP18/WP19/WP21/WP36/WP45/WP62 对应字段语义	已覆盖（数据类注册与字段责任目录在案；内容语义按各领域包分层）	无开放剩余——内容语义按各领域包分层（carrier 所列章节承接，非未处理项）	MAPPED_REVIEWED_SCOPED	A;B	agents/A/A-03/reading-log.tsv;agents/A/A-04/reading-log.tsv;agents/A/A-06/reading-log.tsv;agents/B/B-03/reading-log.tsv	119	119	TRUE	仅认可所链接主审行为族与取证范围；整文件行段读完不等于每个分支/配置组合或运行结果已证。	-	agents/A/A-03/equivalence.tsv;agents/A/A-03/report.md;agents/A/A-03/source-coverage.tsv;agents/A/A-04/equivalence.tsv;agents/A/A-04/report.md;agents/A/A-04/source-coverage.tsv;agents/A/A-06/equivalence.tsv;agents/A/A-06/report.md;agents/A/A-06/source-coverage.tsv;agents/B/B-03/equivalence.tsv;agents/B/B-03/report.md;agents/B/B-03/source-coverage.tsv	full:1-119; same_agent_named_reuse:A-03:1-119; same_agent_named_reuse:1-119
reference	8c5911e4a4b07b07e832e4bb0d5d8859e88b4a9b	Data/Scripts/010_Data/001_Hardcoded data/009_Nature.rb	script	WP03 §3.2/附表（按类例外与字段责任目录）＋WP18/WP19/WP21/WP36/WP45/WP62 对应字段语义	已覆盖（数据类注册与字段责任目录在案；内容语义按各领域包分层）	无开放剩余——内容语义按各领域包分层（carrier 所列章节承接，非未处理项）	MAPPED_REVIEWED_SCOPED; OPEN_REQUIRED_REVISION_LINKED	A;B;ROOT	agents/A/A-03/reading-log.tsv;agents/A/A-08/reading-log.tsv;agents/B/B-08/reading-log.tsv;root/peer-reading-log.tsv	173	173	TRUE	仅认可所链接主审行为族与取证范围；整文件行段读完不等于每个分支/配置组合或运行结果已证。	GIR-FD82-A020	agents/A/A-03/equivalence.tsv;agents/A/A-03/report.md;agents/A/A-03/source-coverage.tsv;agents/A/A-08/equivalence.tsv;agents/A/A-08/report.md;agents/A/A-08/source-coverage.tsv;agents/B/B-08/equivalence.tsv;agents/B/B-08/report.md;agents/B/B-08/source-coverage.tsv	full:1-173; full_reused:1-173; full-reread:1-173; TARGETED_SECOND_REVIEW:30-173
reference	8c5911e4a4b07b07e832e4bb0d5d8859e88b4a9b	Data/Scripts/010_Data/001_Hardcoded data/010_Status.rb	script	WP03 §3.2/附表（按类例外与字段责任目录）＋WP18/WP19/WP21/WP36/WP45/WP62 对应字段语义	已覆盖（数据类注册与字段责任目录在案；内容语义按各领域包分层）	无开放剩余——内容语义按各领域包分层（carrier 所列章节承接，非未处理项）	MAPPED_REVIEWED_SCOPED	A;B	agents/A/A-03/reading-log.tsv;agents/B/B-03/reading-log.tsv	76	76	TRUE	仅认可所链接主审行为族与取证范围；整文件行段读完不等于每个分支/配置组合或运行结果已证。	-	agents/A/A-03/equivalence.tsv;agents/A/A-03/report.md;agents/A/A-03/source-coverage.tsv;agents/B/B-03/equivalence.tsv;agents/B/B-03/report.md;agents/B/B-03/source-coverage.tsv	full:1-76
reference	8c5911e4a4b07b07e832e4bb0d5d8859e88b4a9b	Data/Scripts/010_Data/001_Hardcoded data/011_TerrainTag.rb	script	WP03 §3.2/附表（按类例外与字段责任目录）＋WP18/WP19/WP21/WP36/WP45/WP62 对应字段语义	已覆盖（数据类注册与字段责任目录在案；内容语义按各领域包分层）	无开放剩余——内容语义按各领域包分层（carrier 所列章节承接，非未处理项）	MAPPED_REVIEWED_SCOPED	A;C	agents/A/A-01/reading-log.tsv;agents/C/C-01-S2/reading-log.tsv;agents/C/C-03/reading-log.tsv	204	204	TRUE	仅认可所链接主审行为族与取证范围；整文件行段读完不等于每个分支/配置组合或运行结果已证。	-	agents/A/A-01/equivalence.tsv;agents/A/A-01/report.md;agents/A/A-01/source-coverage.tsv;agents/C/C-01-S2/equivalence.tsv;agents/C/C-01-S2/report.md;agents/C/C-01-S2/source-coverage.tsv;agents/C/C-03/equivalence.tsv;agents/C/C-03/report.md;agents/C/C-03/source-coverage.tsv	targeted:1-48; full:1-204; targeted-reread:86-93
reference	8c5911e4a4b07b07e832e4bb0d5d8859e88b4a9b	Data/Scripts/010_Data/001_Hardcoded data/012_Weather.rb	script	WP03 §3.2/附表（按类例外与字段责任目录）＋WP18/WP19/WP21/WP36/WP45/WP62 对应字段语义	已覆盖（数据类注册与字段责任目录在案；内容语义按各领域包分层）	无开放剩余——内容语义按各领域包分层（carrier 所列章节承接，非未处理项）	MAPPED_REVIEWED_SCOPED; OPEN_REQUIRED_REVISION_LINKED	A;C	agents/A/A-07/reading-log.tsv;agents/A/X-A-C05-RECHECK/reading-log.tsv;agents/C/C-04/reading-log.tsv;agents/C/C-05/reading-log.tsv	165	165	TRUE	仅认可所链接主审行为族与取证范围；整文件行段读完不等于每个分支/配置组合或运行结果已证。	GIR-FD82-C093	agents/A/A-07/equivalence.tsv;agents/A/A-07/report.md;agents/A/A-07/source-coverage.tsv;agents/A/X-A-C05-RECHECK/equivalence.tsv;agents/A/X-A-C05-RECHECK/report.md;agents/A/X-A-C05-RECHECK/source-coverage.tsv;agents/C/C-04/equivalence.tsv;agents/C/C-04/report.md;agents/C/C-04/source-coverage.tsv;agents/C/C-05/equivalence.tsv;agents/C/C-05/report.md;agents/C/C-05/source-coverage.tsv	full:1-165; fresh static semantic reading:1-165
reference	8c5911e4a4b07b07e832e4bb0d5d8859e88b4a9b	Data/Scripts/010_Data/001_Hardcoded data/013_EncounterType.rb	script	WP03 §3.2/附表（按类例外与字段责任目录）＋WP18/WP19/WP21/WP36/WP45/WP62 对应字段语义	已覆盖（数据类注册与字段责任目录在案；内容语义按各领域包分层）	无开放剩余——内容语义按各领域包分层（carrier 所列章节承接，非未处理项）	MAPPED_REVIEWED_SCOPED; OPEN_REQUIRED_REVISION_LINKED	A;B;C;ROOT	agents/A/X-A-C05-RECHECK/reading-log.tsv;agents/A/X-A-EDIT-CACHE/reading-log.tsv;agents/B/B-07/reading-log.tsv;agents/C/C-01/reading-log.tsv;agents/C/C-02/reading-log.tsv;agents/C/C-05/reading-log.tsv;root/peer-reading-log.tsv	178	178	TRUE	仅认可所链接主审行为族与取证范围；整文件行段读完不等于每个分支/配置组合或运行结果已证。	GIR-FD82-C004	agents/A/X-A-C05-RECHECK/equivalence.tsv;agents/A/X-A-C05-RECHECK/report.md;agents/A/X-A-C05-RECHECK/source-coverage.tsv;agents/B/B-07/equivalence.tsv;agents/B/B-07/report.md;agents/B/B-07/source-coverage.tsv;agents/C/C-01/equivalence.tsv;agents/C/C-01/report.md;agents/C/C-01/source-coverage.tsv;agents/C/C-02/equivalence.tsv;agents/C/C-02/report.md;agents/C/C-02/source-coverage.tsv;agents/C/C-05/equivalence.tsv;agents/C/C-05/report.md;agents/C/C-05/source-coverage.tsv	fresh static semantic reading:1-178; SEMANTIC_TARGETED; exact cited ranges read:29–33; bounded-substantive:166-178; targeted:1-105; targeted:169-178; full:1-178; TARGETED_SECOND_REVIEW:1-125; TARGETED_SECOND_REVIEW:143-151;174-178
reference	8c5911e4a4b07b07e832e4bb0d5d8859e88b4a9b	Data/Scripts/010_Data/001_Hardcoded data/014_Environment.rb	script	WP03 §3.2（GameData 注册契约与默认查找）＋WP39 §7.3（环境输入与 battle_base 基座消费）＋WP47-A §3.3（逐环境效果映射——变类型/自然之力/秘密之力全表）	已覆盖（注册契约与逐环境消费映射在案）	无开放剩余——环境条目数据全集按 WP03 注册契约承接，不复制默认数据；逐环境效果映射已在 WP47-A §3.3 全表在案	MAPPED_REVIEWED_SCOPED	B;ROOT	agents/B/B-08/reading-log.tsv;root/peer-reading-log.tsv	131	131	TRUE	仅认可所链接主审行为族与取证范围；整文件行段读完不等于每个分支/配置组合或运行结果已证。	-	agents/B/B-08/equivalence.tsv;agents/B/B-08/report.md;agents/B/B-08/source-coverage.tsv	full-reread:1-131; FULL_STATIC_REVERSE_REVIEW:1-131
reference	8c5911e4a4b07b07e832e4bb0d5d8859e88b4a9b	Data/Scripts/010_Data/001_Hardcoded data/015_BattleWeather.rb	script	WP03 §3.2/附表（按类例外与字段责任目录）＋WP18/WP19/WP21/WP36/WP45/WP62 对应字段语义	已覆盖（数据类注册与字段责任目录在案；内容语义按各领域包分层）	无开放剩余——内容语义按各领域包分层（carrier 所列章节承接，非未处理项）	MAPPED_REVIEWED_SCOPED	B	agents/B/B-03/reading-log.tsv	81	81	TRUE	仅认可所链接主审行为族与取证范围；整文件行段读完不等于每个分支/配置组合或运行结果已证。	-	agents/B/B-03/equivalence.tsv;agents/B/B-03/report.md;agents/B/B-03/source-coverage.tsv	full:1-81
reference	8c5911e4a4b07b07e832e4bb0d5d8859e88b4a9b	Data/Scripts/010_Data/001_Hardcoded data/016_BattleTerrain.rb	script	WP03 §3.2/附表（按类例外与字段责任目录）＋WP18/WP19/WP21/WP36/WP45/WP62 对应字段语义	已覆盖（数据类注册与字段责任目录在案；内容语义按各领域包分层）	无开放剩余——内容语义按各领域包分层（carrier 所列章节承接，非未处理项）	MAPPED_REVIEWED_SCOPED	B	agents/B/B-03/reading-log.tsv;agents/B/B-08/reading-log.tsv	58	58	TRUE	仅认可所链接主审行为族与取证范围；整文件行段读完不等于每个分支/配置组合或运行结果已证。	-	agents/B/B-03/equivalence.tsv;agents/B/B-03/report.md;agents/B/B-03/source-coverage.tsv;agents/B/B-08/equivalence.tsv;agents/B/B-08/report.md;agents/B/B-08/source-coverage.tsv	full:1-58; full-reread:1-58
reference	8c5911e4a4b07b07e832e4bb0d5d8859e88b4a9b	Data/Scripts/010_Data/001_Hardcoded data/017_Target.rb	script	WP03 §3.2/附表（按类例外与字段责任目录）＋WP18/WP19/WP21/WP36/WP45/WP62 对应字段语义	已覆盖（数据类注册与字段责任目录在案；内容语义按各领域包分层）	无开放剩余——内容语义按各领域包分层（carrier 所列章节承接，非未处理项）	MAPPED_REVIEWED_SCOPED; OPEN_REQUIRED_REVISION_LINKED	A;B;ROOT	agents/A/X-A-CAPTURE-PARTNER/reading-log.tsv;agents/B/B-04/reading-log.tsv;agents/B/B-05/reading-log.tsv;agents/B/B-06/reading-log.tsv;agents/B/B-09/reading-log.tsv;agents/B/X-B-TARGET-NEARNESS/reading-log.tsv;root/peer-reading-log.tsv	185	185	TRUE	仅认可所链接主审行为族与取证范围；整文件行段读完不等于每个分支/配置组合或运行结果已证。	GIR-FD82-B019;GIR-FD82-B023	agents/B/B-04/equivalence.tsv;agents/B/B-04/report.md;agents/B/B-04/source-coverage.tsv;agents/B/B-05/equivalence.tsv;agents/B/B-05/report.md;agents/B/B-05/source-coverage.tsv;agents/B/B-06/equivalence.tsv;agents/B/B-06/report.md;agents/B/B-06/source-coverage.tsv;agents/B/B-09/equivalence.tsv;agents/B/B-09/report.md;agents/B/B-09/source-coverage.tsv;agents/B/X-B-TARGET-NEARNESS/report.md	targeted:1-102;133-143; full:1-185; reused-full:1-185; bounded-reread:1-185; informed-bounded-source-recheck:61-78; TARGETED_SECOND_REVIEW:59-62;104-116; TARGETED_SECOND_REVIEW:1-58; TARGETED_SECOND_REVIEW:26-33;58-62
reference	8c5911e4a4b07b07e832e4bb0d5d8859e88b4a9b	Data/Scripts/010_Data/002_PBS data/001_MiscPBSData.rb	script	WP03 §3.2/WP04 §4.2（schema 消费边界）＋各领域包字段语义	已覆盖（PBS 数据类与 schema 消费边界在案；字段语义按各领域包分层）	无开放剩余——字段语义按各领域包分层（carrier 所列章节承接，非未处理项）	MAPPED_REVIEWED_SCOPED	A;B;C	agents/A/A-01/reading-log.tsv;agents/A/A-08/reading-log.tsv;agents/B/B-09/reading-log.tsv;agents/C/C-01/reading-log.tsv;agents/C/C-02/reading-log.tsv	64	64	TRUE	仅认可所链接主审行为族与取证范围；整文件行段读完不等于每个分支/配置组合或运行结果已证。	-	agents/A/A-01/equivalence.tsv;agents/A/A-01/report.md;agents/A/A-01/source-coverage.tsv;agents/A/A-08/equivalence.tsv;agents/A/A-08/report.md;agents/A/A-08/source-coverage.tsv;agents/B/B-09/equivalence.tsv;agents/B/B-09/report.md;agents/B/B-09/source-coverage.tsv;agents/C/C-01/equivalence.tsv;agents/C/C-01/report.md;agents/C/C-01/source-coverage.tsv;agents/C/C-02/equivalence.tsv;agents/C/C-02/report.md;agents/C/C-02/source-coverage.tsv	full:1-64; targeted:1-43; full-reread:1-64
reference	8c5911e4a4b07b07e832e4bb0d5d8859e88b4a9b	Data/Scripts/010_Data/002_PBS data/002_TownMap.rb	script	WP03 §3.2/WP04 §4.2（schema 消费边界）＋各领域包字段语义	已覆盖（PBS 数据类与 schema 消费边界在案；字段语义按各领域包分层）	无开放剩余——字段语义按各领域包分层（carrier 所列章节承接，非未处理项）	MAPPED_REVIEWED_SCOPED; OPEN_REQUIRED_REVISION_LINKED	A;B;C	agents/A/A-08/reading-log.tsv;agents/B/X-B-C06-RECHECK/reading-log.tsv;agents/C/C-02/reading-log.tsv;agents/C/C-06/reading-log.tsv	43	43	TRUE	仅认可所链接主审行为族与取证范围；整文件行段读完不等于每个分支/配置组合或运行结果已证。	GIR-FD82-C111	agents/A/A-08/equivalence.tsv;agents/A/A-08/report.md;agents/A/A-08/source-coverage.tsv;agents/B/X-B-C06-RECHECK/equivalence.tsv;agents/B/X-B-C06-RECHECK/report.md;agents/B/X-B-C06-RECHECK/source-coverage.tsv;agents/C/C-02/equivalence.tsv;agents/C/C-02/report.md;agents/C/C-02/source-coverage.tsv;agents/C/C-06/equivalence.tsv;agents/C/C-06/report.md;agents/C/C-06/source-coverage.tsv	full:1-43; explicit-bounded-static-read:14-19; explicit-bounded-static-read:25-30
reference	8c5911e4a4b07b07e832e4bb0d5d8859e88b4a9b	Data/Scripts/010_Data/002_PBS data/003_Type.rb	script	WP03 §3.2/WP04 §4.2（schema 消费边界）＋各领域包字段语义	已覆盖（PBS 数据类与 schema 消费边界在案；字段语义按各领域包分层）	无开放剩余——字段语义按各领域包分层（carrier 所列章节承接，非未处理项）	MAPPED_REVIEWED_SCOPED	A;B;C	agents/A/A-04/reading-log.tsv;agents/B/B-02/reading-log.tsv;agents/B/B-03/reading-log.tsv;agents/B/B-04/reading-log.tsv;agents/B/B-05/reading-log.tsv;agents/B/B-09/reading-log.tsv;agents/C/C-07/reading-log.tsv;agents/C/C-08/reading-log.tsv	141	141	TRUE	仅认可所链接主审行为族与取证范围；整文件行段读完不等于每个分支/配置组合或运行结果已证。	-	agents/A/A-04/equivalence.tsv;agents/A/A-04/report.md;agents/A/A-04/source-coverage.tsv;agents/B/B-02/equivalence.tsv;agents/B/B-02/report.md;agents/B/B-02/source-coverage.tsv;agents/B/B-03/equivalence.tsv;agents/B/B-03/report.md;agents/B/B-03/source-coverage.tsv;agents/B/B-04/equivalence.tsv;agents/B/B-04/report.md;agents/B/B-04/source-coverage.tsv;agents/B/B-05/equivalence.tsv;agents/B/B-05/report.md;agents/B/B-05/source-coverage.tsv;agents/B/B-09/equivalence.tsv;agents/B/B-09/report.md;agents/B/B-09/source-coverage.tsv;agents/C/C-07/equivalence.tsv;agents/C/C-07/report.md;agents/C/C-07/source-coverage.tsv;agents/C/C-08/equivalence.tsv;agents/C/C-08/report.md;agents/C/C-08/source-coverage.tsv	full:1-141; reused-full:1-141; targeted_static_dependency:1-100
reference	8c5911e4a4b07b07e832e4bb0d5d8859e88b4a9b	Data/Scripts/010_Data/002_PBS data/004_Ability.rb	script	WP03 §3.2/WP04 §4.2（schema 消费边界）＋各领域包字段语义	已覆盖（PBS 数据类与 schema 消费边界在案；字段语义按各领域包分层）	无开放剩余——字段语义按各领域包分层（carrier 所列章节承接，非未处理项）	MAPPED_REVIEWED_SCOPED	A;B	agents/A/A-03/reading-log.tsv;agents/B/B-04/reading-log.tsv;agents/B/B-05/reading-log.tsv	45	45	TRUE	仅认可所链接主审行为族与取证范围；整文件行段读完不等于每个分支/配置组合或运行结果已证。	-	agents/A/A-03/equivalence.tsv;agents/A/A-03/report.md;agents/A/A-03/source-coverage.tsv;agents/B/B-04/equivalence.tsv;agents/B/B-04/report.md;agents/B/B-04/source-coverage.tsv;agents/B/B-05/equivalence.tsv;agents/B/B-05/report.md;agents/B/B-05/source-coverage.tsv	full:1-45; reused-full:1-45
reference	8c5911e4a4b07b07e832e4bb0d5d8859e88b4a9b	Data/Scripts/010_Data/002_PBS data/005_Move.rb	script	WP03 §3.2/WP04 §4.2（schema 消费边界）＋各领域包字段语义	已覆盖（PBS 数据类与 schema 消费边界在案；字段语义按各领域包分层）	无开放剩余——字段语义按各领域包分层（carrier 所列章节承接，非未处理项）	MAPPED_PARTIAL_SOURCE_REVIEW; OPEN_REQUIRED_REVISION_LINKED	A;B;C;ROOT	agents/A/A-01/reading-log.tsv;agents/A/A-02/reading-log.tsv;agents/A/A-03/reading-log.tsv;agents/A/A-07/reading-log.tsv;agents/B/B-02/reading-log.tsv;agents/C/C-07/reading-log.tsv;root/peer-reading-log.tsv	165	408	TRUE	具名主审/依赖行为已审；未读行段及未解析阅读描述保留，不能把整个脚本声明审完。	GIR-FD82-A048	agents/A/A-01/equivalence.tsv;agents/A/A-01/report.md;agents/A/A-01/source-coverage.tsv;agents/A/A-02/equivalence.tsv;agents/A/A-02/report.md;agents/A/A-02/source-coverage.tsv;agents/A/A-03/equivalence.tsv;agents/A/A-03/report.md;agents/A/A-03/source-coverage.tsv;agents/A/A-07/equivalence.tsv;agents/A/A-07/report.md;agents/A/A-07/source-coverage.tsv;agents/B/B-02/equivalence.tsv;agents/B/B-02/report.md;agents/B/B-02/source-coverage.tsv;agents/C/C-07/equivalence.tsv;agents/C/C-07/report.md;agents/C/C-07/source-coverage.tsv	targeted:1-77;114-145; targeted:48-80; targeted:1-137; targeted:1-65; targeted:1-165; targeted_static_dependency:1-43; TARGETED_SECOND_REVIEW:18-39
reference	8c5911e4a4b07b07e832e4bb0d5d8859e88b4a9b	Data/Scripts/010_Data/002_PBS data/006_Item.rb	script	WP03 §3.2/WP04 §4.2（schema 消费边界）＋各领域包字段语义	已覆盖（PBS 数据类与 schema 消费边界在案；字段语义按各领域包分层）	无开放剩余——字段语义按各领域包分层（carrier 所列章节承接，非未处理项）	MAPPED_REVIEWED_SCOPED; OPEN_REQUIRED_REVISION_LINKED	A;B;C;ROOT	agents/A/A-01/reading-log.tsv;agents/A/A-04/reading-log.tsv;agents/A/A-06/reading-log.tsv;agents/A/A-08/reading-log.tsv;agents/B/B-01/reading-log.tsv;agents/B/B-04/reading-log.tsv;agents/B/X-B-ITEM-UI/reading-log.tsv;agents/C/C-04/reading-log.tsv;agents/C/C-07/reading-log.tsv;root/peer-reading-log.tsv	270	270	TRUE	仅认可所链接主审行为族与取证范围；整文件行段读完不等于每个分支/配置组合或运行结果已证。	GIR-FD82-A001;GIR-FD82-A038;GIR-FD82-B008;GIR-FD82-B035	agents/A/A-01/equivalence.tsv;agents/A/A-01/report.md;agents/A/A-01/source-coverage.tsv;agents/A/A-04/equivalence.tsv;agents/A/A-04/report.md;agents/A/A-04/source-coverage.tsv;agents/A/A-06/equivalence.tsv;agents/A/A-06/report.md;agents/A/A-06/source-coverage.tsv;agents/A/A-08/equivalence.tsv;agents/A/A-08/report.md;agents/A/A-08/source-coverage.tsv;agents/B/B-01/equivalence.tsv;agents/B/B-01/report.md;agents/B/B-01/source-coverage.tsv;agents/B/B-04/equivalence.tsv;agents/B/B-04/report.md;agents/B/B-04/source-coverage.tsv;agents/B/X-B-ITEM-UI/equivalence.tsv;agents/B/X-B-ITEM-UI/report.md;agents/C/C-04/equivalence.tsv;agents/C/C-04/report.md;agents/C/C-04/source-coverage.tsv;agents/C/C-07/equivalence.tsv;agents/C/C-07/report.md;agents/C/C-07/source-coverage.tsv	targeted:1-115;125-155;260-270; targeted:1-80;115-150;175-252; full_current:1-270; targeted:165-184; full_reused:1-270; targeted:20-58;103-144;151-216; bounded-read:204-260; explicit-bounded-static-read:185-204; explicit-bounded-static-read:118-136; targeted:1-126; targeted_static_dependency:1-253; TARGETED_SECOND_REVIEW:37-38;129-133;196-197; TARGETED_SECOND_REVIEW:25-43; TARGETED_SECOND_REVIEW:189-197; TARGETED_SECOND_REVIEW:119-138
reference	8c5911e4a4b07b07e832e4bb0d5d8859e88b4a9b	Data/Scripts/010_Data/002_PBS data/007_BerryPlant.rb	script	WP03 §3.2/WP04 §4.2（schema 消费边界）＋各领域包字段语义	已覆盖（PBS 数据类与 schema 消费边界在案；字段语义按各领域包分层）	无开放剩余——字段语义按各领域包分层（carrier 所列章节承接，非未处理项）	MAPPED_REVIEWED_SCOPED	B;C	agents/B/X-B-C06-RECHECK/reading-log.tsv;agents/B/X-B-LIFE-STEP/reading-log.tsv;agents/C/C-06/reading-log.tsv	45	45	TRUE	仅认可所链接主审行为族与取证范围；整文件行段读完不等于每个分支/配置组合或运行结果已证。	-	agents/B/X-B-C06-RECHECK/equivalence.tsv;agents/B/X-B-C06-RECHECK/report.md;agents/B/X-B-C06-RECHECK/source-coverage.tsv;agents/B/X-B-LIFE-STEP/report.md;agents/B/X-B-LIFE-STEP/source-coverage.tsv;agents/C/C-06/equivalence.tsv;agents/C/C-06/report.md;agents/C/C-06/source-coverage.tsv	explicit-bounded-static-read:19-24; full:1-45
reference	8c5911e4a4b07b07e832e4bb0d5d8859e88b4a9b	Data/Scripts/010_Data/002_PBS data/008_Species.rb	script	WP03 §3.2/WP04 §4.2（schema 消费边界）＋各领域包字段语义	已覆盖（PBS 数据类与 schema 消费边界在案；字段语义按各领域包分层）	无开放剩余——字段语义按各领域包分层（carrier 所列章节承接，非未处理项）	MAPPED_REVIEWED_SCOPED; OPEN_REQUIRED_REVISION_LINKED	A;B;C;ROOT	agents/A/A-01/reading-log.tsv;agents/A/A-02/reading-log.tsv;agents/A/A-03/reading-log.tsv;agents/A/A-04/reading-log.tsv;agents/A/A-07/reading-log.tsv;agents/A/A-08/reading-log.tsv;agents/A/X-A-EDIT-CACHE/reading-log.tsv;agents/A/X-A-FACILITY-RESTORE/comparison-reading-log.tsv;agents/B/B-01/reading-log.tsv;agents/B/B-05/reading-log.tsv;agents/B/B-06/reading-log.tsv;agents/B/B-07/reading-log.tsv;agents/B/B-09/reading-log.tsv;agents/C/C-01-S2/reading-log.tsv;agents/C/C-01/reading-log.tsv;agents/C/C-04/reading-log.tsv;agents/C/C-07/reading-log.tsv;agents/C/C-08/reading-log.tsv;agents/C/X-C-FORM-SHADOW/reading-log.tsv;root/peer-reading-log.tsv	455	455	TRUE	仅认可所链接主审行为族与取证范围；整文件行段读完不等于每个分支/配置组合或运行结果已证。	GIR-FD82-A021;GIR-FD82-A047;GIR-FD82-A054;GIR-FD82-B032;GIR-FD82-C022;GIR-FD82-C122	agents/A/A-01/equivalence.tsv;agents/A/A-01/report.md;agents/A/A-01/source-coverage.tsv;agents/A/A-02/equivalence.tsv;agents/A/A-02/report.md;agents/A/A-02/source-coverage.tsv;agents/A/A-03/equivalence.tsv;agents/A/A-03/report.md;agents/A/A-03/source-coverage.tsv;agents/A/A-04/equivalence.tsv;agents/A/A-04/report.md;agents/A/A-04/source-coverage.tsv;agents/A/A-07/equivalence.tsv;agents/A/A-07/report.md;agents/A/A-07/source-coverage.tsv;agents/A/A-08/equivalence.tsv;agents/A/A-08/report.md;agents/A/A-08/source-coverage.tsv;agents/B/B-01/equivalence.tsv;agents/B/B-01/report.md;agents/B/B-01/source-coverage.tsv;agents/B/B-05/equivalence.tsv;agents/B/B-05/report.md;agents/B/B-05/source-coverage.tsv;agents/B/B-06/equivalence.tsv;agents/B/B-06/report.md;agents/B/B-06/source-coverage.tsv;agents/B/B-07/equivalence.tsv;agents/B/B-07/report.md;agents/B/B-07/source-coverage.tsv;agents/B/B-09/equivalence.tsv;agents/B/B-09/report.md;agents/B/B-09/source-coverage.tsv;agents/C/C-01-S2/equivalence.tsv;agents/C/C-01-S2/report.md;agents/C/C-01-S2/source-coverage.tsv;agents/C/C-01/equivalence.tsv;agents/C/C-01/report.md;agents/C/C-01/source-coverage.tsv;agents/C/C-04/equivalence.tsv;agents/C/C-04/report.md;agents/C/C-04/source-coverage.tsv;agents/C/C-07/equivalence.tsv;agents/C/C-07/report.md;agents/C/C-07/source-coverage.tsv;agents/C/C-08/equivalence.tsv;agents/C/C-08/report.md;agents/C/C-08/source-coverage.tsv;agents/C/X-C-FORM-SHADOW/source-coverage.tsv	targeted:1-112;154-240; targeted:214-245; full:1-455; same_agent_named_reuse:A-03:1-455; targeted:270-391; targeted:35-80; full_reused:1-455; targeted:60-90;120-138;164-183;189-211;225-239;285-390; SEMANTIC_TARGETED; exact cited ranges read:267–269; SEMANTIC_TARGETED; exact cited ranges read:103–147,175–220,299–327,392–440; fresh targeted:63–89; targeted:334-382; bounded-evolution-helper:270-294; reused-bounded-evolution-helper:270-294; bounded-substantive:262-335; bounded-substantive:33-68;208-224; targeted:392-413; targeted:263-280; targeted:415-446; targeted:278-335; targeted:113-146; targeted-reread:113-155;415-419; targeted:45-112;388-442; targeted-reread:141-148; targeted:144-168; targeted_static_dependency:1-57;174-235;244-275; targeted:120-183; prior-targeted:120-183 reused C-08; TARGETED_SECOND_REVIEW:175-220; TARGETED_SECOND_REVIEW:68-75; TARGETED_SECOND_REVIEW:175-183; TARGETED_SECOND_REVIEW:225-231; TARGETED_SECOND_REVIEW:39-41;63-65;216-218; TARGETED_ROOT_SECOND_REVIEW:175-193;223-230;255-256
reference	8c5911e4a4b07b07e832e4bb0d5d8859e88b4a9b	Data/Scripts/010_Data/002_PBS data/009_Species_files.rb	script	WP03 §3.2/WP04 §4.2（schema 消费边界）＋各领域包字段语义	已覆盖（PBS 数据类与 schema 消费边界在案；字段语义按各领域包分层）	无开放剩余——字段语义按各领域包分层（carrier 所列章节承接，非未处理项）	MAPPED_REVIEWED_SCOPED; OPEN_REQUIRED_REVISION_LINKED	A;C;ROOT	agents/A/A-04/reading-log.tsv;agents/C/C-01-S2/reading-log.tsv;agents/C/C-04/reading-log.tsv;agents/C/C-07/reading-log.tsv;root/peer-reading-log.tsv	246	246	TRUE	仅认可所链接主审行为族与取证范围；整文件行段读完不等于每个分支/配置组合或运行结果已证。	GIR-FD82-C007;GIR-FD82-C060;GIR-FD82-C122	agents/A/A-04/equivalence.tsv;agents/A/A-04/report.md;agents/A/A-04/source-coverage.tsv;agents/C/C-01-S2/equivalence.tsv;agents/C/C-01-S2/report.md;agents/C/C-01-S2/source-coverage.tsv;agents/C/C-04/equivalence.tsv;agents/C/C-04/report.md;agents/C/C-04/source-coverage.tsv;agents/C/C-07/equivalence.tsv;agents/C/C-07/report.md;agents/C/C-07/source-coverage.tsv	targeted:79-110; targeted:157-177; full:1-246; targeted_static_dependency:1-76;110-132; TARGETED_SECOND_REVIEW:224-243; TARGETED_EXTENSION_REVIEW:3-34; TARGETED_ROOT_SECOND_REVIEW:3-48
reference	8c5911e4a4b07b07e832e4bb0d5d8859e88b4a9b	Data/Scripts/010_Data/002_PBS data/010_SpeciesMetrics.rb	script	WP03 §3.2/WP04 §4.2（schema 消费边界）＋各领域包字段语义	已覆盖（PBS 数据类与 schema 消费边界在案；字段语义按各领域包分层）	无开放剩余——字段语义按各领域包分层（carrier 所列章节承接，非未处理项）	MAPPED_REVIEWED_SCOPED; OPEN_REQUIRED_REVISION_LINKED	A;C	agents/A/A-01/reading-log.tsv;agents/A/X-A-EDIT-CACHE/reading-log.tsv;agents/C/C-01-S2/reading-log.tsv	101	101	TRUE	仅认可所链接主审行为族与取证范围；整文件行段读完不等于每个分支/配置组合或运行结果已证。	GIR-FD82-C016	agents/A/A-01/equivalence.tsv;agents/A/A-01/report.md;agents/A/A-01/source-coverage.tsv;agents/C/C-01-S2/equivalence.tsv;agents/C/C-01-S2/report.md;agents/C/C-01-S2/source-coverage.tsv	targeted:1-100; SEMANTIC_TARGETED; exact cited ranges read:1–101; full:1-101
reference	8c5911e4a4b07b07e832e4bb0d5d8859e88b4a9b	Data/Scripts/010_Data/002_PBS data/011_ShadowPokemon.rb	script	WP03 §3.2/WP04 §4.2（schema 消费边界）＋各领域包字段语义	已覆盖（PBS 数据类与 schema 消费边界在案；字段语义按各领域包分层）	无开放剩余——字段语义按各领域包分层（carrier 所列章节承接，非未处理项）	MAPPED_REVIEWED_SCOPED	A;C	agents/A/A-01/reading-log.tsv;agents/A/A-04/reading-log.tsv;agents/C/X-C-FORM-SHADOW/reading-log.tsv	70	70	TRUE	仅认可所链接主审行为族与取证范围；整文件行段读完不等于每个分支/配置组合或运行结果已证。	-	agents/A/A-01/equivalence.tsv;agents/A/A-01/report.md;agents/A/A-01/source-coverage.tsv;agents/A/A-04/equivalence.tsv;agents/A/A-04/report.md;agents/A/A-04/source-coverage.tsv;agents/C/X-C-FORM-SHADOW/source-coverage.tsv	targeted:1-68; full:1-70; fresh-full:1-70
reference	8c5911e4a4b07b07e832e4bb0d5d8859e88b4a9b	Data/Scripts/010_Data/002_PBS data/012_Ribbon.rb	script	WP03 §3.2/WP04 §4.2（schema 消费边界）＋各领域包字段语义	已覆盖（PBS 数据类与 schema 消费边界在案；字段语义按各领域包分层）	无开放剩余——字段语义按各领域包分层（carrier 所列章节承接，非未处理项）	MAPPED_REVIEWED_SCOPED	A	agents/A/A-04/reading-log.tsv	48	48	TRUE	仅认可所链接主审行为族与取证范围；整文件行段读完不等于每个分支/配置组合或运行结果已证。	-	agents/A/A-04/equivalence.tsv;agents/A/A-04/report.md;agents/A/A-04/source-coverage.tsv	full:1-48
reference	8c5911e4a4b07b07e832e4bb0d5d8859e88b4a9b	Data/Scripts/010_Data/002_PBS data/013_Encounter.rb	script	WP03 §3.2/WP04 §4.2（schema 消费边界）＋各领域包字段语义	已覆盖（PBS 数据类与 schema 消费边界在案；字段语义按各领域包分层）	无开放剩余——字段语义按各领域包分层（carrier 所列章节承接，非未处理项）	MAPPED_REVIEWED_SCOPED	A;C	agents/A/A-01/reading-log.tsv;agents/A/A-08/reading-log.tsv;agents/A/X-A-EDIT-CACHE/reading-log.tsv;agents/C/C-01/reading-log.tsv;agents/C/C-05/reading-log.tsv;agents/C/C-06/reading-log.tsv	71	71	TRUE	仅认可所链接主审行为族与取证范围；整文件行段读完不等于每个分支/配置组合或运行结果已证。	-	agents/A/A-01/equivalence.tsv;agents/A/A-01/report.md;agents/A/A-01/source-coverage.tsv;agents/A/A-08/equivalence.tsv;agents/A/A-08/report.md;agents/A/A-08/source-coverage.tsv;agents/C/C-01/equivalence.tsv;agents/C/C-01/report.md;agents/C/C-01/source-coverage.tsv;agents/C/C-05/equivalence.tsv;agents/C/C-05/report.md;agents/C/C-05/source-coverage.tsv;agents/C/C-06/equivalence.tsv;agents/C/C-06/report.md;agents/C/C-06/source-coverage.tsv	full:1-71; SEMANTIC_TARGETED; exact cited ranges read:30–35,62–69; targeted:1-71; targeted:1-65
reference	8c5911e4a4b07b07e832e4bb0d5d8859e88b4a9b	Data/Scripts/010_Data/002_PBS data/014_TrainerType.rb	script	WP03 §3.2/WP04 §4.2（schema 消费边界）＋各领域包字段语义	已覆盖（PBS 数据类与 schema 消费边界在案；字段语义按各领域包分层）	无开放剩余——字段语义按各领域包分层（carrier 所列章节承接，非未处理项）	MAPPED_REVIEWED_SCOPED; OPEN_REQUIRED_REVISION_LINKED	A;B;C;ROOT	agents/A/A-05/reading-log.tsv;agents/A/X-A-WP79-NA-AUDIT/reading-log.tsv;agents/B/B-05/reading-log.tsv;agents/B/X-B-C06-RECHECK/reading-log.tsv;agents/C/C-02/reading-log.tsv;agents/C/C-04/reading-log.tsv;agents/C/C-06/reading-log.tsv;root/peer-reading-log.tsv	134	134	TRUE	仅认可所链接主审行为族与取证范围；整文件行段读完不等于每个分支/配置组合或运行结果已证。	GIR-FD82-A059;GIR-FD82-C007;GIR-FD82-C107	agents/A/A-05/equivalence.tsv;agents/A/A-05/report.md;agents/A/A-05/source-coverage.tsv;agents/A/X-A-WP79-NA-AUDIT/report.md;agents/A/X-A-WP79-NA-AUDIT/source-coverage.tsv;agents/B/B-05/equivalence.tsv;agents/B/B-05/report.md;agents/B/B-05/source-coverage.tsv;agents/B/X-B-C06-RECHECK/equivalence.tsv;agents/B/X-B-C06-RECHECK/report.md;agents/B/X-B-C06-RECHECK/source-coverage.tsv;agents/C/C-02/equivalence.tsv;agents/C/C-02/report.md;agents/C/C-02/source-coverage.tsv;agents/C/C-04/equivalence.tsv;agents/C/C-04/report.md;agents/C/C-04/source-coverage.tsv;agents/C/C-06/equivalence.tsv;agents/C/C-06/report.md;agents/C/C-06/source-coverage.tsv	full_current:1-134; targeted_current:1-33;97-113; full:1-134; explicit-bounded-static-read:18-34; targeted-reread:35-85; targeted:1-104; TARGETED_EXTENSION_REVIEW:52-61; TARGETED_ROOT_SOURCE_SECOND_REVIEW:18-30;101-111
reference	8c5911e4a4b07b07e832e4bb0d5d8859e88b4a9b	Data/Scripts/010_Data/002_PBS data/015_Trainer.rb	script	WP03 §3.2/WP04 §4.2（schema 消费边界）＋各领域包字段语义	已覆盖（PBS 数据类与 schema 消费边界在案；字段语义按各领域包分层）	无开放剩余——字段语义按各领域包分层（carrier 所列章节承接，非未处理项）	MAPPED_REVIEWED_SCOPED; OPEN_REQUIRED_REVISION_LINKED	A;B;C;ROOT	agents/A/A-01/reading-log.tsv;agents/A/A-03/reading-log.tsv;agents/A/A-04/reading-log.tsv;agents/A/A-05/reading-log.tsv;agents/A/X-A-EDIT-CACHE/reading-log.tsv;agents/B/B-05/reading-log.tsv;agents/B/B-06/reading-log.tsv;agents/C/C-01-S2/reading-log.tsv;agents/C/C-02/reading-log.tsv;agents/C/C-06/reading-log.tsv;root/peer-reading-log.tsv	213	213	TRUE	仅认可所链接主审行为族与取证范围；整文件行段读完不等于每个分支/配置组合或运行结果已证。	GIR-FD82-B020;GIR-FD82-C021	agents/A/A-01/equivalence.tsv;agents/A/A-01/report.md;agents/A/A-01/source-coverage.tsv;agents/A/A-03/equivalence.tsv;agents/A/A-03/report.md;agents/A/A-03/source-coverage.tsv;agents/A/A-04/equivalence.tsv;agents/A/A-04/report.md;agents/A/A-04/source-coverage.tsv;agents/A/A-05/equivalence.tsv;agents/A/A-05/report.md;agents/A/A-05/source-coverage.tsv;agents/B/B-05/equivalence.tsv;agents/B/B-05/report.md;agents/B/B-05/source-coverage.tsv;agents/B/B-06/equivalence.tsv;agents/B/B-06/report.md;agents/B/B-06/source-coverage.tsv;agents/C/C-01-S2/equivalence.tsv;agents/C/C-01-S2/report.md;agents/C/C-01-S2/source-coverage.tsv;agents/C/C-02/equivalence.tsv;agents/C/C-02/report.md;agents/C/C-02/source-coverage.tsv;agents/C/C-06/equivalence.tsv;agents/C/C-06/report.md;agents/C/C-06/source-coverage.tsv	targeted:1-110; targeted:1-194; targeted:130-179; full_current:1-213; SEMANTIC_TARGETED; exact cited ranges read:86–101,154–164; bounded-definition-and-input-chain:1-138; bounded-reread:9-35;100-128; targeted:100-213; targeted:74-101; targeted:50-92; targeted:1-115; TARGETED_SECOND_REVIEW:18-23;86-101;123-127
reference	8c5911e4a4b07b07e832e4bb0d5d8859e88b4a9b	Data/Scripts/010_Data/002_PBS data/016_Metadata.rb	script	WP03 §3.2/WP04 §4.2（schema 消费边界）＋各领域包字段语义	已覆盖（PBS 数据类与 schema 消费边界在案；字段语义按各领域包分层）	无开放剩余——字段语义按各领域包分层（carrier 所列章节承接，非未处理项）	MAPPED_REVIEWED_SCOPED	A;C	agents/A/A-01/reading-log.tsv;agents/A/A-05/reading-log.tsv;agents/A/A-06/reading-log.tsv;agents/C/C-02/reading-log.tsv;agents/C/C-06/reading-log.tsv	81	81	TRUE	仅认可所链接主审行为族与取证范围；整文件行段读完不等于每个分支/配置组合或运行结果已证。	-	agents/A/A-01/equivalence.tsv;agents/A/A-01/report.md;agents/A/A-01/source-coverage.tsv;agents/A/A-05/equivalence.tsv;agents/A/A-05/report.md;agents/A/A-05/source-coverage.tsv;agents/A/A-06/equivalence.tsv;agents/A/A-06/report.md;agents/A/A-06/source-coverage.tsv;agents/C/C-02/equivalence.tsv;agents/C/C-02/report.md;agents/C/C-02/source-coverage.tsv;agents/C/C-06/equivalence.tsv;agents/C/C-06/report.md;agents/C/C-06/source-coverage.tsv	targeted:1-80; full_current:1-81; same_agent_named_reuse:1-81; targeted-reread:1-65; targeted:1-70
reference	8c5911e4a4b07b07e832e4bb0d5d8859e88b4a9b	Data/Scripts/010_Data/002_PBS data/017_PlayerMetadata.rb	script	WP03 §3.2/WP04 §4.2（schema 消费边界）＋各领域包字段语义	已覆盖（PBS 数据类与 schema 消费边界在案；字段语义按各领域包分层）	无开放剩余——字段语义按各领域包分层（carrier 所列章节承接，非未处理项）	MAPPED_REVIEWED_SCOPED	A;C	agents/A/A-01/reading-log.tsv;agents/A/A-05/reading-log.tsv;agents/C/C-06/reading-log.tsv	95	95	TRUE	仅认可所链接主审行为族与取证范围；整文件行段读完不等于每个分支/配置组合或运行结果已证。	-	agents/A/A-01/equivalence.tsv;agents/A/A-01/report.md;agents/A/A-01/source-coverage.tsv;agents/A/A-05/equivalence.tsv;agents/A/A-05/report.md;agents/A/A-05/source-coverage.tsv;agents/C/C-06/equivalence.tsv;agents/C/C-06/report.md;agents/C/C-06/source-coverage.tsv	targeted:1-65; full_current:1-95
reference	8c5911e4a4b07b07e832e4bb0d5d8859e88b4a9b	Data/Scripts/010_Data/002_PBS data/018_MapMetadata.rb	script	WP03 §3.2/WP04 §4.2（schema 消费边界）＋各领域包字段语义	已覆盖（PBS 数据类与 schema 消费边界在案；字段语义按各领域包分层）	无开放剩余——字段语义按各领域包分层（carrier 所列章节承接，非未处理项）	MAPPED_REVIEWED_SCOPED; OPEN_REQUIRED_REVISION_LINKED	A;B;C	agents/A/A-01/reading-log.tsv;agents/A/A-07/reading-log.tsv;agents/A/A-08/reading-log.tsv;agents/A/X-A-C05-RECHECK/reading-log.tsv;agents/A/X-A-EDIT-CACHE/comparison-reading-log.tsv;agents/B/X-B-C06-RECHECK/reading-log.tsv;agents/C/C-01-S2/reading-log.tsv;agents/C/C-03/reading-log.tsv;agents/C/C-05/reading-log.tsv;agents/C/C-06/reading-log.tsv;agents/C/X-C-ROOT-COVERAGE/reading-log.tsv	138	138	TRUE	仅认可所链接主审行为族与取证范围；整文件行段读完不等于每个分支/配置组合或运行结果已证。	GIR-FD82-C110	agents/A/A-01/equivalence.tsv;agents/A/A-01/report.md;agents/A/A-01/source-coverage.tsv;agents/A/A-07/equivalence.tsv;agents/A/A-07/report.md;agents/A/A-07/source-coverage.tsv;agents/A/A-08/equivalence.tsv;agents/A/A-08/report.md;agents/A/A-08/source-coverage.tsv;agents/A/X-A-C05-RECHECK/equivalence.tsv;agents/A/X-A-C05-RECHECK/report.md;agents/A/X-A-C05-RECHECK/source-coverage.tsv;agents/B/X-B-C06-RECHECK/equivalence.tsv;agents/B/X-B-C06-RECHECK/report.md;agents/B/X-B-C06-RECHECK/source-coverage.tsv;agents/C/C-01-S2/equivalence.tsv;agents/C/C-01-S2/report.md;agents/C/C-01-S2/source-coverage.tsv;agents/C/C-03/equivalence.tsv;agents/C/C-03/report.md;agents/C/C-03/source-coverage.tsv;agents/C/C-05/equivalence.tsv;agents/C/C-05/report.md;agents/C/C-05/source-coverage.tsv;agents/C/C-06/equivalence.tsv;agents/C/C-06/report.md;agents/C/C-06/source-coverage.tsv	targeted:1-123; targeted:93-138; full:1-138; fresh static semantic reading:1-77; :1–138; explicit-bounded-static-read:42-42; explicit-bounded-static-read:55-55; targeted:62-93; targeted:1-125; targeted:1-60; :1-138
reference	8c5911e4a4b07b07e832e4bb0d5d8859e88b4a9b	Data/Scripts/010_Data/002_PBS data/019_DungeonTileset.rb	script	WP03 §3.2/WP04 §4.2（schema 消费边界）＋各领域包字段语义	已覆盖（PBS 数据类与 schema 消费边界在案；字段语义按各领域包分层）	无开放剩余——字段语义按各领域包分层（carrier 所列章节承接，非未处理项）	MAPPED_REVIEWED_SCOPED; OPEN_REQUIRED_REVISION_LINKED	A;C;ROOT	agents/A/A-01/reading-log.tsv;agents/C/C-03/reading-log.tsv;root/peer-reading-log.tsv	222	222	TRUE	仅认可所链接主审行为族与取证范围；整文件行段读完不等于每个分支/配置组合或运行结果已证。	GIR-FD82-C048	agents/A/A-01/equivalence.tsv;agents/A/A-01/report.md;agents/A/A-01/source-coverage.tsv;agents/C/C-03/equivalence.tsv;agents/C/C-03/report.md;agents/C/C-03/source-coverage.tsv	targeted:1-65; full:1-222; TARGETED_SECOND_REVIEW:59-146;164-196
reference	8c5911e4a4b07b07e832e4bb0d5d8859e88b4a9b	Data/Scripts/010_Data/002_PBS data/020_DungeonParameters.rb	script	WP03 §3.2/WP04 §4.2（schema 消费边界）＋各领域包字段语义	已覆盖（PBS 数据类与 schema 消费边界在案；字段语义按各领域包分层）	无开放剩余——字段语义按各领域包分层（carrier 所列章节承接，非未处理项）	MAPPED_REVIEWED_SCOPED; OPEN_REQUIRED_REVISION_LINKED	A;C;ROOT	agents/A/A-01/reading-log.tsv;agents/C/C-02/reading-log.tsv;agents/C/C-03/reading-log.tsv;root/peer-reading-log.tsv	135	135	TRUE	仅认可所链接主审行为族与取证范围；整文件行段读完不等于每个分支/配置组合或运行结果已证。	GIR-FD82-C003;GIR-FD82-C044;GIR-FD82-C047	agents/A/A-01/equivalence.tsv;agents/A/A-01/report.md;agents/A/A-01/source-coverage.tsv;agents/C/C-02/equivalence.tsv;agents/C/C-02/report.md;agents/C/C-02/source-coverage.tsv;agents/C/C-03/equivalence.tsv;agents/C/C-03/report.md;agents/C/C-03/source-coverage.tsv	targeted:1-100; targeted:1-115; full:1-135; TARGETED_SECOND_REVIEW:34-50; TARGETED_SECOND_REVIEW:43-48;86-93; TARGETED_EXTENSION_REVIEW:71-78
reference	8c5911e4a4b07b07e832e4bb0d5d8859e88b4a9b	Data/Scripts/010_Data/002_PBS data/021_PhoneMessage.rb	script	WP03 §3.2/WP04 §4.2（schema 消费边界）＋各领域包字段语义	已覆盖（PBS 数据类与 schema 消费边界在案；字段语义按各领域包分层）	无开放剩余——字段语义按各领域包分层（carrier 所列章节承接，非未处理项）	MAPPED_REVIEWED_SCOPED; OPEN_REQUIRED_REVISION_LINKED	A;B;C	agents/A/A-01/reading-log.tsv;agents/B/X-B-C06-RECHECK/reading-log.tsv;agents/C/C-06/reading-log.tsv	100	100	TRUE	仅认可所链接主审行为族与取证范围；整文件行段读完不等于每个分支/配置组合或运行结果已证。	GIR-FD82-C108	agents/A/A-01/equivalence.tsv;agents/A/A-01/report.md;agents/A/A-01/source-coverage.tsv;agents/B/X-B-C06-RECHECK/equivalence.tsv;agents/B/X-B-C06-RECHECK/report.md;agents/B/X-B-C06-RECHECK/source-coverage.tsv;agents/C/C-06/equivalence.tsv;agents/C/C-06/report.md;agents/C/C-06/source-coverage.tsv	targeted:1-94; explicit-bounded-static-read:65-69; full:1-100
reference	8c5911e4a4b07b07e832e4bb0d5d8859e88b4a9b	Data/Scripts/011_Battle/001_Battle/001_Battle.rb	script	WP39 §3–6＋WP40 §3–6＋WP41 §3–6＋WP42 §3–7	已覆盖（战斗上下文/命令/换人/终局合同在案）	无具名行为剩余	MAPPED_REVIEWED_SCOPED; OPEN_REQUIRED_REVISION_LINKED	A;B;C;ROOT	agents/A/A-03/reading-log.tsv;agents/A/A-04/reading-log.tsv;agents/A/A-05/reading-log.tsv;agents/A/A-07/reading-log.tsv;agents/A/A-08/reading-log.tsv;agents/A/X-A-CAPTURE-PARTNER/reading-log.tsv;agents/A/X-A-FACILITY-RESTORE/reading-log.tsv;agents/B/B-01/reading-log.tsv;agents/B/B-02/reading-log.tsv;agents/B/B-03/reading-log.tsv;agents/B/B-04/reading-log.tsv;agents/B/B-05/reading-log.tsv;agents/B/B-06/reading-log.tsv;agents/B/B-07/reading-log.tsv;agents/B/B-08/reading-log.tsv;agents/B/B-09/reading-log.tsv;agents/B/X-B-TARGET-NEARNESS/reading-log.tsv;agents/C/C-01-S1/reading-log.tsv;root/peer-reading-log.tsv	867	867	TRUE	仅认可所链接主审行为族与取证范围；整文件行段读完不等于每个分支/配置组合或运行结果已证。	GIR-FD82-003;GIR-FD82-005;GIR-FD82-B002;GIR-FD82-B012;GIR-FD82-B013;GIR-FD82-B032;GIR-FD82-B033	agents/A/A-03/equivalence.tsv;agents/A/A-03/report.md;agents/A/A-03/source-coverage.tsv;agents/A/A-04/equivalence.tsv;agents/A/A-04/report.md;agents/A/A-04/source-coverage.tsv;agents/A/A-05/equivalence.tsv;agents/A/A-05/report.md;agents/A/A-05/source-coverage.tsv;agents/A/A-07/equivalence.tsv;agents/A/A-07/report.md;agents/A/A-07/source-coverage.tsv;agents/A/A-08/equivalence.tsv;agents/A/A-08/report.md;agents/A/A-08/source-coverage.tsv;agents/B/B-01/equivalence.tsv;agents/B/B-01/report.md;agents/B/B-01/source-coverage.tsv;agents/B/B-02/equivalence.tsv;agents/B/B-02/report.md;agents/B/B-02/source-coverage.tsv;agents/B/B-03/equivalence.tsv;agents/B/B-03/report.md;agents/B/B-03/source-coverage.tsv;agents/B/B-04/equivalence.tsv;agents/B/B-04/report.md;agents/B/B-04/source-coverage.tsv;agents/B/B-05/equivalence.tsv;agents/B/B-05/report.md;agents/B/B-05/source-coverage.tsv;agents/B/B-06/equivalence.tsv;agents/B/B-06/report.md;agents/B/B-06/source-coverage.tsv;agents/B/B-07/equivalence.tsv;agents/B/B-07/report.md;agents/B/B-07/source-coverage.tsv;agents/B/B-08/equivalence.tsv;agents/B/B-08/report.md;agents/B/B-08/source-coverage.tsv;agents/B/B-09/equivalence.tsv;agents/B/B-09/report.md;agents/B/B-09/source-coverage.tsv;agents/B/X-B-TARGET-NEARNESS/report.md;agents/C/C-01-S1/equivalence.tsv;agents/C/C-01-S1/report.md;agents/C/C-01-S1/source-coverage.tsv	same_agent_X_reuse:98-173;179-247;300-346;348-397;567-682; targeted:88-97;124-180;212-342;644-688; targeted_current:370-446; targeted:260-280; targeted:390-415; targeted:635-651; targeted:645-697; targeted:98-173;179-247;300-346;348-397;567-682; fresh targeted:111–145;303–315; full:1-867; reused-full:1-867; targeted:119-159; targeted-reread:646-867; bounded-reread:265-276; bounded-substantive:90-205;275-290;690-815; reused-reused-full:1-867; bounded-substantive:98-174;285-412;458-580;810-867; informed-bounded-source-recheck:180-209;450-475;530-582; targeted-dependency:396-417;640-652; TARGETED_SECOND_REVIEW:98-103;365-380; TARGETED_SECOND_REVIEW:104-173; TARGETED_SECOND_REVIEW:602-634; TARGETED_SECOND_REVIEW:440-464; TARGETED_SECOND_REVIEW:198-240;445-483;553-580;600-663; TARGETED_SECOND_REVIEW:694-698;707-759;780-784; TARGETED_SECOND_REVIEW:499-553; TARGETED_SECOND_REVIEW:147-172; TARGETED_SECOND_REVIEW:458-471;553-576
reference	8c5911e4a4b07b07e832e4bb0d5d8859e88b4a9b	Data/Scripts/011_Battle/001_Battle/002_Battle_StartAndEnd.rb	script	WP39 §3–6＋WP40 §3–6＋WP41 §3–6＋WP42 §3–7	已覆盖（战斗上下文/命令/换人/终局合同在案）	无具名行为剩余	MAPPED_REVIEWED_SCOPED; OPEN_REQUIRED_REVISION_LINKED	A;B;C;ROOT	agents/A/A-02/reading-log.tsv;agents/A/A-03/reading-log.tsv;agents/A/A-04/reading-log.tsv;agents/A/A-05/reading-log.tsv;agents/A/A-07/reading-log.tsv;agents/A/A-08/reading-log.tsv;agents/A/X-A-CAPTURE-PARTNER/reading-log.tsv;agents/A/X-A-FACILITY-RESTORE/reading-log.tsv;agents/A/X-A-FORM-SHADOW-SUPPLEMENT/reading-log.tsv;agents/B/B-01/reading-log.tsv;agents/B/B-02/reading-log.tsv;agents/B/B-03/reading-log.tsv;agents/B/B-04/reading-log.tsv;agents/B/B-05/reading-log.tsv;agents/B/B-07/reading-log.tsv;agents/B/B-08/reading-log.tsv;agents/B/B-09/reading-log.tsv;agents/B/X-B-TARGET-NEARNESS/reading-log.tsv;agents/C/C-01-S1/reading-log.tsv;agents/C/C-05/reading-log.tsv;agents/C/C-06/reading-log.tsv;agents/C/X-C-FORM-SHADOW/reading-log.tsv;root/peer-reading-log.tsv;root/reading-supplement.tsv	568	568	TRUE	仅认可所链接主审行为族与取证范围；整文件行段读完不等于每个分支/配置组合或运行结果已证。	GIR-FD82-003;GIR-FD82-B002;GIR-FD82-B013;GIR-FD82-B025;GIR-FD82-B028	agents/A/A-02/equivalence.tsv;agents/A/A-02/report.md;agents/A/A-02/source-coverage.tsv;agents/A/A-03/equivalence.tsv;agents/A/A-03/report.md;agents/A/A-03/source-coverage.tsv;agents/A/A-04/equivalence.tsv;agents/A/A-04/report.md;agents/A/A-04/source-coverage.tsv;agents/A/A-05/equivalence.tsv;agents/A/A-05/report.md;agents/A/A-05/source-coverage.tsv;agents/A/A-07/equivalence.tsv;agents/A/A-07/report.md;agents/A/A-07/source-coverage.tsv;agents/A/A-08/equivalence.tsv;agents/A/A-08/report.md;agents/A/A-08/source-coverage.tsv;agents/B/B-01/equivalence.tsv;agents/B/B-01/report.md;agents/B/B-01/source-coverage.tsv;agents/B/B-02/equivalence.tsv;agents/B/B-02/report.md;agents/B/B-02/source-coverage.tsv;agents/B/B-03/equivalence.tsv;agents/B/B-03/report.md;agents/B/B-03/source-coverage.tsv;agents/B/B-04/equivalence.tsv;agents/B/B-04/report.md;agents/B/B-04/source-coverage.tsv;agents/B/B-05/equivalence.tsv;agents/B/B-05/report.md;agents/B/B-05/source-coverage.tsv;agents/B/B-07/equivalence.tsv;agents/B/B-07/report.md;agents/B/B-07/source-coverage.tsv;agents/B/B-08/equivalence.tsv;agents/B/B-08/report.md;agents/B/B-08/source-coverage.tsv;agents/B/B-09/equivalence.tsv;agents/B/B-09/report.md;agents/B/B-09/source-coverage.tsv;agents/B/X-B-TARGET-NEARNESS/report.md;agents/C/C-01-S1/equivalence.tsv;agents/C/C-01-S1/report.md;agents/C/C-01-S1/source-coverage.tsv;agents/C/C-05/equivalence.tsv;agents/C/C-05/report.md;agents/C/C-05/source-coverage.tsv;agents/C/C-06/equivalence.tsv;agents/C/C-06/report.md;agents/C/C-06/source-coverage.tsv;agents/C/X-C-FORM-SHADOW/source-coverage.tsv	targeted:354-414; same_agent_X_reuse:1-150;405-554; targeted:118-136;254-284;477-513; targeted_current:330-410; targeted:452-511; targeted:115-140; targeted:1-150;405-554; fresh targeted:405–511; targeted_current_reread:470-513; full:1-568; reused-full:1-568; targeted:479-511; bounded-reread:329-348; bounded-substantive:310-375;395-568; bounded-substantive:1-135;210-350;395-568; reused-reused-full:1-568; bounded-substantive:1-32;150-210;247-360; informed-bounded-source-recheck:1-104;109-166;267; targeted-dependency:94-123; targeted:480-562; targeted:465-519; fresh-targeted:94-132;360-384;451-568; TARGETED_SECOND_REVIEW:16-104; TARGETED_SECOND_REVIEW:109-117; TARGETED_SECOND_REVIEW:322-347;405-438;555-568; TARGETED_SECOND_REVIEW:279-317;322-347;555-568; TARGETED_STATIC:433-511
reference	8c5911e4a4b07b07e832e4bb0d5d8859e88b4a9b	Data/Scripts/011_Battle/001_Battle/003_Battle_ExpAndMoveLearning.rb	script	WP39 §3–6＋WP40 §3–6＋WP41 §3–6＋WP42 §3–7	已覆盖（战斗上下文/命令/换人/终局合同在案）	无具名行为剩余	MAPPED_REVIEWED_SCOPED; OPEN_REQUIRED_REVISION_LINKED	A;B;C;ROOT	agents/A/A-02/reading-log.tsv;agents/A/A-03/reading-log.tsv;agents/A/A-04/reading-log.tsv;agents/A/A-05/reading-log.tsv;agents/A/A-06/reading-log.tsv;agents/A/A-07/reading-log.tsv;agents/A/X-A-FACILITY-RESTORE/reading-log.tsv;agents/A/X-A-FORM-SHADOW-SUPPLEMENT/comparison-reading-log.tsv;agents/A/X-A-FORM-SHADOW-SUPPLEMENT/reading-log.tsv;agents/B/B-02/reading-log.tsv;agents/B/B-05/reading-log.tsv;agents/B/B-07/reading-log.tsv;agents/B/B-08/reading-log.tsv;agents/B/B-09/reading-log.tsv;agents/C/X-C-FORM-SHADOW/reading-log.tsv;root/peer-reading-log.tsv;root/reading-supplement.tsv	271	271	TRUE	仅认可所链接主审行为族与取证范围；整文件行段读完不等于每个分支/配置组合或运行结果已证。	GIR-FD82-A047;GIR-FD82-A049;GIR-FD82-B025	agents/A/A-02/equivalence.tsv;agents/A/A-02/report.md;agents/A/A-02/source-coverage.tsv;agents/A/A-03/equivalence.tsv;agents/A/A-03/report.md;agents/A/A-03/source-coverage.tsv;agents/A/A-04/equivalence.tsv;agents/A/A-04/report.md;agents/A/A-04/source-coverage.tsv;agents/A/A-05/equivalence.tsv;agents/A/A-05/report.md;agents/A/A-05/source-coverage.tsv;agents/A/A-06/equivalence.tsv;agents/A/A-06/report.md;agents/A/A-06/source-coverage.tsv;agents/A/A-07/equivalence.tsv;agents/A/A-07/report.md;agents/A/A-07/source-coverage.tsv;agents/B/B-02/equivalence.tsv;agents/B/B-02/report.md;agents/B/B-02/source-coverage.tsv;agents/B/B-05/equivalence.tsv;agents/B/B-05/report.md;agents/B/B-05/source-coverage.tsv;agents/B/B-07/equivalence.tsv;agents/B/B-07/report.md;agents/B/B-07/source-coverage.tsv;agents/B/B-08/equivalence.tsv;agents/B/B-08/report.md;agents/B/B-08/source-coverage.tsv;agents/B/B-09/equivalence.tsv;agents/B/B-09/report.md;agents/B/B-09/source-coverage.tsv;agents/C/X-C-FORM-SHADOW/source-coverage.tsv	targeted:170-204; targeted:45-100;182-256; targeted:1-105;150-225; targeted_current:1-23; targeted_current:58-95; full:1-271; fresh targeted; full A-07 available:1–32; phase1_named_reuse:5-55;92-184; same_agent_named_reuse:1-271; targeted_current_reread:1-225; bounded-reread:57-80;140-162; bounded-substantive:1-155; reused-full:1-271; full-reread:1-271; fresh-full:1-271; TARGETED_SECOND_REVIEW:100-163; TARGETED_SECOND_REVIEW:247-270; TARGETED_SECOND_REVIEW:5-8; TARGETED_STATIC:1-271
reference	8c5911e4a4b07b07e832e4bb0d5d8859e88b4a9b	Data/Scripts/011_Battle/001_Battle/004_Battle_ActionAttacksPriority.rb	script	WP39 §3–6＋WP40 §3–6＋WP41 §3–6＋WP42 §3–7	已覆盖（战斗上下文/命令/换人/终局合同在案）	无具名行为剩余	MAPPED_REVIEWED_SCOPED; OPEN_REQUIRED_REVISION_LINKED	A;B;ROOT	agents/A/X-A-CAPTURE-PARTNER/reading-log.tsv;agents/B/B-01/reading-log.tsv;agents/B/B-02/reading-log.tsv;agents/B/B-03/reading-log.tsv;agents/B/B-04/reading-log.tsv;agents/B/B-05/reading-log.tsv;agents/B/B-08/reading-log.tsv;agents/B/B-09/reading-log.tsv;agents/B/X-B-TARGET-NEARNESS/reading-log.tsv;root/peer-reading-log.tsv	279	279	TRUE	仅认可所链接主审行为族与取证范围；整文件行段读完不等于每个分支/配置组合或运行结果已证。	GIR-FD82-003;GIR-FD82-B005;GIR-FD82-B031;GIR-FD82-B033	agents/B/B-01/equivalence.tsv;agents/B/B-01/report.md;agents/B/B-01/source-coverage.tsv;agents/B/B-02/equivalence.tsv;agents/B/B-02/report.md;agents/B/B-02/source-coverage.tsv;agents/B/B-03/equivalence.tsv;agents/B/B-03/report.md;agents/B/B-03/source-coverage.tsv;agents/B/B-04/equivalence.tsv;agents/B/B-04/report.md;agents/B/B-04/source-coverage.tsv;agents/B/B-05/equivalence.tsv;agents/B/B-05/report.md;agents/B/B-05/source-coverage.tsv;agents/B/B-08/equivalence.tsv;agents/B/B-08/report.md;agents/B/B-08/source-coverage.tsv;agents/B/B-09/equivalence.tsv;agents/B/B-09/report.md;agents/B/B-09/source-coverage.tsv;agents/B/X-B-TARGET-NEARNESS/report.md	targeted:94-145; full:1-279; reused-full:1-279; bounded-reread:1-80;120-231; bounded-substantive:1-155; bounded-substantive:1-145; informed-bounded-source-recheck:55-115; TARGETED_SECOND_REVIEW:150-162; TARGETED_SECOND_REVIEW:235-250; TARGETED_SECOND_REVIEW:36-67; TARGETED_SECOND_REVIEW:70-78;97-112
reference	8c5911e4a4b07b07e832e4bb0d5d8859e88b4a9b	Data/Scripts/011_Battle/001_Battle/005_Battle_ActionSwitching.rb	script	WP39 §3–6＋WP40 §3–6＋WP41 §3–6＋WP42 §3–7	已覆盖（战斗上下文/命令/换人/终局合同在案）	无具名行为剩余	MAPPED_REVIEWED_SCOPED; OPEN_REQUIRED_REVISION_LINKED	A;B;C;ROOT	agents/A/A-04/reading-log.tsv;agents/A/A-08/reading-log.tsv;agents/A/X-A-FACILITY-RESTORE/reading-log.tsv;agents/A/X-A-FORM-SHADOW-SUPPLEMENT/reading-log.tsv;agents/B/B-01/reading-log.tsv;agents/B/B-02/reading-log.tsv;agents/B/B-03/reading-log.tsv;agents/B/B-04/reading-log.tsv;agents/B/B-05/reading-log.tsv;agents/B/B-06/reading-log.tsv;agents/B/B-08/reading-log.tsv;agents/B/B-09/reading-log.tsv;agents/B/X-B-TARGET-NEARNESS/reading-log.tsv;agents/C/X-C-FORM-SHADOW/reading-log.tsv;root/peer-reading-log.tsv	469	469	TRUE	仅认可所链接主审行为族与取证范围；整文件行段读完不等于每个分支/配置组合或运行结果已证。	GIR-FD82-B005;GIR-FD82-B028;GIR-FD82-B029;GIR-FD82-B033	agents/A/A-04/equivalence.tsv;agents/A/A-04/report.md;agents/A/A-04/source-coverage.tsv;agents/A/A-08/equivalence.tsv;agents/A/A-08/report.md;agents/A/A-08/source-coverage.tsv;agents/B/B-01/equivalence.tsv;agents/B/B-01/report.md;agents/B/B-01/source-coverage.tsv;agents/B/B-02/equivalence.tsv;agents/B/B-02/report.md;agents/B/B-02/source-coverage.tsv;agents/B/B-03/equivalence.tsv;agents/B/B-03/report.md;agents/B/B-03/source-coverage.tsv;agents/B/B-04/equivalence.tsv;agents/B/B-04/report.md;agents/B/B-04/source-coverage.tsv;agents/B/B-05/equivalence.tsv;agents/B/B-05/report.md;agents/B/B-05/source-coverage.tsv;agents/B/B-06/equivalence.tsv;agents/B/B-06/report.md;agents/B/B-06/source-coverage.tsv;agents/B/B-08/equivalence.tsv;agents/B/B-08/report.md;agents/B/B-08/source-coverage.tsv;agents/B/B-09/equivalence.tsv;agents/B/B-09/report.md;agents/B/B-09/source-coverage.tsv;agents/B/X-B-TARGET-NEARNESS/report.md;agents/C/X-C-FORM-SHADOW/source-coverage.tsv	targeted:275-360;378-399; targeted:277-308; fresh targeted:270–288; targeted_current_reread:207-232; targeted:267-392; full:1-469; reused-full:1-469; targeted-reread:311-469; bounded-reread:278-377; bounded-substantive:1-390; bounded-substantive:1-226; informed-bounded-source-recheck:135-164;206-254; fresh-targeted:214-295; TARGETED_EXTENSION_REVIEW:162-164; TARGETED_SECOND_REVIEW:274-296;303-383; TARGETED_SECOND_REVIEW:92-100;132-217; TARGETED_SECOND_REVIEW:232-320; TARGETED_SECOND_REVIEW:142-155
reference	8c5911e4a4b07b07e832e4bb0d5d8859e88b4a9b	Data/Scripts/011_Battle/001_Battle/006_Battle_ActionUseItem.rb	script	WP39 §3–6＋WP40 §3–6＋WP41 §3–6＋WP42 §3–7	已覆盖（战斗上下文/命令/换人/终局合同在案）	无具名行为剩余	MAPPED_REVIEWED_SCOPED; OPEN_REQUIRED_REVISION_LINKED	A;B;ROOT	agents/A/A-04/reading-log.tsv;agents/A/A-06/reading-log.tsv;agents/B/B-01/reading-log.tsv;agents/B/B-05/reading-log.tsv;agents/B/B-07/reading-log.tsv;agents/B/B-08/reading-log.tsv;agents/B/B-09/reading-log.tsv;root/peer-reading-log.tsv;root/reading-supplement.tsv	149	149	TRUE	仅认可所链接主审行为族与取证范围；整文件行段读完不等于每个分支/配置组合或运行结果已证。	GIR-FD82-A029;GIR-FD82-A041;GIR-FD82-B008;GIR-FD82-B020	agents/A/A-04/equivalence.tsv;agents/A/A-04/report.md;agents/A/A-04/source-coverage.tsv;agents/A/A-06/equivalence.tsv;agents/A/A-06/report.md;agents/A/A-06/source-coverage.tsv;agents/B/B-01/equivalence.tsv;agents/B/B-01/report.md;agents/B/B-01/source-coverage.tsv;agents/B/B-05/equivalence.tsv;agents/B/B-05/report.md;agents/B/B-05/source-coverage.tsv;agents/B/B-07/equivalence.tsv;agents/B/B-07/report.md;agents/B/B-07/source-coverage.tsv;agents/B/B-08/equivalence.tsv;agents/B/B-08/report.md;agents/B/B-08/source-coverage.tsv;agents/B/B-09/equivalence.tsv;agents/B/B-09/report.md;agents/B/B-09/source-coverage.tsv	targeted:1-27;80-105; full_current:1-149; full:1-149; bounded-complete-front-door:1-90; bounded-substantive:1-70; reused-full:1-149; TARGETED_SECOND_REVIEW:34-59;133-147; TARGETED_SECOND_REVIEW:87-101; TARGETED_SECOND_REVIEW:5-23;34-59; TARGETED_SECOND_REVIEW:5-23; TARGETED_SECOND_REVIEW:34-59; TARGETED_SECOND_REVIEW:134-148; TARGETED_STATIC:1-149
reference	8c5911e4a4b07b07e832e4bb0d5d8859e88b4a9b	Data/Scripts/011_Battle/001_Battle/007_Battle_ActionRunning.rb	script	WP39 §3–6＋WP40 §3–6＋WP41 §3–6＋WP42 §3–7	已覆盖（战斗上下文/命令/换人/终局合同在案）	无具名行为剩余	MAPPED_REVIEWED_SCOPED	B	agents/B/B-01/reading-log.tsv;agents/B/B-02/reading-log.tsv;agents/B/B-04/reading-log.tsv;agents/B/B-05/reading-log.tsv;agents/B/B-06/reading-log.tsv;agents/B/B-08/reading-log.tsv;agents/B/B-09/reading-log.tsv	160	160	TRUE	仅认可所链接主审行为族与取证范围；整文件行段读完不等于每个分支/配置组合或运行结果已证。	-	agents/B/B-01/equivalence.tsv;agents/B/B-01/report.md;agents/B/B-01/source-coverage.tsv;agents/B/B-02/equivalence.tsv;agents/B/B-02/report.md;agents/B/B-02/source-coverage.tsv;agents/B/B-04/equivalence.tsv;agents/B/B-04/report.md;agents/B/B-04/source-coverage.tsv;agents/B/B-05/equivalence.tsv;agents/B/B-05/report.md;agents/B/B-05/source-coverage.tsv;agents/B/B-06/equivalence.tsv;agents/B/B-06/report.md;agents/B/B-06/source-coverage.tsv;agents/B/B-08/equivalence.tsv;agents/B/B-08/report.md;agents/B/B-08/source-coverage.tsv;agents/B/B-09/equivalence.tsv;agents/B/B-09/report.md;agents/B/B-09/source-coverage.tsv	targeted:1-160; reused-targeted:1-160; reused-full:1-160; full-reread:1-160
reference	8c5911e4a4b07b07e832e4bb0d5d8859e88b4a9b	Data/Scripts/011_Battle/001_Battle/008_Battle_ActionOther.rb	script	WP39 §3–6＋WP40 §3–6＋WP41 §3–6＋WP42 §3–7	已覆盖（战斗上下文/命令/换人/终局合同在案）	无具名行为剩余	MAPPED_REVIEWED_SCOPED; OPEN_REQUIRED_REVISION_LINKED	A;B;ROOT	agents/A/A-02/reading-log.tsv;agents/A/A-04/reading-log.tsv;agents/B/B-01/reading-log.tsv;agents/B/B-02/reading-log.tsv;agents/B/B-03/reading-log.tsv;agents/B/B-08/reading-log.tsv;agents/B/B-09/reading-log.tsv;root/peer-reading-log.tsv	201	201	TRUE	仅认可所链接主审行为族与取证范围；整文件行段读完不等于每个分支/配置组合或运行结果已证。	GIR-FD82-B005;GIR-FD82-B032	agents/A/A-02/equivalence.tsv;agents/A/A-02/report.md;agents/A/A-02/source-coverage.tsv;agents/A/A-04/equivalence.tsv;agents/A/A-04/report.md;agents/A/A-04/source-coverage.tsv;agents/B/B-01/equivalence.tsv;agents/B/B-01/report.md;agents/B/B-01/source-coverage.tsv;agents/B/B-02/equivalence.tsv;agents/B/B-02/report.md;agents/B/B-02/source-coverage.tsv;agents/B/B-03/equivalence.tsv;agents/B/B-03/report.md;agents/B/B-03/source-coverage.tsv;agents/B/B-08/equivalence.tsv;agents/B/B-08/report.md;agents/B/B-08/source-coverage.tsv;agents/B/B-09/equivalence.tsv;agents/B/B-09/report.md;agents/B/B-09/source-coverage.tsv	targeted:127-157; full:1-201; reused-full:1-201; bounded-substantive:1-134; full-reread:1-201; TARGETED_SECOND_REVIEW:180-199; TARGETED_SECOND_REVIEW:67-102;104-129;135-175
reference	8c5911e4a4b07b07e832e4bb0d5d8859e88b4a9b	Data/Scripts/011_Battle/001_Battle/009_Battle_CommandPhase.rb	script	WP39 §3–6＋WP40 §3–6＋WP41 §3–6＋WP42 §3–7	已覆盖（战斗上下文/命令/换人/终局合同在案）	无具名行为剩余	MAPPED_REVIEWED_SCOPED; OPEN_REQUIRED_REVISION_LINKED	A;B;C;ROOT	agents/A/A-04/reading-log.tsv;agents/A/A-06/reading-log.tsv;agents/B/B-01/reading-log.tsv;agents/B/B-02/reading-log.tsv;agents/B/B-03/reading-log.tsv;agents/B/B-04/reading-log.tsv;agents/B/B-05/reading-log.tsv;agents/B/B-06/reading-log.tsv;agents/B/B-07/reading-log.tsv;agents/B/B-08/reading-log.tsv;agents/B/B-09/reading-log.tsv;agents/B/X-B-TARGET-NEARNESS/reading-log.tsv;agents/C/C-01/reading-log.tsv;root/peer-reading-log.tsv	265	265	TRUE	仅认可所链接主审行为族与取证范围；整文件行段读完不等于每个分支/配置组合或运行结果已证。	GIR-FD82-003;GIR-FD82-005;GIR-FD82-B008;GIR-FD82-B031;GIR-FD82-B033;GIR-FD82-B034	agents/A/A-04/equivalence.tsv;agents/A/A-04/report.md;agents/A/A-04/source-coverage.tsv;agents/A/A-06/equivalence.tsv;agents/A/A-06/report.md;agents/A/A-06/source-coverage.tsv;agents/B/B-01/equivalence.tsv;agents/B/B-01/report.md;agents/B/B-01/source-coverage.tsv;agents/B/B-02/equivalence.tsv;agents/B/B-02/report.md;agents/B/B-02/source-coverage.tsv;agents/B/B-03/equivalence.tsv;agents/B/B-03/report.md;agents/B/B-03/source-coverage.tsv;agents/B/B-04/equivalence.tsv;agents/B/B-04/report.md;agents/B/B-04/source-coverage.tsv;agents/B/B-05/equivalence.tsv;agents/B/B-05/report.md;agents/B/B-05/source-coverage.tsv;agents/B/B-06/equivalence.tsv;agents/B/B-06/report.md;agents/B/B-06/source-coverage.tsv;agents/B/B-07/equivalence.tsv;agents/B/B-07/report.md;agents/B/B-07/source-coverage.tsv;agents/B/B-08/equivalence.tsv;agents/B/B-08/report.md;agents/B/B-08/source-coverage.tsv;agents/B/B-09/equivalence.tsv;agents/B/B-09/report.md;agents/B/B-09/source-coverage.tsv;agents/B/X-B-TARGET-NEARNESS/report.md;agents/C/C-01/equivalence.tsv;agents/C/C-01/report.md;agents/C/C-01/source-coverage.tsv	targeted:1-100;170-265; targeted_current:99-155; full:1-265; reused-full:1-265; bounded-reread:88-96;145-170;182-231; full-reread:1-265; informed-bounded-source-recheck:39-108; targeted:150-175; TARGETED_SECOND_REVIEW:5-10; TARGETED_SECOND_REVIEW:100-136; TARGETED_SECOND_REVIEW:100-137; TARGETED_SECOND_REVIEW:42-97;218-261; TARGETED_SECOND_REVIEW:60-97; TARGETED_SECOND_REVIEW:198-216; TARGETED_SECOND_REVIEW:13-23
reference	8c5911e4a4b07b07e832e4bb0d5d8859e88b4a9b	Data/Scripts/011_Battle/001_Battle/010_Battle_AttackPhase.rb	script	WP39 §3–6＋WP40 §3–6＋WP41 §3–6＋WP42 §3–7	已覆盖（战斗上下文/命令/换人/终局合同在案）	无具名行为剩余	MAPPED_REVIEWED_SCOPED	A;B;ROOT	agents/A/A-04/reading-log.tsv;agents/A/A-06/reading-log.tsv;agents/B/B-01/reading-log.tsv;agents/B/B-02/reading-log.tsv;agents/B/B-03/reading-log.tsv;agents/B/B-04/reading-log.tsv;agents/B/B-05/reading-log.tsv;agents/B/B-07/reading-log.tsv;agents/B/B-08/reading-log.tsv;agents/B/B-09/reading-log.tsv;root/peer-reading-log.tsv	202	202	TRUE	仅认可所链接主审行为族与取证范围；整文件行段读完不等于每个分支/配置组合或运行结果已证。	-	agents/A/A-04/equivalence.tsv;agents/A/A-04/report.md;agents/A/A-04/source-coverage.tsv;agents/A/A-06/equivalence.tsv;agents/A/A-06/report.md;agents/A/A-06/source-coverage.tsv;agents/B/B-01/equivalence.tsv;agents/B/B-01/report.md;agents/B/B-01/source-coverage.tsv;agents/B/B-02/equivalence.tsv;agents/B/B-02/report.md;agents/B/B-02/source-coverage.tsv;agents/B/B-03/equivalence.tsv;agents/B/B-03/report.md;agents/B/B-03/source-coverage.tsv;agents/B/B-04/equivalence.tsv;agents/B/B-04/report.md;agents/B/B-04/source-coverage.tsv;agents/B/B-05/equivalence.tsv;agents/B/B-05/report.md;agents/B/B-05/source-coverage.tsv;agents/B/B-07/equivalence.tsv;agents/B/B-07/report.md;agents/B/B-07/source-coverage.tsv;agents/B/B-08/equivalence.tsv;agents/B/B-08/report.md;agents/B/B-08/source-coverage.tsv;agents/B/B-09/equivalence.tsv;agents/B/B-09/report.md;agents/B/B-09/source-coverage.tsv	targeted:1-105; targeted_current:69-96; full:1-202; reused-full:1-202; bounded-reread:1-27; bounded-substantive:1-82; bounded-substantive:1-60;171-202; bounded-substantive:60-108; TARGETED_SECOND_REVIEW:174-185
reference	8c5911e4a4b07b07e832e4bb0d5d8859e88b4a9b	Data/Scripts/011_Battle/001_Battle/011_Battle_EndOfRoundPhase.rb	script	WP39 §3–6＋WP40 §3–6＋WP41 §3–6＋WP42 §3–7	已覆盖（战斗上下文/命令/换人/终局合同在案）	无具名行为剩余	MAPPED_REVIEWED_SCOPED; OPEN_REQUIRED_REVISION_LINKED	A;B;ROOT	agents/A/A-04/reading-log.tsv;agents/B/B-02/reading-log.tsv;agents/B/B-03/reading-log.tsv;agents/B/B-04/reading-log.tsv;agents/B/B-05/reading-log.tsv;agents/B/B-07/reading-log.tsv;agents/B/B-08/reading-log.tsv;agents/B/B-09/reading-log.tsv;agents/B/X-B-TARGET-NEARNESS/reading-log.tsv;root/peer-reading-log.tsv	781	781	TRUE	仅认可所链接主审行为族与取证范围；整文件行段读完不等于每个分支/配置组合或运行结果已证。	GIR-FD82-B011;GIR-FD82-B012;GIR-FD82-B015;GIR-FD82-B021;GIR-FD82-B025;GIR-FD82-B028	agents/A/A-04/equivalence.tsv;agents/A/A-04/report.md;agents/A/A-04/source-coverage.tsv;agents/B/B-02/equivalence.tsv;agents/B/B-02/report.md;agents/B/B-02/source-coverage.tsv;agents/B/B-03/equivalence.tsv;agents/B/B-03/report.md;agents/B/B-03/source-coverage.tsv;agents/B/B-04/equivalence.tsv;agents/B/B-04/report.md;agents/B/B-04/source-coverage.tsv;agents/B/B-05/equivalence.tsv;agents/B/B-05/report.md;agents/B/B-05/source-coverage.tsv;agents/B/B-07/equivalence.tsv;agents/B/B-07/report.md;agents/B/B-07/source-coverage.tsv;agents/B/B-08/equivalence.tsv;agents/B/B-08/report.md;agents/B/B-08/source-coverage.tsv;agents/B/B-09/equivalence.tsv;agents/B/B-09/report.md;agents/B/B-09/source-coverage.tsv;agents/B/X-B-TARGET-NEARNESS/report.md	targeted:500-524;630-668;675-776; full:1-781; reused-full:1-781; targeted-reread:1-312;395-510;674-781; bounded-reread:1-85;260-280;473-500;600-730; bounded-substantive:335-402;570-765; bounded-substantive:1-91;666-765; reused-bounded:1-91;666-765; informed-bounded-source-recheck:536-590;697-714; TARGETED_SECOND_REVIEW:370-389;671-676; TARGETED_SECOND_REVIEW:713-735; TARGETED_SECOND_REVIEW:78-114; TARGETED_SECOND_REVIEW:266-273;613-623; TARGETED_SECOND_REVIEW:537-597;704-764; TARGETED_SECOND_REVIEW:368-390;671-677; TARGETED_SECOND_REVIEW:700-711; TARGETED_SECOND_REVIEW:5-25
reference	8c5911e4a4b07b07e832e4bb0d5d8859e88b4a9b	Data/Scripts/011_Battle/002_Battler/001_Battle_Battler.rb	script	WP43 §6＋WP44 §2–4＋WP46 §2–6＋WP47-A/B＋WP48 §B–E＋WP49 §2–6＋WP50 §B–E＋WP20 §3–5	已覆盖（战斗者状态/阶级/触发/物品合同在案）	无具名行为剩余	MAPPED_REVIEWED_SCOPED; OPEN_REQUIRED_REVISION_LINKED	A;B;C;ROOT	agents/A/A-03/reading-log.tsv;agents/A/A-04/reading-log.tsv;agents/A/X-A-CAPTURE-PARTNER/reading-log.tsv;agents/B/B-01/reading-log.tsv;agents/B/B-02/reading-log.tsv;agents/B/B-03/reading-log.tsv;agents/B/B-04/reading-log.tsv;agents/B/B-05/reading-log.tsv;agents/B/B-06/reading-log.tsv;agents/B/B-07/reading-log.tsv;agents/B/B-08/reading-log.tsv;agents/B/B-09/reading-log.tsv;agents/B/X-B-TARGET-NEARNESS/reading-log.tsv;agents/C/C-01-S1/reading-log.tsv;agents/C/C-01/reading-log.tsv;agents/C/C-05/reading-log.tsv;agents/C/X-C-FORM-SHADOW/reading-log.tsv;root/peer-reading-log.tsv	777	777	TRUE	仅认可所链接主审行为族与取证范围；整文件行段读完不等于每个分支/配置组合或运行结果已证。	GIR-FD82-B007;GIR-FD82-B021;GIR-FD82-B031;GIR-FD82-B032;GIR-FD82-B034;GIR-FD82-C011	agents/A/A-03/equivalence.tsv;agents/A/A-03/report.md;agents/A/A-03/source-coverage.tsv;agents/A/A-04/equivalence.tsv;agents/A/A-04/report.md;agents/A/A-04/source-coverage.tsv;agents/B/B-01/equivalence.tsv;agents/B/B-01/report.md;agents/B/B-01/source-coverage.tsv;agents/B/B-02/equivalence.tsv;agents/B/B-02/report.md;agents/B/B-02/source-coverage.tsv;agents/B/B-03/equivalence.tsv;agents/B/B-03/report.md;agents/B/B-03/source-coverage.tsv;agents/B/B-04/equivalence.tsv;agents/B/B-04/report.md;agents/B/B-04/source-coverage.tsv;agents/B/B-05/equivalence.tsv;agents/B/B-05/report.md;agents/B/B-05/source-coverage.tsv;agents/B/B-06/equivalence.tsv;agents/B/B-06/report.md;agents/B/B-06/source-coverage.tsv;agents/B/B-07/equivalence.tsv;agents/B/B-07/report.md;agents/B/B-07/source-coverage.tsv;agents/B/B-08/equivalence.tsv;agents/B/B-08/report.md;agents/B/B-08/source-coverage.tsv;agents/B/B-09/equivalence.tsv;agents/B/B-09/report.md;agents/B/B-09/source-coverage.tsv;agents/B/X-B-TARGET-NEARNESS/report.md;agents/C/C-01-S1/equivalence.tsv;agents/C/C-01-S1/report.md;agents/C/C-01-S1/source-coverage.tsv;agents/C/C-01/equivalence.tsv;agents/C/C-01/report.md;agents/C/C-01/source-coverage.tsv;agents/C/C-05/equivalence.tsv;agents/C/C-05/report.md;agents/C/C-05/source-coverage.tsv;agents/C/X-C-FORM-SHADOW/source-coverage.tsv	targeted:1-150;650-680; targeted:60-78;135-162;420-470; targeted:704-720; full:1-777; reused-full:1-777; targeted-reread:105-142;244-290;344-361;421-438;484-622; bounded-reread:244-486;597-696; bounded-reread:61-94;518-535;592-613; bounded-substantive:100-117;415-433;484-516; bounded-substantive:1-70;134-158;645-665;737-756; informed-bounded-source-recheck:1-20;686-708;733-756; targeted:54-156; targeted-reread:90-104; targeted:105-139; fresh-targeted:61-74;101-113;144-160; TARGETED_SECOND_REVIEW:277-287; TARGETED_SECOND_REVIEW:91-103; TARGETED_SECOND_REVIEW:518-532;596-600; TARGETED_SECOND_REVIEW:653-661; TARGETED_SECOND_REVIEW:145-148; TARGETED_SECOND_REVIEW:1-20
reference	8c5911e4a4b07b07e832e4bb0d5d8859e88b4a9b	Data/Scripts/011_Battle/002_Battler/002_Battler_Initialize.rb	script	WP43 §6＋WP44 §2–4＋WP46 §2–6＋WP47-A/B＋WP48 §B–E＋WP49 §2–6＋WP50 §B–E＋WP20 §3–5	已覆盖（战斗者状态/阶级/触发/物品合同在案）	无具名行为剩余	MAPPED_REVIEWED_SCOPED; OPEN_REQUIRED_REVISION_LINKED	A;B;C;ROOT	agents/A/A-03/reading-log.tsv;agents/A/A-04/reading-log.tsv;agents/A/X-A-FORM-SHADOW-SUPPLEMENT/reading-log.tsv;agents/B/B-01/reading-log.tsv;agents/B/B-02/reading-log.tsv;agents/B/B-03/reading-log.tsv;agents/B/B-04/reading-log.tsv;agents/B/B-05/reading-log.tsv;agents/B/B-06/reading-log.tsv;agents/B/B-07/reading-log.tsv;agents/B/B-08/reading-log.tsv;agents/C/C-01-S1/reading-log.tsv;agents/C/X-C-FORM-SHADOW/reading-log.tsv;root/peer-reading-log.tsv	325	325	TRUE	仅认可所链接主审行为族与取证范围；整文件行段读完不等于每个分支/配置组合或运行结果已证。	GIR-FD82-003;GIR-FD82-B011;GIR-FD82-B015;GIR-FD82-B028	agents/A/A-03/equivalence.tsv;agents/A/A-03/report.md;agents/A/A-03/source-coverage.tsv;agents/A/A-04/equivalence.tsv;agents/A/A-04/report.md;agents/A/A-04/source-coverage.tsv;agents/B/B-01/equivalence.tsv;agents/B/B-01/report.md;agents/B/B-01/source-coverage.tsv;agents/B/B-02/equivalence.tsv;agents/B/B-02/report.md;agents/B/B-02/source-coverage.tsv;agents/B/B-03/equivalence.tsv;agents/B/B-03/report.md;agents/B/B-03/source-coverage.tsv;agents/B/B-04/equivalence.tsv;agents/B/B-04/report.md;agents/B/B-04/source-coverage.tsv;agents/B/B-05/equivalence.tsv;agents/B/B-05/report.md;agents/B/B-05/source-coverage.tsv;agents/B/B-06/equivalence.tsv;agents/B/B-06/report.md;agents/B/B-06/source-coverage.tsv;agents/B/B-07/equivalence.tsv;agents/B/B-07/report.md;agents/B/B-07/source-coverage.tsv;agents/B/B-08/equivalence.tsv;agents/B/B-08/report.md;agents/B/B-08/source-coverage.tsv;agents/C/C-01-S1/equivalence.tsv;agents/C/C-01-S1/report.md;agents/C/C-01-S1/source-coverage.tsv;agents/C/X-C-FORM-SHADOW/source-coverage.tsv	targeted:35-98;282-308; targeted:1-85;277-307; targeted_current_reread:1-39; full:1-325; reused-full:1-325; targeted:128-180; targeted-reread:94-153;225-293; bounded-substantive:55-174;226-241; targeted-dependency:279-318; fresh-targeted:60-108;282-317; TARGETED_SECOND_REVIEW:60-90; TARGETED_SECOND_REVIEW:128-178; TARGETED_SECOND_REVIEW:5-14;35-58;150-153;197-212;226-249;268-272; TARGETED_SECOND_REVIEW:60-91;128-174
reference	8c5911e4a4b07b07e832e4bb0d5d8859e88b4a9b	Data/Scripts/011_Battle/002_Battler/003_Battler_ChangeSelf.rb	script	WP43 §6＋WP44 §2–4＋WP46 §2–6＋WP47-A/B＋WP48 §B–E＋WP49 §2–6＋WP50 §B–E＋WP20 §3–5	已覆盖（战斗者状态/阶级/触发/物品合同在案）	无具名行为剩余	MAPPED_REVIEWED_SCOPED; OPEN_REQUIRED_REVISION_LINKED	A;B;C;ROOT	agents/A/A-03/reading-log.tsv;agents/A/A-04/reading-log.tsv;agents/A/A-07/reading-log.tsv;agents/A/A-08/reading-log.tsv;agents/A/X-A-FORM-SHADOW-SUPPLEMENT/reading-log.tsv;agents/B/B-01/reading-log.tsv;agents/B/B-02/reading-log.tsv;agents/B/B-03/reading-log.tsv;agents/B/B-04/reading-log.tsv;agents/B/B-05/reading-log.tsv;agents/B/B-06/reading-log.tsv;agents/B/B-07/reading-log.tsv;agents/B/B-08/reading-log.tsv;agents/C/C-05/reading-log.tsv;agents/C/X-C-FORM-SHADOW/reading-log.tsv;root/peer-reading-log.tsv;root/reading-supplement.tsv	328	328	TRUE	仅认可所链接主审行为族与取证范围；整文件行段读完不等于每个分支/配置组合或运行结果已证。	GIR-FD82-B011;GIR-FD82-B017;GIR-FD82-B025;GIR-FD82-B028	agents/A/A-03/equivalence.tsv;agents/A/A-03/report.md;agents/A/A-03/source-coverage.tsv;agents/A/A-04/equivalence.tsv;agents/A/A-04/report.md;agents/A/A-04/source-coverage.tsv;agents/A/A-07/equivalence.tsv;agents/A/A-07/report.md;agents/A/A-07/source-coverage.tsv;agents/A/A-08/equivalence.tsv;agents/A/A-08/report.md;agents/A/A-08/source-coverage.tsv;agents/B/B-01/equivalence.tsv;agents/B/B-01/report.md;agents/B/B-01/source-coverage.tsv;agents/B/B-02/equivalence.tsv;agents/B/B-02/report.md;agents/B/B-02/source-coverage.tsv;agents/B/B-03/equivalence.tsv;agents/B/B-03/report.md;agents/B/B-03/source-coverage.tsv;agents/B/B-04/equivalence.tsv;agents/B/B-04/report.md;agents/B/B-04/source-coverage.tsv;agents/B/B-05/equivalence.tsv;agents/B/B-05/report.md;agents/B/B-05/source-coverage.tsv;agents/B/B-06/equivalence.tsv;agents/B/B-06/report.md;agents/B/B-06/source-coverage.tsv;agents/B/B-07/equivalence.tsv;agents/B/B-07/report.md;agents/B/B-07/source-coverage.tsv;agents/B/B-08/equivalence.tsv;agents/B/B-08/report.md;agents/B/B-08/source-coverage.tsv;agents/C/C-05/equivalence.tsv;agents/C/C-05/report.md;agents/C/C-05/source-coverage.tsv;agents/C/X-C-FORM-SHADOW/source-coverage.tsv	targeted:1-122; targeted:1-105; targeted:143-185; targeted_current_reread:1-105; full:1-328; reused-full:1-328; targeted:64-98; targeted-reread:1-145;155-236; bounded-reread:120-158;298-328; bounded-reread:1-115;155-328; bounded-substantive:1-125; bounded-substantive:55-125; targeted:88-116; fresh-targeted:1-190;240-328; TARGETED_SECOND_REVIEW:64-88; TARGETED_SECOND_REVIEW:5-34; TARGETED_SECOND_REVIEW:64-100; TARGETED_SECOND_REVIEW:64-99; TARGETED_STATIC:64-99
reference	8c5911e4a4b07b07e832e4bb0d5d8859e88b4a9b	Data/Scripts/011_Battle/002_Battler/004_Battler_Statuses.rb	script	WP43 §6＋WP44 §2–4＋WP46 §2–6＋WP47-A/B＋WP48 §B–E＋WP49 §2–6＋WP50 §B–E＋WP20 §3–5	已覆盖（战斗者状态/阶级/触发/物品合同在案）	无具名行为剩余	MAPPED_REVIEWED_SCOPED; OPEN_REQUIRED_REVISION_LINKED	A;B;ROOT	agents/A/A-06/reading-log.tsv;agents/B/B-01/reading-log.tsv;agents/B/B-03/reading-log.tsv;agents/B/B-04/reading-log.tsv;agents/B/B-05/reading-log.tsv;agents/B/B-06/reading-log.tsv;agents/B/B-07/reading-log.tsv;agents/B/B-08/reading-log.tsv;root/peer-reading-log.tsv	575	575	TRUE	仅认可所链接主审行为族与取证范围；整文件行段读完不等于每个分支/配置组合或运行结果已证。	GIR-FD82-A041	agents/A/A-06/equivalence.tsv;agents/A/A-06/report.md;agents/A/A-06/source-coverage.tsv;agents/B/B-01/equivalence.tsv;agents/B/B-01/report.md;agents/B/B-01/source-coverage.tsv;agents/B/B-03/equivalence.tsv;agents/B/B-03/report.md;agents/B/B-03/source-coverage.tsv;agents/B/B-04/equivalence.tsv;agents/B/B-04/report.md;agents/B/B-04/source-coverage.tsv;agents/B/B-05/equivalence.tsv;agents/B/B-05/report.md;agents/B/B-05/source-coverage.tsv;agents/B/B-06/equivalence.tsv;agents/B/B-06/report.md;agents/B/B-06/source-coverage.tsv;agents/B/B-07/equivalence.tsv;agents/B/B-07/report.md;agents/B/B-07/source-coverage.tsv;agents/B/B-08/equivalence.tsv;agents/B/B-08/report.md;agents/B/B-08/source-coverage.tsv	targeted_current:493-507; targeted:1-24;265-285; full-substantive:1-575; reused-full-substantive:1-575; reused-full:1-575; bounded-substantive:24-92;265-325; reused-reused-full:1-575; TARGETED_SECOND_REVIEW:499-501; TARGETED_SECOND_REVIEW:25-73
reference	8c5911e4a4b07b07e832e4bb0d5d8859e88b4a9b	Data/Scripts/011_Battle/002_Battler/005_Battler_StatStages.rb	script	WP43 §6＋WP44 §2–4＋WP46 §2–6＋WP47-A/B＋WP48 §B–E＋WP49 §2–6＋WP50 §B–E＋WP20 §3–5	已覆盖（战斗者状态/阶级/触发/物品合同在案）	无具名行为剩余	MAPPED_REVIEWED_SCOPED	B	agents/B/B-03/reading-log.tsv;agents/B/B-04/reading-log.tsv;agents/B/B-05/reading-log.tsv;agents/B/B-06/reading-log.tsv	387	387	TRUE	仅认可所链接主审行为族与取证范围；整文件行段读完不等于每个分支/配置组合或运行结果已证。	-	agents/B/B-03/equivalence.tsv;agents/B/B-03/report.md;agents/B/B-03/source-coverage.tsv;agents/B/B-04/equivalence.tsv;agents/B/B-04/report.md;agents/B/B-04/source-coverage.tsv;agents/B/B-05/equivalence.tsv;agents/B/B-05/report.md;agents/B/B-05/source-coverage.tsv;agents/B/B-06/equivalence.tsv;agents/B/B-06/report.md;agents/B/B-06/source-coverage.tsv	full-substantive:1-387; reused-full-substantive:1-387
reference	8c5911e4a4b07b07e832e4bb0d5d8859e88b4a9b	Data/Scripts/011_Battle/002_Battler/006_Battler_AbilityAndItem.rb	script	WP43 §6＋WP44 §2–4＋WP46 §2–6＋WP47-A/B＋WP48 §B–E＋WP49 §2–6＋WP50 §B–E＋WP20 §3–5	已覆盖（战斗者状态/阶级/触发/物品合同在案）	无具名行为剩余	MAPPED_REVIEWED_SCOPED	A;B;C	agents/A/A-03/reading-log.tsv;agents/A/A-04/reading-log.tsv;agents/A/X-A-CAPTURE-PARTNER/reading-log.tsv;agents/A/X-A-FORM-SHADOW-SUPPLEMENT/reading-log.tsv;agents/B/B-01/reading-log.tsv;agents/B/B-02/reading-log.tsv;agents/B/B-03/reading-log.tsv;agents/B/B-04/reading-log.tsv;agents/B/B-05/reading-log.tsv;agents/B/B-06/reading-log.tsv;agents/B/B-07/reading-log.tsv;agents/B/B-08/reading-log.tsv;agents/C/X-C-FORM-SHADOW/reading-log.tsv	476	476	TRUE	仅认可所链接主审行为族与取证范围；整文件行段读完不等于每个分支/配置组合或运行结果已证。	-	agents/A/A-03/equivalence.tsv;agents/A/A-03/report.md;agents/A/A-03/source-coverage.tsv;agents/A/A-04/equivalence.tsv;agents/A/A-04/report.md;agents/A/A-04/source-coverage.tsv;agents/B/B-01/equivalence.tsv;agents/B/B-01/report.md;agents/B/B-01/source-coverage.tsv;agents/B/B-02/equivalence.tsv;agents/B/B-02/report.md;agents/B/B-02/source-coverage.tsv;agents/B/B-03/equivalence.tsv;agents/B/B-03/report.md;agents/B/B-03/source-coverage.tsv;agents/B/B-04/equivalence.tsv;agents/B/B-04/report.md;agents/B/B-04/source-coverage.tsv;agents/B/B-05/equivalence.tsv;agents/B/B-05/report.md;agents/B/B-05/source-coverage.tsv;agents/B/B-06/equivalence.tsv;agents/B/B-06/report.md;agents/B/B-06/source-coverage.tsv;agents/B/B-07/equivalence.tsv;agents/B/B-07/report.md;agents/B/B-07/source-coverage.tsv;agents/B/B-08/equivalence.tsv;agents/B/B-08/report.md;agents/B/B-08/source-coverage.tsv;agents/C/X-C-FORM-SHADOW/source-coverage.tsv	targeted:210-251; targeted:1-34;165-214; targeted:213-240; targeted_current_reread:1-35; targeted:218-249; targeted:1-130; targeted:44-82;98-132;155-211;277-390;403-445; bounded-complete:1-347; full-reread:1-476; reused-full-reread:1-476; reused-full:1-476; reused-reused-full:1-476; fresh-targeted:1-38
reference	8c5911e4a4b07b07e832e4bb0d5d8859e88b4a9b	Data/Scripts/011_Battle/002_Battler/007_Battler_UseMove.rb	script	WP43 §6＋WP44 §2–4＋WP46 §2–6＋WP47-A/B＋WP48 §B–E＋WP49 §2–6＋WP50 §B–E＋WP20 §3–5	已覆盖（战斗者状态/阶级/触发/物品合同在案）	无具名行为剩余	MAPPED_REVIEWED_SCOPED; OPEN_REQUIRED_REVISION_LINKED	A;B;ROOT	agents/A/A-04/reading-log.tsv;agents/A/A-07/reading-log.tsv;agents/B/B-01/reading-log.tsv;agents/B/B-02/reading-log.tsv;agents/B/B-03/reading-log.tsv;agents/B/B-04/reading-log.tsv;agents/B/B-05/reading-log.tsv;agents/B/B-07/reading-log.tsv;agents/B/B-08/reading-log.tsv;agents/B/B-09/reading-log.tsv;agents/B/X-B-TARGET-NEARNESS/reading-log.tsv;root/peer-reading-log.tsv	762	762	TRUE	仅认可所链接主审行为族与取证范围；整文件行段读完不等于每个分支/配置组合或运行结果已证。	GIR-FD82-B001;GIR-FD82-B012;GIR-FD82-B014;GIR-FD82-B017;GIR-FD82-B019;GIR-FD82-B025	agents/A/A-04/equivalence.tsv;agents/A/A-04/report.md;agents/A/A-04/source-coverage.tsv;agents/A/A-07/equivalence.tsv;agents/A/A-07/report.md;agents/A/A-07/source-coverage.tsv;agents/B/B-01/equivalence.tsv;agents/B/B-01/report.md;agents/B/B-01/source-coverage.tsv;agents/B/B-02/equivalence.tsv;agents/B/B-02/report.md;agents/B/B-02/source-coverage.tsv;agents/B/B-03/equivalence.tsv;agents/B/B-03/report.md;agents/B/B-03/source-coverage.tsv;agents/B/B-04/equivalence.tsv;agents/B/B-04/report.md;agents/B/B-04/source-coverage.tsv;agents/B/B-05/equivalence.tsv;agents/B/B-05/report.md;agents/B/B-05/source-coverage.tsv;agents/B/B-07/equivalence.tsv;agents/B/B-07/report.md;agents/B/B-07/source-coverage.tsv;agents/B/B-08/equivalence.tsv;agents/B/B-08/report.md;agents/B/B-08/source-coverage.tsv;agents/B/B-09/equivalence.tsv;agents/B/B-09/report.md;agents/B/B-09/source-coverage.tsv;agents/B/X-B-TARGET-NEARNESS/report.md	targeted:90-116;475-530; targeted:95-133; targeted:593-685; full:1-762; reused-full:1-762; targeted:17-40;61-95; targeted-reread:284-762; bounded-reread:125-283;366-542;583-713; bounded-substantive:195-310;665-712; bounded-substantive:226-324;354-444;494-522;581-613; reused-reused-full:1-762; bounded-substantive:362-389; informed-bounded-source-recheck:244-261;363-380; TARGETED_SECOND_REVIEW:136-148;154-193; TARGETED_SECOND_REVIEW:17-40;61-95; TARGETED_SECOND_REVIEW:403-428;499-505;583-637;752-760; TARGETED_SECOND_REVIEW:97-128; TARGETED_SECOND_REVIEW:660-709; TARGETED_SECOND_REVIEW:249-253;366-428;703-711; TARGETED_SECOND_REVIEW:238-253;292-304; TARGETED_SECOND_REVIEW:424-435;510-519
reference	8c5911e4a4b07b07e832e4bb0d5d8859e88b4a9b	Data/Scripts/011_Battle/002_Battler/008_Battler_UseMoveTargeting.rb	script	WP43 §6＋WP44 §2–4＋WP46 §2–6＋WP47-A/B＋WP48 §B–E＋WP49 §2–6＋WP50 §B–E＋WP20 §3–5	已覆盖（战斗者状态/阶级/触发/物品合同在案）	无具名行为剩余	MAPPED_REVIEWED_SCOPED; OPEN_REQUIRED_REVISION_LINKED	B;ROOT	agents/B/B-01/reading-log.tsv;agents/B/B-02/reading-log.tsv;agents/B/B-03/reading-log.tsv;agents/B/B-04/reading-log.tsv;agents/B/B-05/reading-log.tsv;agents/B/B-08/reading-log.tsv;agents/B/B-09/reading-log.tsv;agents/B/X-B-TARGET-NEARNESS/reading-log.tsv;root/peer-reading-log.tsv	203	203	TRUE	仅认可所链接主审行为族与取证范围；整文件行段读完不等于每个分支/配置组合或运行结果已证。	GIR-FD82-005;GIR-FD82-B019;GIR-FD82-B033	agents/B/B-01/equivalence.tsv;agents/B/B-01/report.md;agents/B/B-01/source-coverage.tsv;agents/B/B-02/equivalence.tsv;agents/B/B-02/report.md;agents/B/B-02/source-coverage.tsv;agents/B/B-03/equivalence.tsv;agents/B/B-03/report.md;agents/B/B-03/source-coverage.tsv;agents/B/B-04/equivalence.tsv;agents/B/B-04/report.md;agents/B/B-04/source-coverage.tsv;agents/B/B-05/equivalence.tsv;agents/B/B-05/report.md;agents/B/B-05/source-coverage.tsv;agents/B/B-08/equivalence.tsv;agents/B/B-08/report.md;agents/B/B-08/source-coverage.tsv;agents/B/B-09/equivalence.tsv;agents/B/B-09/report.md;agents/B/B-09/source-coverage.tsv;agents/B/X-B-TARGET-NEARNESS/report.md	full:1-203; reused-full:1-203; full-reread:1-203; reused-reused-full:1-203; bounded-substantive:1-140;168-203; informed-bounded-source-recheck:1-141;156-202; TARGETED_SECOND_REVIEW:36-90;96-146;173-202; TARGETED_SECOND_REVIEW:36-45;173-190
reference	8c5911e4a4b07b07e832e4bb0d5d8859e88b4a9b	Data/Scripts/011_Battle/002_Battler/009_Battler_UseMoveSuccessChecks.rb	script	WP43 §6＋WP44 §2–4＋WP46 §2–6＋WP47-A/B＋WP48 §B–E＋WP49 §2–6＋WP50 §B–E＋WP20 §3–5	已覆盖（战斗者状态/阶级/触发/物品合同在案）	无具名行为剩余	MAPPED_REVIEWED_SCOPED; OPEN_REQUIRED_REVISION_LINKED	A;B;ROOT	agents/A/A-03/reading-log.tsv;agents/A/A-04/reading-log.tsv;agents/B/B-01/reading-log.tsv;agents/B/B-02/reading-log.tsv;agents/B/B-03/reading-log.tsv;agents/B/B-04/reading-log.tsv;agents/B/B-05/reading-log.tsv;agents/B/B-08/reading-log.tsv;agents/B/B-09/reading-log.tsv;agents/B/X-B-TARGET-NEARNESS/reading-log.tsv;root/peer-reading-log.tsv	595	595	TRUE	仅认可所链接主审行为族与取证范围；整文件行段读完不等于每个分支/配置组合或运行结果已证。	GIR-FD82-B001;GIR-FD82-B005;GIR-FD82-B006;GIR-FD82-B017;GIR-FD82-B019;GIR-FD82-B033	agents/A/A-03/equivalence.tsv;agents/A/A-03/report.md;agents/A/A-03/source-coverage.tsv;agents/A/A-04/equivalence.tsv;agents/A/A-04/report.md;agents/A/A-04/source-coverage.tsv;agents/B/B-01/equivalence.tsv;agents/B/B-01/report.md;agents/B/B-01/source-coverage.tsv;agents/B/B-02/equivalence.tsv;agents/B/B-02/report.md;agents/B/B-02/source-coverage.tsv;agents/B/B-03/equivalence.tsv;agents/B/B-03/report.md;agents/B/B-03/source-coverage.tsv;agents/B/B-04/equivalence.tsv;agents/B/B-04/report.md;agents/B/B-04/source-coverage.tsv;agents/B/B-05/equivalence.tsv;agents/B/B-05/report.md;agents/B/B-05/source-coverage.tsv;agents/B/B-08/equivalence.tsv;agents/B/B-08/report.md;agents/B/B-08/source-coverage.tsv;agents/B/B-09/equivalence.tsv;agents/B/B-09/report.md;agents/B/B-09/source-coverage.tsv;agents/B/X-B-TARGET-NEARNESS/report.md	targeted:95-130; targeted:110-140; full:1-595; reused-full:1-595; targeted-reread:1-109;295-530; bounded-reread:1-109;303-365; bounded-substantive:195-214; reused-reused-full:1-595; bounded-substantive:1-105; informed-bounded-source-recheck:1-106; TARGETED_SECOND_REVIEW:19-25;183-190; TARGETED_SECOND_REVIEW:155-166; TARGETED_SECOND_REVIEW:107-126; TARGETED_SECOND_REVIEW:518-525; TARGETED_SECOND_REVIEW:303-365; TARGETED_SECOND_REVIEW:10-100
reference	8c5911e4a4b07b07e832e4bb0d5d8859e88b4a9b	Data/Scripts/011_Battle/002_Battler/010_Battler_UseMoveTriggerEffects.rb	script	WP43 §6＋WP44 §2–4＋WP46 §2–6＋WP47-A/B＋WP48 §B–E＋WP49 §2–6＋WP50 §B–E＋WP20 §3–5	已覆盖（战斗者状态/阶级/触发/物品合同在案）	无具名行为剩余	MAPPED_REVIEWED_SCOPED; OPEN_REQUIRED_REVISION_LINKED	B;ROOT	agents/B/B-02/reading-log.tsv;agents/B/B-03/reading-log.tsv;agents/B/B-04/reading-log.tsv;agents/B/B-05/reading-log.tsv;agents/B/B-07/reading-log.tsv;agents/B/B-08/reading-log.tsv;root/peer-reading-log.tsv	218	218	TRUE	仅认可所链接主审行为族与取证范围；整文件行段读完不等于每个分支/配置组合或运行结果已证。	GIR-FD82-B014;GIR-FD82-B029	agents/B/B-02/equivalence.tsv;agents/B/B-02/report.md;agents/B/B-02/source-coverage.tsv;agents/B/B-03/equivalence.tsv;agents/B/B-03/report.md;agents/B/B-03/source-coverage.tsv;agents/B/B-04/equivalence.tsv;agents/B/B-04/report.md;agents/B/B-04/source-coverage.tsv;agents/B/B-05/equivalence.tsv;agents/B/B-05/report.md;agents/B/B-05/source-coverage.tsv;agents/B/B-07/equivalence.tsv;agents/B/B-07/report.md;agents/B/B-07/source-coverage.tsv;agents/B/B-08/equivalence.tsv;agents/B/B-08/report.md;agents/B/B-08/source-coverage.tsv	targeted:87-218; full-substantive:1-218; reused-full-substantive:1-218; bounded-reread:1-12; full-reread:1-218; bounded-substantive:70-118; bounded-substantive:87-177; reused-full-reread:1-218; TARGETED_SECOND_REVIEW:154-166; TARGETED_SECOND_REVIEW:154-170
reference	8c5911e4a4b07b07e832e4bb0d5d8859e88b4a9b	Data/Scripts/011_Battle/003_Move/001_Battle_Move.rb	script	WP43 §3–6＋WP46 §2–6＋WP47-A §2–6＋WP47-B §2–5＋WP48 §C–E＋WP50 §B–F	已覆盖（招式使用/计算/控制/物品合同在案）	无具名行为剩余	MAPPED_REVIEWED_SCOPED; OPEN_REQUIRED_REVISION_LINKED	A;B;C;ROOT	agents/A/A-03/reading-log.tsv;agents/B/B-02/reading-log.tsv;agents/B/B-03/reading-log.tsv;agents/B/B-04/reading-log.tsv;agents/B/B-05/reading-log.tsv;agents/B/B-06/reading-log.tsv;agents/B/X-B-TARGET-NEARNESS/reading-log.tsv;agents/C/C-01-S1/reading-log.tsv;root/peer-reading-log.tsv	201	201	TRUE	仅认可所链接主审行为族与取证范围；整文件行段读完不等于每个分支/配置组合或运行结果已证。	GIR-FD82-B017;GIR-FD82-B023	agents/A/A-03/equivalence.tsv;agents/A/A-03/report.md;agents/A/A-03/source-coverage.tsv;agents/B/B-02/equivalence.tsv;agents/B/B-02/report.md;agents/B/B-02/source-coverage.tsv;agents/B/B-03/equivalence.tsv;agents/B/B-03/report.md;agents/B/B-03/source-coverage.tsv;agents/B/B-04/equivalence.tsv;agents/B/B-04/report.md;agents/B/B-04/source-coverage.tsv;agents/B/B-05/equivalence.tsv;agents/B/B-05/report.md;agents/B/B-05/source-coverage.tsv;agents/B/B-06/equivalence.tsv;agents/B/B-06/report.md;agents/B/B-06/source-coverage.tsv;agents/B/X-B-TARGET-NEARNESS/report.md;agents/C/C-01-S1/equivalence.tsv;agents/C/C-01-S1/report.md;agents/C/C-01-S1/source-coverage.tsv	targeted:1-92; full:1-201; reused-full:1-201; bounded-reread:27-146; informed-bounded-source-recheck:111-129; targeted-dependency:60-92; TARGETED_SECOND_REVIEW:102-109; TARGETED_SECOND_REVIEW:34-49;74;102-141
reference	8c5911e4a4b07b07e832e4bb0d5d8859e88b4a9b	Data/Scripts/011_Battle/003_Move/002_Move_Usage.rb	script	WP43 §3–6＋WP46 §2–6＋WP47-A §2–6＋WP47-B §2–5＋WP48 §C–E＋WP50 §B–F	已覆盖（招式使用/计算/控制/物品合同在案）	无具名行为剩余	MAPPED_REVIEWED_SCOPED; OPEN_REQUIRED_REVISION_LINKED	A;B;ROOT	agents/A/A-07/reading-log.tsv;agents/B/B-02/reading-log.tsv;agents/B/B-03/reading-log.tsv;agents/B/B-04/reading-log.tsv;agents/B/B-05/reading-log.tsv;agents/B/B-06/reading-log.tsv;agents/B/B-08/reading-log.tsv;agents/B/B-09/reading-log.tsv;agents/B/X-B-TARGET-NEARNESS/reading-log.tsv;root/peer-reading-log.tsv	405	405	TRUE	仅认可所链接主审行为族与取证范围；整文件行段读完不等于每个分支/配置组合或运行结果已证。	GIR-FD82-B014;GIR-FD82-B033	agents/A/A-07/equivalence.tsv;agents/A/A-07/report.md;agents/A/A-07/source-coverage.tsv;agents/B/B-02/equivalence.tsv;agents/B/B-02/report.md;agents/B/B-02/source-coverage.tsv;agents/B/B-03/equivalence.tsv;agents/B/B-03/report.md;agents/B/B-03/source-coverage.tsv;agents/B/B-04/equivalence.tsv;agents/B/B-04/report.md;agents/B/B-04/source-coverage.tsv;agents/B/B-05/equivalence.tsv;agents/B/B-05/report.md;agents/B/B-05/source-coverage.tsv;agents/B/B-06/equivalence.tsv;agents/B/B-06/report.md;agents/B/B-06/source-coverage.tsv;agents/B/B-08/equivalence.tsv;agents/B/B-08/report.md;agents/B/B-08/source-coverage.tsv;agents/B/B-09/equivalence.tsv;agents/B/B-09/report.md;agents/B/B-09/source-coverage.tsv;agents/B/X-B-TARGET-NEARNESS/report.md	targeted:1-239; targeted:240-403; full:1-405; reused-full:1-405; targeted-reread:1-238;285-405; bounded-reread:86-155; bounded-substantive:33-55; reused-reused-full:1-405; bounded-substantive:1-32; informed-bounded-source-recheck:1-16; TARGETED_SECOND_REVIEW:163-194;328-345; TARGETED_SECOND_REVIEW:1-9
reference	8c5911e4a4b07b07e832e4bb0d5d8859e88b4a9b	Data/Scripts/011_Battle/003_Move/003_Move_UsageCalculations.rb	script	WP43 §3–6＋WP46 §2–6＋WP47-A §2–6＋WP47-B §2–5＋WP48 §C–E＋WP50 §B–F	已覆盖（招式使用/计算/控制/物品合同在案）	无具名行为剩余	MAPPED_REVIEWED_SCOPED; OPEN_REQUIRED_REVISION_LINKED	A;B;ROOT	agents/A/A-04/reading-log.tsv;agents/B/B-01/reading-log.tsv;agents/B/B-02/reading-log.tsv;agents/B/B-03/reading-log.tsv;agents/B/B-04/reading-log.tsv;agents/B/B-05/reading-log.tsv;agents/B/B-06/reading-log.tsv;agents/B/B-08/reading-log.tsv;root/peer-reading-log.tsv	515	515	TRUE	仅认可所链接主审行为族与取证范围；整文件行段读完不等于每个分支/配置组合或运行结果已证。	GIR-FD82-B014	agents/A/A-04/equivalence.tsv;agents/A/A-04/report.md;agents/A/A-04/source-coverage.tsv;agents/B/B-01/equivalence.tsv;agents/B/B-01/report.md;agents/B/B-01/source-coverage.tsv;agents/B/B-02/equivalence.tsv;agents/B/B-02/report.md;agents/B/B-02/source-coverage.tsv;agents/B/B-03/equivalence.tsv;agents/B/B-03/report.md;agents/B/B-03/source-coverage.tsv;agents/B/B-04/equivalence.tsv;agents/B/B-04/report.md;agents/B/B-04/source-coverage.tsv;agents/B/B-05/equivalence.tsv;agents/B/B-05/report.md;agents/B/B-05/source-coverage.tsv;agents/B/B-06/equivalence.tsv;agents/B/B-06/report.md;agents/B/B-06/source-coverage.tsv;agents/B/B-08/equivalence.tsv;agents/B/B-08/report.md;agents/B/B-08/source-coverage.tsv	targeted:60-84; targeted:65-158; full:1-515; reused-full:1-515; bounded-reread:1-28;88-220;239-338; reused-reused-full:1-515; TARGETED_SECOND_REVIEW:239-243
reference	8c5911e4a4b07b07e832e4bb0d5d8859e88b4a9b	Data/Scripts/011_Battle/003_Move/004_Move_BaseEffects.rb	script	WP43 §3–6＋WP46 §2–6＋WP47-A §2–6＋WP47-B §2–5＋WP48 §C–E＋WP50 §B–F	已覆盖（招式使用/计算/控制/物品合同在案）	无具名行为剩余	MAPPED_REVIEWED_SCOPED; OPEN_REQUIRED_REVISION_LINKED	B;ROOT	agents/B/B-02/reading-log.tsv;agents/B/B-03/reading-log.tsv;agents/B/B-04/reading-log.tsv;agents/B/B-05/reading-log.tsv;agents/B/B-06/reading-log.tsv;agents/B/B-08/reading-log.tsv;root/peer-reading-log.tsv	626	626	TRUE	仅认可所链接主审行为族与取证范围；整文件行段读完不等于每个分支/配置组合或运行结果已证。	GIR-FD82-B016;GIR-FD82-B023	agents/B/B-02/equivalence.tsv;agents/B/B-02/report.md;agents/B/B-02/source-coverage.tsv;agents/B/B-03/equivalence.tsv;agents/B/B-03/report.md;agents/B/B-03/source-coverage.tsv;agents/B/B-04/equivalence.tsv;agents/B/B-04/report.md;agents/B/B-04/source-coverage.tsv;agents/B/B-05/equivalence.tsv;agents/B/B-05/report.md;agents/B/B-05/source-coverage.tsv;agents/B/B-06/equivalence.tsv;agents/B/B-06/report.md;agents/B/B-06/source-coverage.tsv;agents/B/B-08/equivalence.tsv;agents/B/B-08/report.md;agents/B/B-08/source-coverage.tsv	targeted:1-137;282-379; full-substantive:1-626; reused-full-substantive:1-626; bounded-reread:300-400; bounded-substantive:46-115;491-530; reused-reused-full-substantive:1-626; TARGETED_SECOND_REVIEW:110-168; TARGETED_SECOND_REVIEW:300-389; TARGETED_SECOND_REVIEW:496-525
reference	8c5911e4a4b07b07e832e4bb0d5d8859e88b4a9b	Data/Scripts/011_Battle/003_Move/005_MoveEffects_Misc.rb	script	WP43 §3–6＋WP46 §2–6＋WP47-A §2–6＋WP47-B §2–5＋WP48 §C–E＋WP50 §B–F	已覆盖（招式使用/计算/控制/物品合同在案）	无具名行为剩余	MAPPED_REVIEWED_SCOPED; OPEN_REQUIRED_REVISION_LINKED	B;ROOT	agents/B/B-02/reading-log.tsv;agents/B/B-03/reading-log.tsv;agents/B/B-04/reading-log.tsv;agents/B/B-06/reading-log.tsv;agents/B/B-08/reading-log.tsv;root/peer-reading-log.tsv	693	693	TRUE	仅认可所链接主审行为族与取证范围；整文件行段读完不等于每个分支/配置组合或运行结果已证。	GIR-FD82-B015	agents/B/B-02/equivalence.tsv;agents/B/B-02/report.md;agents/B/B-02/source-coverage.tsv;agents/B/B-03/equivalence.tsv;agents/B/B-03/report.md;agents/B/B-03/source-coverage.tsv;agents/B/B-04/equivalence.tsv;agents/B/B-04/report.md;agents/B/B-04/source-coverage.tsv;agents/B/B-06/equivalence.tsv;agents/B/B-06/report.md;agents/B/B-06/source-coverage.tsv;agents/B/B-08/equivalence.tsv;agents/B/B-08/report.md;agents/B/B-08/source-coverage.tsv	targeted:580-650; full-substantive:1-693; reused-full-substantive:1-693; bounded-reread:1-75;525-556;654-693; bounded-substantive:220-251; TARGETED_SECOND_REVIEW:631-637
reference	8c5911e4a4b07b07e832e4bb0d5d8859e88b4a9b	Data/Scripts/011_Battle/003_Move/006_MoveEffects_BattlerStats.rb	script	WP43 §3–6＋WP46 §2–6＋WP47-A §2–6＋WP47-B §2–5＋WP48 §C–E＋WP50 §B–F	已覆盖（招式使用/计算/控制/物品合同在案）	无具名行为剩余	MAPPED_REVIEWED_SCOPED; OPEN_REQUIRED_REVISION_LINKED	B;ROOT	agents/B/B-02/reading-log.tsv;agents/B/B-03/reading-log.tsv;agents/B/B-06/reading-log.tsv;agents/B/B-08/reading-log.tsv;root/peer-reading-log.tsv	1957	1957	TRUE	仅认可所链接主审行为族与取证范围；整文件行段读完不等于每个分支/配置组合或运行结果已证。	GIR-FD82-B016;GIR-FD82-B017;GIR-FD82-B018	agents/B/B-02/equivalence.tsv;agents/B/B-02/report.md;agents/B/B-02/source-coverage.tsv;agents/B/B-03/equivalence.tsv;agents/B/B-03/report.md;agents/B/B-03/source-coverage.tsv;agents/B/B-06/equivalence.tsv;agents/B/B-06/report.md;agents/B/B-06/source-coverage.tsv;agents/B/B-08/equivalence.tsv;agents/B/B-08/report.md;agents/B/B-08/source-coverage.tsv	targeted:1728-1766; full-substantive:1-1957; reused-full-substantive:1-1957; reused-reused-full-substantive:1-1957; TARGETED_SECOND_REVIEW:485-510;628-755;1899-1916
reference	8c5911e4a4b07b07e832e4bb0d5d8859e88b4a9b	Data/Scripts/011_Battle/003_Move/007_MoveEffects_BattlerOther.rb	script	WP43 §3–6＋WP46 §2–6＋WP47-A §2–6＋WP47-B §2–5＋WP48 §C–E＋WP50 §B–F	已覆盖（招式使用/计算/控制/物品合同在案）	无具名行为剩余	MAPPED_REVIEWED_SCOPED	B;ROOT	agents/B/B-02/reading-log.tsv;agents/B/B-03/reading-log.tsv;agents/B/B-04/reading-log.tsv;agents/B/B-06/reading-log.tsv;agents/B/B-08/reading-log.tsv;root/peer-reading-log.tsv	1364	1364	TRUE	仅认可所链接主审行为族与取证范围；整文件行段读完不等于每个分支/配置组合或运行结果已证。	-	agents/B/B-02/equivalence.tsv;agents/B/B-02/report.md;agents/B/B-02/source-coverage.tsv;agents/B/B-03/equivalence.tsv;agents/B/B-03/report.md;agents/B/B-03/source-coverage.tsv;agents/B/B-04/equivalence.tsv;agents/B/B-04/report.md;agents/B/B-04/source-coverage.tsv;agents/B/B-06/equivalence.tsv;agents/B/B-06/report.md;agents/B/B-06/source-coverage.tsv;agents/B/B-08/equivalence.tsv;agents/B/B-08/report.md;agents/B/B-08/source-coverage.tsv	targeted:127-149;175-196;276-308;610-638;1260-1283; bounded-substantive:1-658;1294-1337; bounded-complete-tail:659-1364; reused-bounded-substantive:1-658;1294-1337; reused-bounded-complete-tail:659-1364; bounded-substantive:44-81; reused-reused-bounded-substantive:1-658;1294-1337; TARGETED_SECOND_REVIEW:54-69
reference	8c5911e4a4b07b07e832e4bb0d5d8859e88b4a9b	Data/Scripts/011_Battle/003_Move/008_MoveEffects_MoveAttributes.rb	script	WP43 §3–6＋WP46 §2–6＋WP47-A §2–6＋WP47-B §2–5＋WP48 §C–E＋WP50 §B–F	已覆盖（招式使用/计算/控制/物品合同在案）	无具名行为剩余	MAPPED_REVIEWED_SCOPED; OPEN_REQUIRED_REVISION_LINKED	A;B;ROOT	agents/A/A-07/reading-log.tsv;agents/B/B-02/reading-log.tsv;agents/B/B-03/reading-log.tsv;agents/B/B-04/reading-log.tsv;agents/B/B-06/reading-log.tsv;agents/B/B-07/reading-log.tsv;agents/B/B-08/reading-log.tsv;root/peer-reading-log.tsv	1620	1620	TRUE	仅认可所链接主审行为族与取证范围；整文件行段读完不等于每个分支/配置组合或运行结果已证。	GIR-FD82-B010	agents/A/A-07/equivalence.tsv;agents/A/A-07/report.md;agents/A/A-07/source-coverage.tsv;agents/B/B-02/equivalence.tsv;agents/B/B-02/report.md;agents/B/B-02/source-coverage.tsv;agents/B/B-03/equivalence.tsv;agents/B/B-03/report.md;agents/B/B-03/source-coverage.tsv;agents/B/B-04/equivalence.tsv;agents/B/B-04/report.md;agents/B/B-04/source-coverage.tsv;agents/B/B-06/equivalence.tsv;agents/B/B-06/report.md;agents/B/B-06/source-coverage.tsv;agents/B/B-07/equivalence.tsv;agents/B/B-07/report.md;agents/B/B-07/source-coverage.tsv;agents/B/B-08/equivalence.tsv;agents/B/B-08/report.md;agents/B/B-08/source-coverage.tsv	targeted:62-116; targeted:60-145;1060-1285; bounded-substantive:1-1221;1602-1620; bounded-complete-tail:1222-1620; reused-bounded-substantive:1-1221;1602-1620; reused-bounded-complete-tail:1222-1620; bounded-reread:150-350; bounded-substantive:1128-1150; reused-reused-bounded-substantive:1-1221;1602-1620; TARGETED_SECOND_REVIEW:70-126
reference	8c5911e4a4b07b07e832e4bb0d5d8859e88b4a9b	Data/Scripts/011_Battle/003_Move/009_MoveEffects_MultiHit.rb	script	WP43 §3–6＋WP46 §2–6＋WP47-A §2–6＋WP47-B §2–5＋WP48 §C–E＋WP50 §B–F	已覆盖（招式使用/计算/控制/物品合同在案）	无具名行为剩余	MAPPED_REVIEWED_SCOPED; OPEN_REQUIRED_REVISION_LINKED	B;ROOT	agents/B/B-02/reading-log.tsv;agents/B/B-03/reading-log.tsv;agents/B/B-06/reading-log.tsv;agents/B/B-08/reading-log.tsv;root/peer-reading-log.tsv	633	633	TRUE	仅认可所链接主审行为族与取证范围；整文件行段读完不等于每个分支/配置组合或运行结果已证。	GIR-FD82-B018;GIR-FD82-B023	agents/B/B-02/equivalence.tsv;agents/B/B-02/report.md;agents/B/B-02/source-coverage.tsv;agents/B/B-03/equivalence.tsv;agents/B/B-03/report.md;agents/B/B-03/source-coverage.tsv;agents/B/B-06/equivalence.tsv;agents/B/B-06/report.md;agents/B/B-06/source-coverage.tsv;agents/B/B-08/equivalence.tsv;agents/B/B-08/report.md;agents/B/B-08/source-coverage.tsv	targeted:445-478; full-substantive:1-633; reused-full-substantive:1-633; bounded-reread:274-324; reused-reused-full-substantive:1-633; TARGETED_SECOND_REVIEW:279-316
reference	8c5911e4a4b07b07e832e4bb0d5d8859e88b4a9b	Data/Scripts/011_Battle/003_Move/010_MoveEffects_Healing.rb	script	WP43 §3–6＋WP46 §2–6＋WP47-A §2–6＋WP47-B §2–5＋WP48 §C–E＋WP50 §B–F	已覆盖（招式使用/计算/控制/物品合同在案）	无具名行为剩余	MAPPED_REVIEWED_SCOPED; OPEN_REQUIRED_REVISION_LINKED	B;ROOT	agents/B/B-03/reading-log.tsv;agents/B/B-06/reading-log.tsv;agents/B/B-07/reading-log.tsv;root/peer-reading-log.tsv	695	695	TRUE	仅认可所链接主审行为族与取证范围；整文件行段读完不等于每个分支/配置组合或运行结果已证。	GIR-FD82-B018;GIR-FD82-B025	agents/B/B-03/equivalence.tsv;agents/B/B-03/report.md;agents/B/B-03/source-coverage.tsv;agents/B/B-06/equivalence.tsv;agents/B/B-06/report.md;agents/B/B-06/source-coverage.tsv;agents/B/B-07/equivalence.tsv;agents/B/B-07/report.md;agents/B/B-07/source-coverage.tsv	full-substantive:1-695; reused-full-substantive:1-695; bounded-substantive:632-682; TARGETED_SECOND_REVIEW:637-665
reference	8c5911e4a4b07b07e832e4bb0d5d8859e88b4a9b	Data/Scripts/011_Battle/003_Move/011_MoveEffects_Items.rb	script	WP43 §3–6＋WP46 §2–6＋WP47-A §2–6＋WP47-B §2–5＋WP48 §C–E＋WP50 §B–F	已覆盖（招式使用/计算/控制/物品合同在案）	无具名行为剩余	MAPPED_REVIEWED_SCOPED	A;B	agents/A/A-03/reading-log.tsv;agents/A/X-A-CAPTURE-PARTNER/reading-log.tsv;agents/B/B-01/reading-log.tsv;agents/B/B-03/reading-log.tsv;agents/B/B-04/reading-log.tsv;agents/B/B-06/reading-log.tsv	470	470	TRUE	仅认可所链接主审行为族与取证范围；整文件行段读完不等于每个分支/配置组合或运行结果已证。	-	agents/A/A-03/equivalence.tsv;agents/A/A-03/report.md;agents/A/A-03/source-coverage.tsv;agents/B/B-01/equivalence.tsv;agents/B/B-01/report.md;agents/B/B-01/source-coverage.tsv;agents/B/B-03/equivalence.tsv;agents/B/B-03/report.md;agents/B/B-03/source-coverage.tsv;agents/B/B-04/equivalence.tsv;agents/B/B-04/report.md;agents/B/B-04/source-coverage.tsv;agents/B/B-06/equivalence.tsv;agents/B/B-06/report.md;agents/B/B-06/source-coverage.tsv	same_agent_X_reuse:1-100;163-189; targeted:1-100;163-189; targeted:161-192; targeted:269-296; full:1-470; reused-full:1-470
reference	8c5911e4a4b07b07e832e4bb0d5d8859e88b4a9b	Data/Scripts/011_Battle/003_Move/012_MoveEffects_ChangeMoveEffect.rb	script	WP43 §3–6＋WP46 §2–6＋WP47-A §2–6＋WP47-B §2–5＋WP48 §C–E＋WP50 §B–F	已覆盖（招式使用/计算/控制/物品合同在案）	无具名行为剩余	MAPPED_REVIEWED_SCOPED; OPEN_REQUIRED_REVISION_LINKED	B;ROOT	agents/B/B-03/reading-log.tsv;agents/B/B-04/reading-log.tsv;agents/B/B-05/reading-log.tsv;agents/B/B-06/reading-log.tsv;agents/B/B-08/reading-log.tsv;agents/B/B-09/reading-log.tsv;agents/B/X-B-TARGET-NEARNESS/reading-log.tsv;root/peer-reading-log.tsv	1330	1330	TRUE	仅认可所链接主审行为族与取证范围；整文件行段读完不等于每个分支/配置组合或运行结果已证。	GIR-FD82-B019;GIR-FD82-B021;GIR-FD82-B033	agents/B/B-03/equivalence.tsv;agents/B/B-03/report.md;agents/B/B-03/source-coverage.tsv;agents/B/B-04/equivalence.tsv;agents/B/B-04/report.md;agents/B/B-04/source-coverage.tsv;agents/B/B-05/equivalence.tsv;agents/B/B-05/report.md;agents/B/B-05/source-coverage.tsv;agents/B/B-06/equivalence.tsv;agents/B/B-06/report.md;agents/B/B-06/source-coverage.tsv;agents/B/B-08/equivalence.tsv;agents/B/B-08/report.md;agents/B/B-08/source-coverage.tsv;agents/B/B-09/equivalence.tsv;agents/B/B-09/report.md;agents/B/B-09/source-coverage.tsv;agents/B/X-B-TARGET-NEARNESS/report.md	bounded-substantive:46-132;381-426;453-693; bounded-complete-families:1-45;133-380;427-452;694-1330; reused-bounded-substantive:46-132;381-426;453-693; bounded-reread:138-218; reused-bounded-complete-families:1-45;133-380;427-452;694-1330; reused-reused-bounded-substantive:46-132;381-426;453-693; bounded-substantive:427-462; informed-bounded-source-recheck:426-452; TARGETED_SECOND_REVIEW:5-15;151-157;179-213;340-345; TARGETED_SECOND_REVIEW:206-213; TARGETED_SECOND_REVIEW:431-447
reference	8c5911e4a4b07b07e832e4bb0d5d8859e88b4a9b	Data/Scripts/011_Battle/003_Move/013_MoveEffects_SwitchingActing.rb	script	WP43 §3–6＋WP46 §2–6＋WP47-A §2–6＋WP47-B §2–5＋WP48 §C–E＋WP50 §B–F	已覆盖（招式使用/计算/控制/物品合同在案）	无具名行为剩余	MAPPED_REVIEWED_SCOPED; OPEN_REQUIRED_REVISION_LINKED	B;ROOT	agents/B/B-02/reading-log.tsv;agents/B/B-03/reading-log.tsv;agents/B/B-04/reading-log.tsv;agents/B/B-06/reading-log.tsv;agents/B/B-08/reading-log.tsv;agents/B/B-09/reading-log.tsv;root/peer-reading-log.tsv	948	948	TRUE	仅认可所链接主审行为族与取证范围；整文件行段读完不等于每个分支/配置组合或运行结果已证。	GIR-FD82-B014;GIR-FD82-B015;GIR-FD82-B029;GIR-FD82-B031	agents/B/B-02/equivalence.tsv;agents/B/B-02/report.md;agents/B/B-02/source-coverage.tsv;agents/B/B-03/equivalence.tsv;agents/B/B-03/report.md;agents/B/B-03/source-coverage.tsv;agents/B/B-04/equivalence.tsv;agents/B/B-04/report.md;agents/B/B-04/source-coverage.tsv;agents/B/B-06/equivalence.tsv;agents/B/B-06/report.md;agents/B/B-06/source-coverage.tsv;agents/B/B-08/equivalence.tsv;agents/B/B-08/report.md;agents/B/B-08/source-coverage.tsv;agents/B/B-09/equivalence.tsv;agents/B/B-09/report.md;agents/B/B-09/source-coverage.tsv	full:1-948; reused-full:1-948; targeted-reread:403-422;465-487;651-671; bounded-reread:563-652;673-737; bounded-substantive:1-290; reused-reused-full:1-948; bounded-substantive:784-855; TARGETED_SECOND_REVIEW:64-84; TARGETED_SECOND_REVIEW:316-343; TARGETED_SECOND_REVIEW:23-145;153-255; TARGETED_SECOND_REVIEW:784-855
reference	8c5911e4a4b07b07e832e4bb0d5d8859e88b4a9b	Data/Scripts/011_Battle/004_Scene/001_Battle_Scene.rb	script	WP67-A §3–10（战斗交互与呈现）	已覆盖（战斗呈现与消息/画面合同在案）	无具名行为剩余	MAPPED_REVIEWED_SCOPED; OPEN_REQUIRED_REVISION_LINKED	A;B;C;ROOT	agents/A/X-A-EDIT-CACHE/reading-log.tsv;agents/A/X-A-WP79-NA-AUDIT/reading-log.tsv;agents/B/B-08/reading-log.tsv;agents/B/B-09/reading-log.tsv;agents/B/X-B-TARGET-NEARNESS/reading-log.tsv;agents/C/C-02/reading-log.tsv;root/peer-reading-log.tsv	419	419	TRUE	仅认可所链接主审行为族与取证范围；整文件行段读完不等于每个分支/配置组合或运行结果已证。	GIR-FD82-A059	agents/A/X-A-WP79-NA-AUDIT/report.md;agents/A/X-A-WP79-NA-AUDIT/source-coverage.tsv;agents/B/B-08/equivalence.tsv;agents/B/B-08/report.md;agents/B/B-08/source-coverage.tsv;agents/B/B-09/equivalence.tsv;agents/B/B-09/report.md;agents/B/B-09/source-coverage.tsv;agents/B/X-B-TARGET-NEARNESS/report.md;agents/C/C-02/equivalence.tsv;agents/C/C-02/report.md;agents/C/C-02/source-coverage.tsv	SEMANTIC_TARGETED; exact cited ranges read:335–348; targeted_current:399-419; bounded-substantive:1-24;89-120;200-269; full:1-419; informed-bounded-source-recheck:366-397; targeted:15-29; TARGETED_ROOT_SOURCE_SECOND_REVIEW:408-417
reference	8c5911e4a4b07b07e832e4bb0d5d8859e88b4a9b	Data/Scripts/011_Battle/004_Scene/002_Scene_Initialize.rb	script	WP67-A §3–10（战斗交互与呈现）	已覆盖（战斗呈现与消息/画面合同在案）	无具名行为剩余	MAPPED_REVIEWED_SCOPED	B	agents/B/B-08/reading-log.tsv;agents/B/B-09/reading-log.tsv	191	191	TRUE	仅认可所链接主审行为族与取证范围；整文件行段读完不等于每个分支/配置组合或运行结果已证。	-	agents/B/B-08/equivalence.tsv;agents/B/B-08/report.md;agents/B/B-08/source-coverage.tsv;agents/B/B-09/equivalence.tsv;agents/B/B-09/report.md;agents/B/B-09/source-coverage.tsv	bounded-substantive:1-35; full:1-191
reference	8c5911e4a4b07b07e832e4bb0d5d8859e88b4a9b	Data/Scripts/011_Battle/004_Scene/003_Scene_ChooseCommands.rb	script	WP67-A §3–10（战斗交互与呈现）	已覆盖（战斗呈现与消息/画面合同在案）	无具名行为剩余	MAPPED_REVIEWED_SCOPED; OPEN_REQUIRED_REVISION_LINKED	A;B;C;ROOT	agents/A/A-04/reading-log.tsv;agents/A/A-06/reading-log.tsv;agents/A/A-07/reading-log.tsv;agents/A/A-08/reading-log.tsv;agents/A/X-A-CAPTURE-PARTNER/reading-log.tsv;agents/B/B-01/reading-log.tsv;agents/B/B-02/reading-log.tsv;agents/B/B-03/reading-log.tsv;agents/B/B-08/reading-log.tsv;agents/B/B-09/reading-log.tsv;agents/B/X-B-TARGET-NEARNESS/reading-log.tsv;agents/C/C-01-S1/reading-log.tsv;root/peer-reading-log.tsv	474	474	TRUE	仅认可所链接主审行为族与取证范围；整文件行段读完不等于每个分支/配置组合或运行结果已证。	GIR-FD82-005;GIR-FD82-A049;GIR-FD82-B008;GIR-FD82-B031;GIR-FD82-B032;GIR-FD82-B033	agents/A/A-04/equivalence.tsv;agents/A/A-04/report.md;agents/A/A-04/source-coverage.tsv;agents/A/A-06/equivalence.tsv;agents/A/A-06/report.md;agents/A/A-06/source-coverage.tsv;agents/A/A-07/equivalence.tsv;agents/A/A-07/report.md;agents/A/A-07/source-coverage.tsv;agents/A/A-08/equivalence.tsv;agents/A/A-08/report.md;agents/A/A-08/source-coverage.tsv;agents/B/B-01/equivalence.tsv;agents/B/B-01/report.md;agents/B/B-01/source-coverage.tsv;agents/B/B-02/equivalence.tsv;agents/B/B-02/report.md;agents/B/B-02/source-coverage.tsv;agents/B/B-03/equivalence.tsv;agents/B/B-03/report.md;agents/B/B-03/source-coverage.tsv;agents/B/B-08/equivalence.tsv;agents/B/B-08/report.md;agents/B/B-08/source-coverage.tsv;agents/B/B-09/equivalence.tsv;agents/B/B-09/report.md;agents/B/B-09/source-coverage.tsv;agents/B/X-B-TARGET-NEARNESS/report.md;agents/C/C-01-S1/equivalence.tsv;agents/C/C-01-S1/report.md;agents/C/C-01-S1/source-coverage.tsv	targeted:1-140; targeted_current:196-338; targeted:435-465; targeted:464-474; targeted:135-215;340-435; full:1-474; reused-full:1-474; bounded-substantive:384-438; informed-bounded-source-recheck:314-446; targeted-dependency:45-62; TARGETED_SECOND_REVIEW:208-230;312-314; TARGETED_SECOND_REVIEW:208-237; TARGETED_SECOND_REVIEW:290-314; TARGETED_SECOND_REVIEW:441-455; TARGETED_SECOND_REVIEW:333-439; TARGETED_SECOND_REVIEW:68-133;384-439; TARGETED_SECOND_REVIEW:68-92;118-123; TARGETED_SECOND_REVIEW:333-381;384-439
reference	8c5911e4a4b07b07e832e4bb0d5d8859e88b4a9b	Data/Scripts/011_Battle/004_Scene/004_Scene_PlayAnimations.rb	script	WP67-A §3–10（战斗交互与呈现）	已覆盖（战斗呈现与消息/画面合同在案）	无具名行为剩余	MAPPED_REVIEWED_SCOPED; OPEN_REQUIRED_REVISION_LINKED	A;B;C;ROOT	agents/A/X-A-WP79-NA-AUDIT/reading-log.tsv;agents/B/B-02/reading-log.tsv;agents/B/B-09/reading-log.tsv;agents/C/C-02/reading-log.tsv;root/peer-reading-log.tsv	579	579	TRUE	仅认可所链接主审行为族与取证范围；整文件行段读完不等于每个分支/配置组合或运行结果已证。	GIR-FD82-A059;WP80-INTAKE-R01	agents/A/X-A-WP79-NA-AUDIT/report.md;agents/A/X-A-WP79-NA-AUDIT/source-coverage.tsv;agents/B/B-02/equivalence.tsv;agents/B/B-02/report.md;agents/B/B-02/source-coverage.tsv;agents/B/B-09/equivalence.tsv;agents/B/B-09/report.md;agents/B/B-09/source-coverage.tsv;agents/C/C-02/equivalence.tsv;agents/C/C-02/report.md;agents/C/C-02/source-coverage.tsv	targeted_current:336-356; targeted:270-384; full:1-579; targeted:405-579; TARGETED_EXTENSION_REVIEW:509-517;568-572; TARGETED_ROOT_SOURCE_SECOND_REVIEW:344-353
reference	8c5911e4a4b07b07e832e4bb0d5d8859e88b4a9b	Data/Scripts/011_Battle/004_Scene/005_Battle_Scene_Menus.rb	script	WP67-A §3–10（战斗交互与呈现）	已覆盖（战斗呈现与消息/画面合同在案）	无具名行为剩余	MAPPED_REVIEWED_SCOPED; OPEN_REQUIRED_REVISION_LINKED	B;ROOT	agents/B/B-01/reading-log.tsv;agents/B/B-09/reading-log.tsv;agents/B/X-B-TARGET-NEARNESS/reading-log.tsv;root/peer-reading-log.tsv	551	551	TRUE	仅认可所链接主审行为族与取证范围；整文件行段读完不等于每个分支/配置组合或运行结果已证。	GIR-FD82-005;GIR-FD82-B032	agents/B/B-01/equivalence.tsv;agents/B/B-01/report.md;agents/B/B-01/source-coverage.tsv;agents/B/B-09/equivalence.tsv;agents/B/B-09/report.md;agents/B/B-09/source-coverage.tsv;agents/B/X-B-TARGET-NEARNESS/report.md	targeted:97-113;322-443;514-551; full:1-551; informed-bounded-source-recheck:1-28;30-75;444-477;490-551; TARGETED_SECOND_REVIEW:1-78;444-539; TARGETED_SECOND_REVIEW:416-422
reference	8c5911e4a4b07b07e832e4bb0d5d8859e88b4a9b	Data/Scripts/011_Battle/004_Scene/006_Battle_Scene_Objects.rb	script	WP67-A §3–10（战斗交互与呈现）	已覆盖（战斗呈现与消息/画面合同在案）	无具名行为剩余	MAPPED_REVIEWED_SCOPED	A;B;C;ROOT	agents/A/X-A-EDIT-CACHE/reading-log.tsv;agents/B/B-09/reading-log.tsv;agents/C/C-01-S2/reading-log.tsv;root/peer-reading-log.tsv	698	698	TRUE	仅认可所链接主审行为族与取证范围；整文件行段读完不等于每个分支/配置组合或运行结果已证。	-	agents/B/B-09/equivalence.tsv;agents/B/B-09/report.md;agents/B/B-09/source-coverage.tsv;agents/C/C-01-S2/equivalence.tsv;agents/C/C-01-S2/report.md;agents/C/C-01-S2/source-coverage.tsv	SEMANTIC_TARGETED; exact cited ranges read:577–635,672–697; full:1-698; targeted:520-625; targeted:625-643; TARGETED_EXTENSION_REVIEW:577-635
reference	8c5911e4a4b07b07e832e4bb0d5d8859e88b4a9b	Data/Scripts/011_Battle/004_Scene/007_Battle_Scene_BaseAnimation.rb	script	WP67-A §3–10（战斗交互与呈现）	已覆盖（战斗呈现与消息/画面合同在案）	无具名行为剩余	MAPPED_REVIEWED_SCOPED	B	agents/B/B-09/reading-log.tsv	823	823	TRUE	仅认可所链接主审行为族与取证范围；整文件行段读完不等于每个分支/配置组合或运行结果已证。	-	agents/B/B-09/equivalence.tsv;agents/B/B-09/report.md;agents/B/B-09/source-coverage.tsv	full:1-823
reference	8c5911e4a4b07b07e832e4bb0d5d8859e88b4a9b	Data/Scripts/011_Battle/004_Scene/008_Battle_Scene_Animations.rb	script	WP67-A §3–10（战斗交互与呈现）	已覆盖（战斗呈现与消息/画面合同在案）	无具名行为剩余	MAPPED_REVIEWED_SCOPED	B	agents/B/B-09/reading-log.tsv	849	849	TRUE	仅认可所链接主审行为族与取证范围；整文件行段读完不等于每个分支/配置组合或运行结果已证。	-	agents/B/B-09/equivalence.tsv;agents/B/B-09/report.md;agents/B/B-09/source-coverage.tsv	full:1-849
reference	8c5911e4a4b07b07e832e4bb0d5d8859e88b4a9b	Data/Scripts/011_Battle/004_Scene/009_Battle_DebugScene.rb	script	WP67-A §3–10（战斗交互与呈现）	已覆盖（战斗呈现与消息/画面合同在案）	无具名行为剩余	MAPPED_REVIEWED_SCOPED; OPEN_REQUIRED_REVISION_LINKED	B;ROOT	agents/B/B-09/reading-log.tsv;root/peer-reading-log.tsv	106	106	TRUE	仅认可所链接主审行为族与取证范围；整文件行段读完不等于每个分支/配置组合或运行结果已证。	GIR-FD82-B034	agents/B/B-09/equivalence.tsv;agents/B/B-09/report.md;agents/B/B-09/source-coverage.tsv	full:1-106; TARGETED_SECOND_REVIEW:13-17;77-105
reference	8c5911e4a4b07b07e832e4bb0d5d8859e88b4a9b	Data/Scripts/011_Battle/005_AI/001_Battle_AI.rb	script	WP51 §1（目的/输入/证据边界）＋§2（技能/标记/次序）＋§3–5（选择链；:1–163 全文；:82–163 包装另见 WP52-B §7）	已覆盖（决策次序、包装与失败边界合同在案）	具名实现边界：登记数组组织、遍历/分派方式等不改变评分、排序与选择概率的实现方式不提取；无具名未覆盖行为数值（评分数值、条件、取整与选择权重合同均见 carrier 章节）	MAPPED_REVIEWED_SCOPED; OPEN_REQUIRED_REVISION_LINKED	A;B;ROOT	agents/A/A-04/reading-log.tsv;agents/B/B-02/reading-log.tsv;agents/B/B-05/reading-log.tsv;agents/B/B-06/reading-log.tsv;agents/B/B-08/reading-log.tsv;root/peer-reading-log.tsv	163	163	TRUE	仅认可所链接主审行为族与取证范围；整文件行段读完不等于每个分支/配置组合或运行结果已证。	GIR-FD82-B020;GIR-FD82-B022;GIR-FD82-B023;GIR-FD82-B024	agents/A/A-04/equivalence.tsv;agents/A/A-04/report.md;agents/A/A-04/source-coverage.tsv;agents/B/B-02/equivalence.tsv;agents/B/B-02/report.md;agents/B/B-02/source-coverage.tsv;agents/B/B-05/equivalence.tsv;agents/B/B-05/report.md;agents/B/B-05/source-coverage.tsv;agents/B/B-06/equivalence.tsv;agents/B/B-06/report.md;agents/B/B-06/source-coverage.tsv;agents/B/B-08/equivalence.tsv;agents/B/B-08/report.md;agents/B/B-08/source-coverage.tsv	targeted:43-75; targeted:64-90; full:1-163; reused-full:1-163; bounded-reread:82-163; bounded-substantive:1-99; TARGETED_SECOND_REVIEW:48-69; TARGETED_SECOND_REVIEW:84-119; TARGETED_SECOND_REVIEW:103-119; TARGETED_SECOND_REVIEW:157-162
reference	8c5911e4a4b07b07e832e4bb0d5d8859e88b4a9b	Data/Scripts/011_Battle/005_AI/002_AI_Switch.rb	script	WP51 §3.1（意愿/否决逐项条件表）＋§3.2（替补评分：初分 100、预计危害与入场危害减分、对手伤害招减分、候选招式加分、祈愿/灭亡歌加分、按分降序取首、高技能普通模式 <100 拒换；危害估计与能力吸收近似）＋§3.3（回合末净损失近似合成）	已覆盖（换人条件、替补评分数值与选取规则合同在案）	具名实现边界：登记数组组织、遍历/分派方式等不改变评分、排序与选择概率的实现方式不提取；无具名未覆盖行为数值（评分数值、条件、取整与选择权重合同均见 carrier 章节）	MAPPED_REVIEWED_SCOPED; OPEN_REQUIRED_REVISION_LINKED	B;ROOT	agents/B/B-05/reading-log.tsv;root/peer-reading-log.tsv	705	705	TRUE	仅认可所链接主审行为族与取证范围；整文件行段读完不等于每个分支/配置组合或运行结果已证。	GIR-FD82-B021	agents/B/B-05/equivalence.tsv;agents/B/B-05/report.md;agents/B/B-05/source-coverage.tsv	full:1-705; TARGETED_SECOND_REVIEW:8-35;192-225
reference	8c5911e4a4b07b07e832e4bb0d5d8859e88b4a9b	Data/Scripts/011_Battle/005_AI/003_AI_UseItem.rb	script	WP51 §4（五族优先序、偏好档、估值与抽样概率、成功检测后取组首项等具体规则）＋wp51-ai-decision-defaults 附表（默认身份/数值）	已覆盖（道具决策条件、偏好档数值与选择规则合同在案）	具名实现边界：登记数组组织、遍历/分派方式等不改变评分、排序与选择概率的实现方式不提取；无具名未覆盖行为数值（评分数值、条件、取整与选择权重合同均见 carrier 章节）	MAPPED_REVIEWED_SCOPED; OPEN_REQUIRED_REVISION_LINKED	B;ROOT	agents/B/B-05/reading-log.tsv;root/peer-reading-log.tsv	220	220	TRUE	仅认可所链接主审行为族与取证范围；整文件行段读完不等于每个分支/配置组合或运行结果已证。	GIR-FD82-B020	agents/B/B-05/equivalence.tsv;agents/B/B-05/report.md;agents/B/B-05/source-coverage.tsv	full:1-220; TARGETED_SECOND_REVIEW:101-123;161-181; TARGETED_SECOND_REVIEW:1-101
reference	8c5911e4a4b07b07e832e4bb0d5d8859e88b4a9b	Data/Scripts/011_Battle/005_AI/004_AI_MegaEvolve.rb	script	WP51 §2/§5（Mega 登记策略、差招强迫换成功时撤销本席登记；场景 M07）	已覆盖（Mega 登记/撤销合同在案）	具名实现边界：登记数组组织、遍历/分派方式等不改变评分、排序与选择概率的实现方式不提取；无具名未覆盖行为数值（评分数值、条件、取整与选择权重合同均见 carrier 章节）	MAPPED_REVIEWED_SCOPED	A;B	agents/A/A-04/reading-log.tsv;agents/B/B-05/reading-log.tsv	13	13	TRUE	仅认可所链接主审行为族与取证范围；整文件行段读完不等于每个分支/配置组合或运行结果已证。	-	agents/A/A-04/equivalence.tsv;agents/A/A-04/report.md;agents/A/A-04/source-coverage.tsv;agents/B/B-05/equivalence.tsv;agents/B/B-05/report.md;agents/B/B-05/source-coverage.tsv	full:1-13
reference	8c5911e4a4b07b07e832e4bb0d5d8859e88b4a9b	Data/Scripts/011_Battle/005_AI/005_AI_ChooseMove.rb	script	WP51 §5（候选池、预计失败保留分 20/预计无用 60、阈值系数 0.6→0.95 按技能平方根、权重取「原分−截值」与 0 的较大者后按序累计选取、零总量边界）＋WP52-A §2.1（失败与目标合成：多目标平均/友军反转/无效目标过滤）	已覆盖（候选生成与分数转选择的数值/权重合同在案）	具名实现边界：登记数组组织、遍历/分派方式等不改变评分、排序与选择概率的实现方式不提取；无具名未覆盖行为数值（评分数值、条件、取整与选择权重合同均见 carrier 章节）	MAPPED_REVIEWED_SCOPED; OPEN_REQUIRED_REVISION_LINKED	A;B;ROOT	agents/A/A-04/reading-log.tsv;agents/A/X-A-CAPTURE-PARTNER/reading-log.tsv;agents/B/B-05/reading-log.tsv;agents/B/B-06/reading-log.tsv;root/peer-reading-log.tsv	393	393	TRUE	仅认可所链接主审行为族与取证范围；整文件行段读完不等于每个分支/配置组合或运行结果已证。	GIR-FD82-B022;GIR-FD82-B023	agents/A/A-04/equivalence.tsv;agents/A/A-04/report.md;agents/A/A-04/source-coverage.tsv;agents/B/B-05/equivalence.tsv;agents/B/B-05/report.md;agents/B/B-05/source-coverage.tsv;agents/B/B-06/equivalence.tsv;agents/B/B-06/report.md;agents/B/B-06/source-coverage.tsv	targeted:335-360; targeted:1-96;230-275; full:1-393; full-reread:1-393; TARGETED_SECOND_REVIEW:45-56;232-324; TARGETED_SECOND_REVIEW:23-87;232-285; TARGETED_SECOND_REVIEW:5;7;177-195
reference	8c5911e4a4b07b07e832e4bb0d5d8859e88b4a9b	Data/Scripts/011_Battle/005_AI/006_AI_ChooseMove_GenericEffects.rb	script	WP52-A §2.2（通用修正）＋§4.1（共同资格/值得改变/增量；:1–572）＋WP52-B §5.1（场域建立与旧场域扣分；:573–797 全文）	已覆盖（通用评分条件与场域评分数值合同在案）	具名实现边界：登记数组组织、遍历/分派方式等不改变评分、排序与选择概率的实现方式不提取；无具名未覆盖行为数值（评分数值、条件、取整与选择权重合同均见 carrier 章节）	MAPPED_REVIEWED_SCOPED; OPEN_REQUIRED_REVISION_LINKED	B;ROOT	agents/B/B-05/reading-log.tsv;agents/B/B-06/reading-log.tsv;root/peer-reading-log.tsv	797	797	TRUE	仅认可所链接主审行为族与取证范围；整文件行段读完不等于每个分支/配置组合或运行结果已证。	GIR-FD82-B021	agents/B/B-05/equivalence.tsv;agents/B/B-05/report.md;agents/B/B-05/source-coverage.tsv;agents/B/B-06/equivalence.tsv;agents/B/B-06/report.md;agents/B/B-06/source-coverage.tsv	bounded-complete-helper:95-185; full:1-797; TARGETED_EXTENSION_REVIEW:30-49;329-346
reference	8c5911e4a4b07b07e832e4bb0d5d8859e88b4a9b	Data/Scripts/011_Battle/005_AI/007_AI_ChooseMove_OtherScores.rb	script	WP52-A §2.2（22 通用修正目录：具体加减分条件与近似边界）＋wp52-a-evaluation-coverage-and-data 附表 §3（通用修正注册）	已覆盖（22 项通用修正条件合同在案）	具名实现边界：登记数组组织、遍历/分派方式等不改变评分、排序与选择概率的实现方式不提取；无具名未覆盖行为数值（评分数值、条件、取整与选择权重合同均见 carrier 章节）	MAPPED_REVIEWED_SCOPED	A;B	agents/A/A-04/reading-log.tsv;agents/B/B-06/reading-log.tsv	517	517	TRUE	仅认可所链接主审行为族与取证范围；整文件行段读完不等于每个分支/配置组合或运行结果已证。	-	agents/A/A-04/equivalence.tsv;agents/A/A-04/report.md;agents/A/A-04/source-coverage.tsv;agents/B/B-06/equivalence.tsv;agents/B/B-06/report.md;agents/B/B-06/source-coverage.tsv	targeted:1-35; full:1-517
reference	8c5911e4a4b07b07e832e4bb0d5d8859e88b4a9b	Data/Scripts/011_Battle/005_AI/008_AI_Utilities.rb	script	WP51 §3.2（吸收/浮空/毒近似）＋WP52-A §3 及附表 §4（基础能力数据；能力评级 267 身份 13 档完整表）＋WP52-C §2.1 及附表 §3（基础物品/ItemRanking 完整基础评级）	已覆盖（近似规则、能力/物品评级数据合同在案）	具名实现边界：登记数组组织、遍历/分派方式等不改变评分、排序与选择概率的实现方式不提取；无具名未覆盖行为数值（评分数值、条件、取整与选择权重合同均见 carrier 章节）	MAPPED_REVIEWED_SCOPED; OPEN_REQUIRED_REVISION_LINKED	B;ROOT	agents/B/B-02/reading-log.tsv;agents/B/B-05/reading-log.tsv;agents/B/B-06/reading-log.tsv;agents/B/B-08/reading-log.tsv;root/peer-reading-log.tsv	898	898	TRUE	仅认可所链接主审行为族与取证范围；整文件行段读完不等于每个分支/配置组合或运行结果已证。	GIR-FD82-B024	agents/B/B-02/equivalence.tsv;agents/B/B-02/report.md;agents/B/B-02/source-coverage.tsv;agents/B/B-05/equivalence.tsv;agents/B/B-05/report.md;agents/B/B-05/source-coverage.tsv;agents/B/B-06/equivalence.tsv;agents/B/B-06/report.md;agents/B/B-06/source-coverage.tsv;agents/B/B-08/equivalence.tsv;agents/B/B-08/report.md;agents/B/B-08/source-coverage.tsv	targeted:1-12; bounded-complete-helpers:1-155; full:1-898; bounded-substantive:1-20; TARGETED_SECOND_REVIEW:170-184;867-898
reference	8c5911e4a4b07b07e832e4bb0d5d8859e88b4a9b	Data/Scripts/011_Battle/005_AI/009_AITrainer.rb	script	WP51 §2（技能值、标记与次序；trainer_types.txt 技能样本）	已覆盖（技能/标记合同在案）	具名实现边界：登记数组组织、遍历/分派方式等不改变评分、排序与选择概率的实现方式不提取；无具名未覆盖行为数值（评分数值、条件、取整与选择权重合同均见 carrier 章节）	MAPPED_REVIEWED_SCOPED	B	agents/B/B-05/reading-log.tsv;agents/B/B-06/reading-log.tsv	100	100	TRUE	仅认可所链接主审行为族与取证范围；整文件行段读完不等于每个分支/配置组合或运行结果已证。	-	agents/B/B-05/equivalence.tsv;agents/B/B-05/report.md;agents/B/B-05/source-coverage.tsv;agents/B/B-06/equivalence.tsv;agents/B/B-06/report.md;agents/B/B-06/source-coverage.tsv	full:1-100; reused-full:1-100; full-reread:1-100
reference	8c5911e4a4b07b07e832e4bb0d5d8859e88b4a9b	Data/Scripts/011_Battle/005_AI/010_AIBattler.rb	script	WP51 §1–3（:1–392 决策语境）＋WP52-A §1/§3.3（投影读取与残余近似引用）＋WP52-C §2（:433–554 物品价值/消费效用承接）	已覆盖（投影读取与近似输入合同在案）	具名实现边界：登记数组组织、遍历/分派方式等不改变评分、排序与选择概率的实现方式不提取；无具名未覆盖行为数值（评分数值、条件、取整与选择权重合同均见 carrier 章节）	MAPPED_REVIEWED_SCOPED; OPEN_REQUIRED_REVISION_LINKED	A;B;ROOT	agents/A/A-04/reading-log.tsv;agents/B/B-05/reading-log.tsv;agents/B/B-06/reading-log.tsv;agents/B/B-08/reading-log.tsv;root/peer-reading-log.tsv	595	595	TRUE	仅认可所链接主审行为族与取证范围；整文件行段读完不等于每个分支/配置组合或运行结果已证。	GIR-FD82-B021;GIR-FD82-B024	agents/A/A-04/equivalence.tsv;agents/A/A-04/report.md;agents/A/A-04/source-coverage.tsv;agents/B/B-05/equivalence.tsv;agents/B/B-05/report.md;agents/B/B-05/source-coverage.tsv;agents/B/B-06/equivalence.tsv;agents/B/B-06/report.md;agents/B/B-06/source-coverage.tsv;agents/B/B-08/equivalence.tsv;agents/B/B-08/report.md;agents/B/B-08/source-coverage.tsv	targeted:230-245; full:1-595; reused-full:1-595; bounded-reread:1-55;184-595; bounded-substantive:1-59; TARGETED_SECOND_REVIEW:56-182; TARGETED_SECOND_REVIEW:292-307;432-464; TARGETED_EXTENSION_REVIEW:56-182
reference	8c5911e4a4b07b07e832e4bb0d5d8859e88b4a9b	Data/Scripts/011_Battle/005_AI/011_AIMove.rb	script	WP52-A §3.1（基础输入及会心）＋§3.2（伤害槽与取整）＋§3.3（命中估计与附效）	已覆盖（粗数值/取整/命中近似合同在案）	具名实现边界：登记数组组织、遍历/分派方式等不改变评分、排序与选择概率的实现方式不提取；无具名未覆盖行为数值（评分数值、条件、取整与选择权重合同均见 carrier 章节）	MAPPED_REVIEWED_SCOPED	B;ROOT	agents/B/B-05/reading-log.tsv;agents/B/B-06/reading-log.tsv;root/peer-reading-log.tsv	563	563	TRUE	仅认可所链接主审行为族与取证范围；整文件行段读完不等于每个分支/配置组合或运行结果已证。	-	agents/B/B-05/equivalence.tsv;agents/B/B-05/report.md;agents/B/B-05/source-coverage.tsv;agents/B/B-06/equivalence.tsv;agents/B/B-06/report.md;agents/B/B-06/source-coverage.tsv	bounded-complete-helpers:1-80; full:1-563; TARGETED_SECOND_REVIEW:34-44
reference	8c5911e4a4b07b07e832e4bb0d5d8859e88b4a9b	Data/Scripts/011_Battle/006_AI MoveEffects/001_AI_MoveEffects_Misc.rb	script	WP52-A §7（其它局部前门合同）＋wp52-a-evaluation-coverage-and-data 附表 §2（逐项登记绑定）＋wp52-b-effect-coverage 附表 §2 与 wp52-c-item-control-coverage-and-data 附表 §2（B/C 归属登记逐项绑定）	已覆盖（效果身份逐项评分/失败合同在案）	具名实现边界：登记数组组织、遍历/分派方式等不改变评分、排序与选择概率的实现方式不提取；无具名未覆盖行为数值（评分数值、条件、取整与选择权重合同均见 carrier 章节）	MAPPED_REVIEWED_SCOPED	B	agents/B/B-06/reading-log.tsv	708	708	TRUE	仅认可所链接主审行为族与取证范围；整文件行段读完不等于每个分支/配置组合或运行结果已证。	-	agents/B/B-06/equivalence.tsv;agents/B/B-06/report.md;agents/B/B-06/source-coverage.tsv	full:1-708
reference	8c5911e4a4b07b07e832e4bb0d5d8859e88b4a9b	Data/Scripts/011_Battle/006_AI MoveEffects/002_AI_MoveEffects_BattlerStats.rb	script	WP52-A §4.1–4.3（共同资格、数值与局部差异、具体复合/直接改变）＋wp52-a-evaluation-coverage-and-data 附表 §2（逐项绑定）＋wp52-b-effect-coverage 附表 §2（具名 B 项绑定）	已覆盖（阶级评分数值与条件合同在案）	具名实现边界：登记数组组织、遍历/分派方式等不改变评分、排序与选择概率的实现方式不提取；无具名未覆盖行为数值（评分数值、条件、取整与选择权重合同均见 carrier 章节）	MAPPED_REVIEWED_SCOPED; OPEN_REQUIRED_REVISION_LINKED	B;ROOT	agents/B/B-06/reading-log.tsv;root/peer-reading-log.tsv	1672	1672	TRUE	仅认可所链接主审行为族与取证范围；整文件行段读完不等于每个分支/配置组合或运行结果已证。	GIR-FD82-B023	agents/B/B-06/equivalence.tsv;agents/B/B-06/report.md;agents/B/B-06/source-coverage.tsv	full:1-1672; TARGETED_SECOND_REVIEW:324-334
reference	8c5911e4a4b07b07e832e4bb0d5d8859e88b4a9b	Data/Scripts/011_Battle/006_AI MoveEffects/003_AI_MoveEffects_BattlerOther.rb	script	WP52-A §5（状态/异常/持续计数）＋§6（类型与能力改变偏好）＋wp52-a-evaluation-coverage-and-data 附表 §2＋wp52-c-item-control-coverage-and-data 附表 §2（浮空/变身归属绑定）	已覆盖（状态/类型类评分条件合同在案）	具名实现边界：登记数组组织、遍历/分派方式等不改变评分、排序与选择概率的实现方式不提取；无具名未覆盖行为数值（评分数值、条件、取整与选择权重合同均见 carrier 章节）	MAPPED_REVIEWED_SCOPED	B	agents/B/B-06/reading-log.tsv	1282	1282	TRUE	仅认可所链接主审行为族与取证范围；整文件行段读完不等于每个分支/配置组合或运行结果已证。	-	agents/B/B-06/equivalence.tsv;agents/B/B-06/report.md;agents/B/B-06/source-coverage.tsv	full:1-1282
reference	8c5911e4a4b07b07e832e4bb0d5d8859e88b4a9b	Data/Scripts/011_Battle/006_AI MoveEffects/004_AI_MoveEffects_MoveAttributes.rb	script	WP52-B §2（基数和失败、非伤害量偏好与反击）＋§3（多击/两回合/持续攻击）＋§6（墙/保护/命中控制与磨砺对照）＋wp52-b-effect-coverage 附表 §2（逐项绑定）	已覆盖（属性类评分数值/条件合同在案）	具名实现边界：登记数组组织、遍历/分派方式等不改变评分、排序与选择概率的实现方式不提取；无具名未覆盖行为数值（评分数值、条件、取整与选择权重合同均见 carrier 章节）	MAPPED_REVIEWED_SCOPED; OPEN_REQUIRED_REVISION_LINKED	B;ROOT	agents/B/B-06/reading-log.tsv;root/peer-reading-log.tsv	1559	1559	TRUE	仅认可所链接主审行为族与取证范围；整文件行段读完不等于每个分支/配置组合或运行结果已证。	GIR-FD82-B022	agents/B/B-06/equivalence.tsv;agents/B/B-06/report.md;agents/B/B-06/source-coverage.tsv	full:1-1559; TARGETED_SECOND_REVIEW:63-109;382-405
reference	8c5911e4a4b07b07e832e4bb0d5d8859e88b4a9b	Data/Scripts/011_Battle/006_AI MoveEffects/005_AI_MoveEffects_MultiHit.rb	script	WP52-B §3（多击、两回合与持续攻击）＋wp52-b-effect-coverage 附表 §2（逐项绑定）	已覆盖（多击类评分数值/条件合同在案）	具名实现边界：登记数组组织、遍历/分派方式等不改变评分、排序与选择概率的实现方式不提取；无具名未覆盖行为数值（评分数值、条件、取整与选择权重合同均见 carrier 章节）	MAPPED_REVIEWED_SCOPED; OPEN_REQUIRED_REVISION_LINKED	B;ROOT	agents/B/B-06/reading-log.tsv;root/peer-reading-log.tsv	531	531	TRUE	仅认可所链接主审行为族与取证范围；整文件行段读完不等于每个分支/配置组合或运行结果已证。	GIR-FD82-B023	agents/B/B-06/equivalence.tsv;agents/B/B-06/report.md;agents/B/B-06/source-coverage.tsv	full:1-531; TARGETED_SECOND_REVIEW:203-250;322-334
reference	8c5911e4a4b07b07e832e4bb0d5d8859e88b4a9b	Data/Scripts/011_Battle/006_AI MoveEffects/006_AI_MoveEffects_Healing.rb	script	WP52-B §4（治疗、吸取、持续与牺牲）＋wp52-b-effect-coverage 附表 §2（逐项绑定）	已覆盖（治疗类评分数值/条件合同在案）	具名实现边界：登记数组组织、遍历/分派方式等不改变评分、排序与选择概率的实现方式不提取；无具名未覆盖行为数值（评分数值、条件、取整与选择权重合同均见 carrier 章节）	MAPPED_REVIEWED_SCOPED	B	agents/B/B-06/reading-log.tsv	683	683	TRUE	仅认可所链接主审行为族与取证范围；整文件行段读完不等于每个分支/配置组合或运行结果已证。	-	agents/B/B-06/equivalence.tsv;agents/B/B-06/report.md;agents/B/B-06/source-coverage.tsv	full:1-683
reference	8c5911e4a4b07b07e832e4bb0d5d8859e88b4a9b	Data/Scripts/011_Battle/006_AI MoveEffects/007_AI_MoveEffects_Items.rb	script	WP52-C §2（持物价值与消费即时效用）＋§3（物品操作的预测及偏好）＋wp52-c-item-control-coverage-and-data 附表 §2（逐项绑定）	已覆盖（物品类评分条件/数值合同在案）	具名实现边界：登记数组组织、遍历/分派方式等不改变评分、排序与选择概率的实现方式不提取；无具名未覆盖行为数值（评分数值、条件、取整与选择权重合同均见 carrier 章节）	MAPPED_REVIEWED_SCOPED	B	agents/B/B-06/reading-log.tsv	376	376	TRUE	仅认可所链接主审行为族与取证范围；整文件行段读完不等于每个分支/配置组合或运行结果已证。	-	agents/B/B-06/equivalence.tsv;agents/B/B-06/report.md;agents/B/B-06/source-coverage.tsv	full:1-376
reference	8c5911e4a4b07b07e832e4bb0d5d8859e88b4a9b	Data/Scripts/011_Battle/006_AI MoveEffects/008_AI_MoveEffects_ChangeMoveEffect.rb	script	WP52-C §4（调用、复制、目标和混合控制）＋WP52-B §2.2/§6（反击与混合伤害类偏好）＋wp52-c-item-control-coverage-and-data 附表 §2 与 wp52-b-effect-coverage 附表 §2（逐项绑定）	已覆盖（招式改变类评分条件/数值合同在案）	具名实现边界：登记数组组织、遍历/分派方式等不改变评分、排序与选择概率的实现方式不提取；无具名未覆盖行为数值（评分数值、条件、取整与选择权重合同均见 carrier 章节）	MAPPED_REVIEWED_SCOPED; OPEN_REQUIRED_REVISION_LINKED	B;ROOT	agents/B/B-06/reading-log.tsv;root/peer-reading-log.tsv	628	628	TRUE	仅认可所链接主审行为族与取证范围；整文件行段读完不等于每个分支/配置组合或运行结果已证。	GIR-FD82-B022	agents/B/B-06/equivalence.tsv;agents/B/B-06/report.md;agents/B/B-06/source-coverage.tsv	full:1-628; TARGETED_SECOND_REVIEW:240-249
reference	8c5911e4a4b07b07e832e4bb0d5d8859e88b4a9b	Data/Scripts/011_Battle/006_AI MoveEffects/009_AI_MoveEffects_SwitchingActing.rb	script	WP52-C §5（换人/逃离、接力与拖出；拘束和直接时机；先后手、号令与行动限制）＋§6（浮空、变身、侧交换与直接接缝）＋wp52-c-item-control-coverage-and-data 附表 §2（逐项绑定）	已覆盖（换人/控制类评分条件/数值合同在案）	具名实现边界：登记数组组织、遍历/分派方式等不改变评分、排序与选择概率的实现方式不提取；无具名未覆盖行为数值（评分数值、条件、取整与选择权重合同均见 carrier 章节）	MAPPED_REVIEWED_SCOPED; OPEN_REQUIRED_REVISION_LINKED	B;ROOT	agents/B/B-06/reading-log.tsv;root/peer-reading-log.tsv	877	877	TRUE	仅认可所链接主审行为族与取证范围；整文件行段读完不等于每个分支/配置组合或运行结果已证。	GIR-FD82-B022	agents/B/B-06/equivalence.tsv;agents/B/B-06/report.md;agents/B/B-06/source-coverage.tsv	full:1-877; TARGETED_SECOND_REVIEW:857-877; TARGETED_SECOND_REVIEW:633-680
reference	8c5911e4a4b07b07e832e4bb0d5d8859e88b4a9b	Data/Scripts/011_Battle/007_Other battle code/001_PBEffects.rb	script	WP42 §3–8＋WP45 §3–7＋WP50 §E＋WP58 §2–6＋WP38 §5–6	已覆盖（终局/天气/物品/录像/捕获合同在案）	无具名行为剩余	MAPPED_PARTIAL_SOURCE_REVIEW	B	agents/B/B-03/reading-log.tsv	79	178	TRUE	具名主审/依赖行为已审；未读行段及未解析阅读描述保留，不能把整个脚本声明审完。	-	agents/B/B-03/equivalence.tsv;agents/B/B-03/report.md;agents/B/B-03/source-coverage.tsv	targeted:100-178
reference	8c5911e4a4b07b07e832e4bb0d5d8859e88b4a9b	Data/Scripts/011_Battle/007_Other battle code/002_Battle_ActiveField.rb	script	WP42 §3–8＋WP45 §3–7＋WP50 §E＋WP58 §2–6＋WP38 §5–6	已覆盖（终局/天气/物品/录像/捕获合同在案）	无具名行为剩余	MAPPED_REVIEWED_SCOPED	B;ROOT	agents/B/B-01/reading-log.tsv;agents/B/B-03/reading-log.tsv;agents/B/B-08/reading-log.tsv;root/peer-reading-log.tsv	88	88	TRUE	仅认可所链接主审行为族与取证范围；整文件行段读完不等于每个分支/配置组合或运行结果已证。	-	agents/B/B-01/equivalence.tsv;agents/B/B-01/report.md;agents/B/B-01/source-coverage.tsv;agents/B/B-03/equivalence.tsv;agents/B/B-03/report.md;agents/B/B-03/source-coverage.tsv;agents/B/B-08/equivalence.tsv;agents/B/B-08/report.md;agents/B/B-08/source-coverage.tsv	full:1-88; full-reread:1-88; bounded-substantive:1-63; TARGETED_SECOND_REVIEW:13-34
reference	8c5911e4a4b07b07e832e4bb0d5d8859e88b4a9b	Data/Scripts/011_Battle/007_Other battle code/003_Battle_DamageState.rb	script	WP42 §3–8＋WP45 §3–7＋WP50 §E＋WP58 §2–6＋WP38 §5–6	已覆盖（终局/天气/物品/录像/捕获合同在案）	无具名行为剩余	MAPPED_REVIEWED_SCOPED	B	agents/B/B-02/reading-log.tsv;agents/B/B-03/reading-log.tsv	61	61	TRUE	仅认可所链接主审行为族与取证范围；整文件行段读完不等于每个分支/配置组合或运行结果已证。	-	agents/B/B-02/equivalence.tsv;agents/B/B-02/report.md;agents/B/B-02/source-coverage.tsv;agents/B/B-03/equivalence.tsv;agents/B/B-03/report.md;agents/B/B-03/source-coverage.tsv	full:1-61; reused-full:1-61
reference	8c5911e4a4b07b07e832e4bb0d5d8859e88b4a9b	Data/Scripts/011_Battle/007_Other battle code/004_Battle_Peers.rb	script	WP42 §3–8＋WP45 §3–7＋WP50 §E＋WP58 §2–6＋WP38 §5–6	已覆盖（终局/天气/物品/录像/捕获合同在案）	无具名行为剩余	MAPPED_REVIEWED_SCOPED; OPEN_REQUIRED_REVISION_LINKED	A;B;C;ROOT	agents/A/A-03/reading-log.tsv;agents/A/A-04/reading-log.tsv;agents/A/A-05/reading-log.tsv;agents/A/A-07/reading-log.tsv;agents/A/A-08/reading-log.tsv;agents/A/X-A-CAPTURE-PARTNER/reading-log.tsv;agents/A/X-A-FACILITY-RESTORE/reading-log.tsv;agents/A/X-A-FORM-SHADOW-SUPPLEMENT/reading-log.tsv;agents/B/B-01/reading-log.tsv;agents/B/B-02/reading-log.tsv;agents/B/B-08/reading-log.tsv;agents/C/C-05/reading-log.tsv;agents/C/C-06/reading-log.tsv;agents/C/X-C-FORM-SHADOW/reading-log.tsv;root/peer-reading-log.tsv;root/reading-supplement.tsv	77	77	TRUE	仅认可所链接主审行为族与取证范围；整文件行段读完不等于每个分支/配置组合或运行结果已证。	GIR-FD82-A051;GIR-FD82-B013	agents/A/A-03/equivalence.tsv;agents/A/A-03/report.md;agents/A/A-03/source-coverage.tsv;agents/A/A-04/equivalence.tsv;agents/A/A-04/report.md;agents/A/A-04/source-coverage.tsv;agents/A/A-05/equivalence.tsv;agents/A/A-05/report.md;agents/A/A-05/source-coverage.tsv;agents/A/A-07/equivalence.tsv;agents/A/A-07/report.md;agents/A/A-07/source-coverage.tsv;agents/A/A-08/equivalence.tsv;agents/A/A-08/report.md;agents/A/A-08/source-coverage.tsv;agents/B/B-01/equivalence.tsv;agents/B/B-01/report.md;agents/B/B-01/source-coverage.tsv;agents/B/B-02/equivalence.tsv;agents/B/B-02/report.md;agents/B/B-02/source-coverage.tsv;agents/B/B-08/equivalence.tsv;agents/B/B-08/report.md;agents/B/B-08/source-coverage.tsv;agents/C/C-05/equivalence.tsv;agents/C/C-05/report.md;agents/C/C-05/source-coverage.tsv;agents/C/C-06/equivalence.tsv;agents/C/C-06/report.md;agents/C/C-06/source-coverage.tsv;agents/C/X-C-FORM-SHADOW/source-coverage.tsv	same_agent_X_reuse:1-77; same_agent_named_reuse:X-A-CAPTURE-PARTNER:1-77; same_agent_X-A-CAPTURE-PARTNER_reuse:1-77; full:1-77; fresh full:1–77; same_agent_named_reuse:1-77; targeted_current_reread:1-77; reused-full:1-77; bounded-substantive:42-65; targeted:38-70; targeted:1-45; fresh-full:1-77; TARGETED_SECOND_REVIEW:5-23; TARGETED_STATIC:1-77
reference	8c5911e4a4b07b07e832e4bb0d5d8859e88b4a9b	Data/Scripts/011_Battle/007_Other battle code/005_Battle_CatchAndStoreMixin.rb	script	WP42 §3–8＋WP45 §3–7＋WP50 §E＋WP58 §2–6＋WP38 §5–6	已覆盖（终局/天气/物品/录像/捕获合同在案）	无具名行为剩余	MAPPED_REVIEWED_SCOPED; OPEN_REQUIRED_REVISION_LINKED	A;B;C;ROOT	agents/A/A-03/reading-log.tsv;agents/A/A-04/reading-log.tsv;agents/A/A-05/reading-log.tsv;agents/A/A-07/reading-log.tsv;agents/A/A-08/reading-log.tsv;agents/A/X-A-CAPTURE-PARTNER/reading-log.tsv;agents/A/X-A-FORM-SHADOW-SUPPLEMENT/comparison-reading-log.tsv;agents/A/X-A-FORM-SHADOW-SUPPLEMENT/reading-log.tsv;agents/B/B-01/reading-log.tsv;agents/B/B-02/reading-log.tsv;agents/B/B-07/reading-log.tsv;agents/B/B-08/reading-log.tsv;agents/B/B-09/reading-log.tsv;agents/C/X-C-FORM-SHADOW/reading-log.tsv;root/peer-reading-log.tsv;root/reading-supplement.tsv	271	271	TRUE	仅认可所链接主审行为族与取证范围；整文件行段读完不等于每个分支/配置组合或运行结果已证。	GIR-FD82-A051;GIR-FD82-B005;GIR-FD82-B013	agents/A/A-03/equivalence.tsv;agents/A/A-03/report.md;agents/A/A-03/source-coverage.tsv;agents/A/A-04/equivalence.tsv;agents/A/A-04/report.md;agents/A/A-04/source-coverage.tsv;agents/A/A-05/equivalence.tsv;agents/A/A-05/report.md;agents/A/A-05/source-coverage.tsv;agents/A/A-07/equivalence.tsv;agents/A/A-07/report.md;agents/A/A-07/source-coverage.tsv;agents/A/A-08/equivalence.tsv;agents/A/A-08/report.md;agents/A/A-08/source-coverage.tsv;agents/B/B-01/equivalence.tsv;agents/B/B-01/report.md;agents/B/B-01/source-coverage.tsv;agents/B/B-02/equivalence.tsv;agents/B/B-02/report.md;agents/B/B-02/source-coverage.tsv;agents/B/B-07/equivalence.tsv;agents/B/B-07/report.md;agents/B/B-07/source-coverage.tsv;agents/B/B-08/equivalence.tsv;agents/B/B-08/report.md;agents/B/B-08/source-coverage.tsv;agents/B/B-09/equivalence.tsv;agents/B/B-09/report.md;agents/B/B-09/source-coverage.tsv;agents/C/X-C-FORM-SHADOW/source-coverage.tsv	same_agent_X_reuse:1-255; same_agent_named_reuse:X-A-CAPTURE-PARTNER:1-255; same_agent_X-A-CAPTURE-PARTNER_reuse:1-255; targeted:1-106; targeted:81-116; targeted:1-255; phase1_named_reuse:165-174; same_agent_named_reuse:1-255; targeted_current_reread:1-105;148-215; full:1-271; reused-full:1-271; targeted:5-84; fresh-targeted:1-252; TARGETED_SECOND_REVIEW:229-260; TARGETED_SECOND_REVIEW:15-80; TARGETED_STATIC:1-265
reference	8c5911e4a4b07b07e832e4bb0d5d8859e88b4a9b	Data/Scripts/011_Battle/007_Other battle code/006_Battle_Clauses.rb	script	WP42 §3–8＋WP45 §3–7＋WP50 §E＋WP58 §2–6＋WP38 §5–6	已覆盖（终局/天气/物品/录像/捕获合同在案）	无具名行为剩余	MAPPED_REVIEWED_SCOPED; OPEN_REQUIRED_REVISION_LINKED	B;ROOT	agents/B/B-01/reading-log.tsv;agents/B/B-02/reading-log.tsv;agents/B/B-03/reading-log.tsv;agents/B/B-04/reading-log.tsv;agents/B/B-05/reading-log.tsv;agents/B/B-07/reading-log.tsv;agents/B/B-08/reading-log.tsv;root/peer-reading-log.tsv	306	306	TRUE	仅认可所链接主审行为族与取证范围；整文件行段读完不等于每个分支/配置组合或运行结果已证。	GIR-FD82-B003;GIR-FD82-B010;GIR-FD82-B011;GIR-FD82-B025	agents/B/B-01/equivalence.tsv;agents/B/B-01/report.md;agents/B/B-01/source-coverage.tsv;agents/B/B-02/equivalence.tsv;agents/B/B-02/report.md;agents/B/B-02/source-coverage.tsv;agents/B/B-03/equivalence.tsv;agents/B/B-03/report.md;agents/B/B-03/source-coverage.tsv;agents/B/B-04/equivalence.tsv;agents/B/B-04/report.md;agents/B/B-04/source-coverage.tsv;agents/B/B-05/equivalence.tsv;agents/B/B-05/report.md;agents/B/B-05/source-coverage.tsv;agents/B/B-07/equivalence.tsv;agents/B/B-07/report.md;agents/B/B-07/source-coverage.tsv;agents/B/B-08/equivalence.tsv;agents/B/B-08/report.md;agents/B/B-08/source-coverage.tsv	full:1-306; reused-full:1-306; targeted:189-237; full-reread:1-306; bounded-reread:100-160; TARGETED_SECOND_REVIEW:11-49;66-90;112-117;146-168;197-268;280-304; TARGETED_SECOND_REVIEW:192-220; TARGETED_SECOND_REVIEW:25-37; TARGETED_SECOND_REVIEW:140-154; TARGETED_SECOND_REVIEW:11-37;248-268
reference	8c5911e4a4b07b07e832e4bb0d5d8859e88b4a9b	Data/Scripts/011_Battle/007_Other battle code/007_BattleAnimationPlayer.rb	script	WP42 §3–8＋WP45 §3–7＋WP50 §E＋WP58 §2–6＋WP38 §5–6	已覆盖（终局/天气/物品/录像/捕获合同在案）	无具名行为剩余	MAPPED_REVIEWED_SCOPED; OPEN_REQUIRED_REVISION_LINKED	B;C;ROOT	agents/B/B-09/reading-log.tsv;agents/C/C-02/reading-log.tsv;root/peer-reading-log.tsv	844	844	TRUE	仅认可所链接主审行为族与取证范围；整文件行段读完不等于每个分支/配置组合或运行结果已证。	GIR-FD82-C026;GIR-FD82-C033	agents/B/B-09/equivalence.tsv;agents/B/B-09/report.md;agents/B/B-09/source-coverage.tsv;agents/C/C-02/equivalence.tsv;agents/C/C-02/report.md;agents/C/C-02/source-coverage.tsv	bounded-substantive:570-844; full:1-844; TARGETED_SECOND_REVIEW:474-586;694-695;767-842; TARGETED_SECOND_REVIEW:592-635; TARGETED_SECOND_REVIEW:400-411;673
reference	8c5911e4a4b07b07e832e4bb0d5d8859e88b4a9b	Data/Scripts/011_Battle/007_Other battle code/008_Battle_AbilityEffects.rb	script	WP42 §3–8＋WP45 §3–7＋WP50 §E＋WP58 §2–6＋WP38 §5–6	已覆盖（终局/天气/物品/录像/捕获合同在案）	无具名行为剩余	MAPPED_REVIEWED_SCOPED; OPEN_REQUIRED_REVISION_LINKED	B;C;ROOT	agents/B/B-01/reading-log.tsv;agents/B/B-02/reading-log.tsv;agents/B/B-03/reading-log.tsv;agents/B/B-04/reading-log.tsv;agents/B/B-05/reading-log.tsv;agents/B/B-08/reading-log.tsv;agents/C/C-05/reading-log.tsv;root/peer-reading-log.tsv	3208	3208	TRUE	仅认可所链接主审行为族与取证范围；整文件行段读完不等于每个分支/配置组合或运行结果已证。	GIR-FD82-B007;GIR-FD82-B029	agents/B/B-01/equivalence.tsv;agents/B/B-01/report.md;agents/B/B-01/source-coverage.tsv;agents/B/B-02/equivalence.tsv;agents/B/B-02/report.md;agents/B/B-02/source-coverage.tsv;agents/B/B-03/equivalence.tsv;agents/B/B-03/report.md;agents/B/B-03/source-coverage.tsv;agents/B/B-04/equivalence.tsv;agents/B/B-04/report.md;agents/B/B-04/source-coverage.tsv;agents/B/B-05/equivalence.tsv;agents/B/B-05/report.md;agents/B/B-05/source-coverage.tsv;agents/B/B-08/equivalence.tsv;agents/B/B-08/report.md;agents/B/B-08/source-coverage.tsv;agents/C/C-05/equivalence.tsv;agents/C/C-05/report.md;agents/C/C-05/source-coverage.tsv	targeted:342-365;406-422;1104-1118;1144-1157;2480-2498; targeted:168-217;2540-2573;3198-3208; bounded-handler-families:90-136;400-819;1944-1986;2680-2730;2808-2818;2880-2891;2954-3037;3153-3198; reused-bounded-handler-families:90-136;400-819;1944-1986;2680-2730;2808-2818;2880-2891;2954-3037;3153-3198; bounded-complete-families:1-364;818-860;886-1660;2549-2572;3200-3208; bounded-reread:1853-1868; bounded-complete-families:365-409;795-886;1661-2548;2573-3208; reused-reused-bounded-handler-families:90-136;400-819;1944-1986;2680-2730;2808-2818;2880-2891;2954-3037;3153-3198; reused-bounded-complete-families:1-364;818-860;886-1660;2549-2572;3200-3208; bounded-substantive:366-420; reused-bounded-complete-families:365-409;795-886;1661-2548;2573-3208; reused-reused-reused-bounded-handler-families:90-136;400-819;1944-1986;2680-2730;2808-2818;2880-2891;2954-3037;3153-3198; reused-reused-bounded-complete-families:1-364;818-860;886-1660;2549-2572;3200-3208; targeted:3088-3118; TARGETED_SECOND_REVIEW:351-360; TARGETED_SECOND_REVIEW:367-408
reference	8c5911e4a4b07b07e832e4bb0d5d8859e88b4a9b	Data/Scripts/011_Battle/007_Other battle code/009_Battle_ItemEffects.rb	script	WP42 §3–8＋WP45 §3–7＋WP50 §E＋WP58 §2–6＋WP38 §5–6	已覆盖（终局/天气/物品/录像/捕获合同在案）	无具名行为剩余	MAPPED_REVIEWED_SCOPED; OPEN_REQUIRED_REVISION_LINKED	A;B;ROOT	agents/A/A-07/reading-log.tsv;agents/B/B-01/reading-log.tsv;agents/B/B-02/reading-log.tsv;agents/B/B-03/reading-log.tsv;agents/B/B-04/reading-log.tsv;agents/B/B-05/reading-log.tsv;agents/B/B-07/reading-log.tsv;agents/B/B-08/reading-log.tsv;root/peer-reading-log.tsv	1948	1948	TRUE	仅认可所链接主审行为族与取证范围；整文件行段读完不等于每个分支/配置组合或运行结果已证。	GIR-FD82-B007;GIR-FD82-B029	agents/A/A-07/equivalence.tsv;agents/A/A-07/report.md;agents/A/A-07/source-coverage.tsv;agents/B/B-01/equivalence.tsv;agents/B/B-01/report.md;agents/B/B-01/source-coverage.tsv;agents/B/B-02/equivalence.tsv;agents/B/B-02/report.md;agents/B/B-02/source-coverage.tsv;agents/B/B-03/equivalence.tsv;agents/B/B-03/report.md;agents/B/B-03/source-coverage.tsv;agents/B/B-04/equivalence.tsv;agents/B/B-04/report.md;agents/B/B-04/source-coverage.tsv;agents/B/B-05/equivalence.tsv;agents/B/B-05/report.md;agents/B/B-05/source-coverage.tsv;agents/B/B-07/equivalence.tsv;agents/B/B-07/report.md;agents/B/B-07/source-coverage.tsv;agents/B/B-08/equivalence.tsv;agents/B/B-08/report.md;agents/B/B-08/source-coverage.tsv	targeted:140-168; targeted:1693-1749; targeted:245-263; targeted:98-169;1888-1910;1940-1948; bounded-handler-families:477-629;1665-1691;1740-1829;1850-1893; reused-bounded-handler-families:477-629;1665-1691;1740-1829;1850-1893; bounded-reread:364-385; full:1-1948; reused-full:1-1948; bounded-substantive:441-478;1514-1563; reused-reused-full:1-1948; TARGETED_SECOND_REVIEW:253-256; TARGETED_SECOND_REVIEW:447-471;1525-1563
reference	8c5911e4a4b07b07e832e4bb0d5d8859e88b4a9b	Data/Scripts/011_Battle/007_Other battle code/010_Battle_PokeBallEffects.rb	script	WP42 §3–8＋WP45 §3–7＋WP50 §E＋WP58 §2–6＋WP38 §5–6	已覆盖（终局/天气/物品/录像/捕获合同在案）	无具名行为剩余	MAPPED_REVIEWED_SCOPED; OPEN_REQUIRED_REVISION_LINKED	A;B;C;ROOT	agents/A/A-02/reading-log.tsv;agents/A/A-03/reading-log.tsv;agents/A/A-07/reading-log.tsv;agents/A/X-A-CAPTURE-PARTNER/reading-log.tsv;agents/B/B-01/reading-log.tsv;agents/B/B-07/reading-log.tsv;agents/C/C-06/reading-log.tsv;root/peer-reading-log.tsv	198	198	TRUE	仅认可所链接主审行为族与取证范围；整文件行段读完不等于每个分支/配置组合或运行结果已证。	GIR-FD82-B007	agents/A/A-02/equivalence.tsv;agents/A/A-02/report.md;agents/A/A-02/source-coverage.tsv;agents/A/A-03/equivalence.tsv;agents/A/A-03/report.md;agents/A/A-03/source-coverage.tsv;agents/A/A-07/equivalence.tsv;agents/A/A-07/report.md;agents/A/A-07/source-coverage.tsv;agents/B/B-01/equivalence.tsv;agents/B/B-01/report.md;agents/B/B-01/source-coverage.tsv;agents/B/B-07/equivalence.tsv;agents/B/B-07/report.md;agents/B/B-07/source-coverage.tsv;agents/C/C-06/equivalence.tsv;agents/C/C-06/report.md;agents/C/C-06/source-coverage.tsv	targeted:13-43; targeted:186-198; targeted:154-170; targeted:188-198; targeted:28-37; full:1-198; bounded-substantive:45-59;165-179; targeted:105-127; TARGETED_SECOND_REVIEW:125-147
reference	8c5911e4a4b07b07e832e4bb0d5d8859e88b4a9b	Data/Scripts/011_Battle/008_Other battle types/001_SafariBattle.rb	script	WP53 §3–7＋WP55 §2–4＋WP56 §2–4＋WP58 §2–6	已覆盖（特殊战斗类型合同在案）	无具名行为剩余	MAPPED_REVIEWED_SCOPED	A;B	agents/A/A-05/reading-log.tsv;agents/A/A-08/reading-log.tsv;agents/B/B-07/reading-log.tsv;agents/B/B-09/reading-log.tsv	502	502	TRUE	仅认可所链接主审行为族与取证范围；整文件行段读完不等于每个分支/配置组合或运行结果已证。	-	agents/A/A-05/equivalence.tsv;agents/A/A-05/report.md;agents/A/A-05/source-coverage.tsv;agents/A/A-08/equivalence.tsv;agents/A/A-08/report.md;agents/A/A-08/source-coverage.tsv;agents/B/B-07/equivalence.tsv;agents/B/B-07/report.md;agents/B/B-07/source-coverage.tsv;agents/B/B-09/equivalence.tsv;agents/B/B-09/report.md;agents/B/B-09/source-coverage.tsv	targeted_current:418-462; targeted:330-365; full:1-502; reused-full:1-502
reference	8c5911e4a4b07b07e832e4bb0d5d8859e88b4a9b	Data/Scripts/011_Battle/008_Other battle types/002_BugContestBattle.rb	script	WP53 §3–7＋WP55 §2–4＋WP56 §2–4＋WP58 §2–6	已覆盖（特殊战斗类型合同在案）	无具名行为剩余	MAPPED_REVIEWED_SCOPED; OPEN_REQUIRED_REVISION_LINKED	A;B;ROOT	agents/A/A-05/reading-log.tsv;agents/B/B-07/reading-log.tsv;agents/B/B-09/reading-log.tsv;root/peer-reading-log.tsv	83	83	TRUE	仅认可所链接主审行为族与取证范围；整文件行段读完不等于每个分支/配置组合或运行结果已证。	GIR-FD82-B026	agents/A/A-05/equivalence.tsv;agents/A/A-05/report.md;agents/A/A-05/source-coverage.tsv;agents/B/B-07/equivalence.tsv;agents/B/B-07/report.md;agents/B/B-07/source-coverage.tsv;agents/B/B-09/equivalence.tsv;agents/B/B-09/report.md;agents/B/B-09/source-coverage.tsv	targeted_current:40-82; full:1-83; reused-full:1-83; TARGETED_SECOND_REVIEW:32-82
reference	8c5911e4a4b07b07e832e4bb0d5d8859e88b4a9b	Data/Scripts/011_Battle/008_Other battle types/003_BattlePalaceBattle.rb	script	WP53 §3–7＋WP55 §2–4＋WP56 §2–4＋WP58 §2–6	已覆盖（特殊战斗类型合同在案）	无具名行为剩余	MAPPED_REVIEWED_SCOPED	B	agents/B/B-05/reading-log.tsv;agents/B/B-08/reading-log.tsv;agents/B/B-09/reading-log.tsv	245	245	TRUE	仅认可所链接主审行为族与取证范围；整文件行段读完不等于每个分支/配置组合或运行结果已证。	-	agents/B/B-05/equivalence.tsv;agents/B/B-05/report.md;agents/B/B-05/source-coverage.tsv;agents/B/B-08/equivalence.tsv;agents/B/B-08/report.md;agents/B/B-08/source-coverage.tsv;agents/B/B-09/equivalence.tsv;agents/B/B-09/report.md;agents/B/B-09/source-coverage.tsv	bounded-mode-boundary:105-166;176-230; full:1-245; reused-full:1-245
reference	8c5911e4a4b07b07e832e4bb0d5d8859e88b4a9b	Data/Scripts/011_Battle/008_Other battle types/004_BattleArenaBattle.rb	script	WP53 §3–7＋WP55 §2–4＋WP56 §2–4＋WP58 §2–6	已覆盖（特殊战斗类型合同在案）	无具名行为剩余	MAPPED_REVIEWED_SCOPED; OPEN_REQUIRED_REVISION_LINKED	B;ROOT	agents/B/B-05/reading-log.tsv;agents/B/B-08/reading-log.tsv;agents/B/B-09/reading-log.tsv;root/peer-reading-log.tsv	366	366	TRUE	仅认可所链接主审行为族与取证范围；整文件行段读完不等于每个分支/配置组合或运行结果已证。	GIR-FD82-B028;GIR-FD82-B029	agents/B/B-05/equivalence.tsv;agents/B/B-05/report.md;agents/B/B-05/source-coverage.tsv;agents/B/B-08/equivalence.tsv;agents/B/B-08/report.md;agents/B/B-08/source-coverage.tsv;agents/B/B-09/equivalence.tsv;agents/B/B-09/report.md;agents/B/B-09/source-coverage.tsv	bounded-mode-boundary:200-226; full:1-366; reused-full:1-366; TARGETED_SECOND_REVIEW:42-94;111-200; TARGETED_SECOND_REVIEW:53-55; TARGETED_SECOND_REVIEW:1-228
reference	8c5911e4a4b07b07e832e4bb0d5d8859e88b4a9b	Data/Scripts/011_Battle/008_Other battle types/005_RecordedBattle.rb	script	WP53 §3–7＋WP55 §2–4＋WP56 §2–4＋WP58 §2–6	已覆盖（特殊战斗类型合同在案）	无具名行为剩余	MAPPED_REVIEWED_SCOPED; OPEN_REQUIRED_REVISION_LINKED	A;B;ROOT	agents/A/A-02/reading-log.tsv;agents/A/A-04/reading-log.tsv;agents/A/A-05/reading-log.tsv;agents/A/A-08/reading-log.tsv;agents/A/X-A-FACILITY-RESTORE/reading-log.tsv;agents/B/B-01/reading-log.tsv;agents/B/B-08/reading-log.tsv;agents/B/B-09/reading-log.tsv;root/peer-reading-log.tsv	287	287	TRUE	仅认可所链接主审行为族与取证范围；整文件行段读完不等于每个分支/配置组合或运行结果已证。	GIR-FD82-B028;GIR-FD82-B029	agents/A/A-02/equivalence.tsv;agents/A/A-02/report.md;agents/A/A-02/source-coverage.tsv;agents/A/A-04/equivalence.tsv;agents/A/A-04/report.md;agents/A/A-04/source-coverage.tsv;agents/A/A-05/equivalence.tsv;agents/A/A-05/report.md;agents/A/A-05/source-coverage.tsv;agents/A/A-08/equivalence.tsv;agents/A/A-08/report.md;agents/A/A-08/source-coverage.tsv;agents/B/B-01/equivalence.tsv;agents/B/B-01/report.md;agents/B/B-01/source-coverage.tsv;agents/B/B-08/equivalence.tsv;agents/B/B-08/report.md;agents/B/B-08/source-coverage.tsv;agents/B/B-09/equivalence.tsv;agents/B/B-09/report.md;agents/B/B-09/source-coverage.tsv	full:1-287; same_agent_named_reuse:A-02:1-287; same_agent_A-02_reuse:1-287; targeted:1-90;117-140;143-215; fresh targeted; full A-02 available:1–88; targeted:80-136;182-195; reused-full:1-287; TARGETED_SECOND_REVIEW:240-256; TARGETED_SECOND_REVIEW:74-78;182-186; TARGETED_SECOND_REVIEW:47-68;147-180
reference	8c5911e4a4b07b07e832e4bb0d5d8859e88b4a9b	Data/Scripts/012_Overworld/001_Overworld visuals/001_Overworld_Weather.rb	script	WP16 §4＋WP59 §B	已覆盖（天气/视觉效果合同在案）	无具名行为剩余	MAPPED_REVIEWED_SCOPED; OPEN_REQUIRED_REVISION_LINKED	A;C;ROOT	agents/A/X-A-C05-RECHECK/reading-log.tsv;agents/A/X-A-WP79-NA-AUDIT/reading-log.tsv;agents/C/C-04/reading-log.tsv;agents/C/C-05/reading-log.tsv;root/peer-reading-log.tsv	528	528	TRUE	仅认可所链接主审行为族与取证范围；整文件行段读完不等于每个分支/配置组合或运行结果已证。	GIR-FD82-C092;GIR-FD82-C093;GIR-FD82-C094	agents/A/X-A-C05-RECHECK/equivalence.tsv;agents/A/X-A-C05-RECHECK/report.md;agents/A/X-A-C05-RECHECK/source-coverage.tsv;agents/A/X-A-WP79-NA-AUDIT/report.md;agents/A/X-A-WP79-NA-AUDIT/source-coverage.tsv;agents/C/C-04/equivalence.tsv;agents/C/C-04/report.md;agents/C/C-04/source-coverage.tsv;agents/C/C-05/equivalence.tsv;agents/C/C-05/report.md;agents/C/C-05/source-coverage.tsv	fresh static semantic reading:1-274; fresh static semantic reading:274-528; same_agent_named_reuse:1-528; full:1-528; TARGETED_ROOT_ADJUDICATION_AFTER_SOURCE_PEER:210-311
reference	8c5911e4a4b07b07e832e4bb0d5d8859e88b4a9b	Data/Scripts/012_Overworld/001_Overworld visuals/002_Overworld_Overlays.rb	script	覆盖层原语	不适用（具名理由）	覆盖层原语——WP16 天气与屏幕效果已覆盖	OPEN_REQUIRED_REVISION_CONFIRMED	A;C;ROOT	agents/A/X-A-WP79-NA-AUDIT/reading-log.tsv;agents/C/X-C-ROOT-COVERAGE/reading-log.tsv;root/reading-supplement.tsv	232	232	TRUE	关联ROOT002；暗图/Flash交界还应保留本已读野外技能规则，不新增重复问题。	GIR-FD82-002	agents/A/X-A-WP79-NA-AUDIT/report.md;agents/A/X-A-WP79-NA-AUDIT/source-coverage.tsv	full_current:1-232; :1-232; TARGETED_STATIC:1-232
reference	8c5911e4a4b07b07e832e4bb0d5d8859e88b4a9b	Data/Scripts/012_Overworld/001_Overworld visuals/003_Overworld_MapTransitionAnims.rb	script	WP16 §4＋WP59 §B	已覆盖（天气/视觉效果合同在案）	无具名行为剩余	MAPPED_REVIEWED_SCOPED; OPEN_REQUIRED_REVISION_LINKED	A;B;C	agents/A/A-02/reading-log.tsv;agents/A/X-A-C05-RECHECK/reading-log.tsv;agents/B/B-02/reading-log.tsv;agents/B/B-07/reading-log.tsv;agents/B/X-B-C06-RECHECK/reading-log.tsv;agents/C/C-05/reading-log.tsv;agents/C/C-06/reading-log.tsv	138	138	TRUE	仅认可所链接主审行为族与取证范围；整文件行段读完不等于每个分支/配置组合或运行结果已证。	GIR-FD82-C097;GIR-FD82-C106	agents/A/A-02/equivalence.tsv;agents/A/A-02/report.md;agents/A/A-02/source-coverage.tsv;agents/A/X-A-C05-RECHECK/equivalence.tsv;agents/A/X-A-C05-RECHECK/report.md;agents/A/X-A-C05-RECHECK/source-coverage.tsv;agents/B/B-02/equivalence.tsv;agents/B/B-02/report.md;agents/B/B-02/source-coverage.tsv;agents/B/B-07/equivalence.tsv;agents/B/B-07/report.md;agents/B/B-07/source-coverage.tsv;agents/B/X-B-C06-RECHECK/equivalence.tsv;agents/B/X-B-C06-RECHECK/report.md;agents/B/X-B-C06-RECHECK/source-coverage.tsv;agents/C/C-05/equivalence.tsv;agents/C/C-05/report.md;agents/C/C-05/source-coverage.tsv;agents/C/C-06/equivalence.tsv;agents/C/C-06/report.md;agents/C/C-06/source-coverage.tsv	targeted:73-100; fresh static semantic reading:1-78; targeted:80-135; bounded-substantive:60-112; explicit-bounded-static-read:4-75; full-dependency:1-138; full:1-138
reference	8c5911e4a4b07b07e832e4bb0d5d8859e88b4a9b	Data/Scripts/012_Overworld/001_Overworld.rb	script	WP61 §3–4＋WP36 §3–4	已覆盖（步进/遭遇入口合同在案）	无具名行为剩余	MAPPED_REVIEWED_SCOPED; OPEN_REQUIRED_REVISION_LINKED	A;B;C;ROOT	agents/A/A-01/reading-log.tsv;agents/A/A-02/reading-log.tsv;agents/A/A-03/reading-log.tsv;agents/A/A-05/reading-log.tsv;agents/A/A-06/reading-log.tsv;agents/A/A-07/reading-log.tsv;agents/A/A-08/reading-log.tsv;agents/A/X-A-C05-RECHECK/reading-log.tsv;agents/A/X-A-EDIT-CACHE/reading-log.tsv;agents/A/X-A-WP79-NA-AUDIT/reading-log.tsv;agents/B/B-01/reading-log.tsv;agents/B/B-07/reading-log.tsv;agents/B/X-B-C06-RECHECK/reading-log.tsv;agents/B/X-B-LIFE-STEP/reading-log.tsv;agents/C/C-01/reading-log.tsv;agents/C/C-03/reading-log.tsv;agents/C/C-04/reading-log.tsv;agents/C/C-05/reading-log.tsv;agents/C/C-06/reading-log.tsv;agents/C/C-08/reading-log.tsv;agents/C/X-C-ROOT-COVERAGE/reading-log.tsv;root/peer-reading-log.tsv;root/reading-supplement.tsv	750	750	TRUE	仅认可所链接主审行为族与取证范围；整文件行段读完不等于每个分支/配置组合或运行结果已证。	GIR-FD82-002;GIR-FD82-B026;GIR-FD82-C005;GIR-FD82-C050;GIR-FD82-C051;GIR-FD82-C059;GIR-FD82-C077;GIR-FD82-C081;GIR-FD82-C094;GIR-FD82-C097;GIR-FD82-C103;GIR-FD82-C104;GIR-FD82-C105;GIR-FD82-C113	agents/A/A-01/equivalence.tsv;agents/A/A-01/report.md;agents/A/A-01/source-coverage.tsv;agents/A/A-02/equivalence.tsv;agents/A/A-02/report.md;agents/A/A-02/source-coverage.tsv;agents/A/A-03/equivalence.tsv;agents/A/A-03/report.md;agents/A/A-03/source-coverage.tsv;agents/A/A-05/equivalence.tsv;agents/A/A-05/report.md;agents/A/A-05/source-coverage.tsv;agents/A/A-06/equivalence.tsv;agents/A/A-06/report.md;agents/A/A-06/source-coverage.tsv;agents/A/A-07/equivalence.tsv;agents/A/A-07/report.md;agents/A/A-07/source-coverage.tsv;agents/A/A-08/equivalence.tsv;agents/A/A-08/report.md;agents/A/A-08/source-coverage.tsv;agents/A/X-A-C05-RECHECK/equivalence.tsv;agents/A/X-A-C05-RECHECK/report.md;agents/A/X-A-C05-RECHECK/source-coverage.tsv;agents/A/X-A-WP79-NA-AUDIT/report.md;agents/A/X-A-WP79-NA-AUDIT/source-coverage.tsv;agents/B/B-01/equivalence.tsv;agents/B/B-01/report.md;agents/B/B-01/source-coverage.tsv;agents/B/B-07/equivalence.tsv;agents/B/B-07/report.md;agents/B/B-07/source-coverage.tsv;agents/B/X-B-C06-RECHECK/equivalence.tsv;agents/B/X-B-C06-RECHECK/report.md;agents/B/X-B-C06-RECHECK/source-coverage.tsv;agents/B/X-B-LIFE-STEP/report.md;agents/B/X-B-LIFE-STEP/source-coverage.tsv;agents/C/C-01/equivalence.tsv;agents/C/C-01/report.md;agents/C/C-01/source-coverage.tsv;agents/C/C-03/equivalence.tsv;agents/C/C-03/report.md;agents/C/C-03/source-coverage.tsv;agents/C/C-04/equivalence.tsv;agents/C/C-04/report.md;agents/C/C-04/source-coverage.tsv;agents/C/C-05/equivalence.tsv;agents/C/C-05/report.md;agents/C/C-05/source-coverage.tsv;agents/C/C-06/equivalence.tsv;agents/C/C-06/report.md;agents/C/C-06/source-coverage.tsv;agents/C/C-08/equivalence.tsv;agents/C/C-08/report.md;agents/C/C-08/source-coverage.tsv	targeted:55-112; targeted:125-152;155-195; targeted:635-650; targeted_current:119-146;620-660; targeted_current:656-750; targeted:150-194; fresh static semantic reading:165-218; fresh static semantic reading:234-255;590-627; SEMANTIC_TARGETED; exact cited ranges read:224–238; targeted_current:143-156;269-319; targeted:165-220;626-654; bounded-substantive:145-247;625-655; explicit-bounded-static-read:125-143; explicit-bounded-static-read:172-186; explicit-bounded-static-read:28-55; explicit-bounded-static-read:224-237; explicit-bounded-static-read:1-26; explicit-bounded-static-read:84-106; bounded:1-204; targeted:192-240; full:1-750; targeted:20-65;133-155;395-444;527-539; targeted:127-256;523-542;598-636; targeted:474-560; :248-315; TARGETED_SECOND_REVIEW:158-168;540-551; TARGETED_SECOND_REVIEW:489-524; TARGETED_SECOND_REVIEW:403-417; TARGETED_SECOND_REVIEW:57-64; TARGETED_SECOND_REVIEW:145-154; TARGETED_SECOND_REVIEW:197-218;637-650; TARGETED_STATIC:1-114;164-191;278-314
reference	8c5911e4a4b07b07e832e4bb0d5d8859e88b4a9b	Data/Scripts/012_Overworld/002_Battle triggering/001_Overworld_BattleStarting.rb	script	WP39 §3–7（749 行全文——包装/核心入口/校验/环境输入/钩子）＋WP42（:94–130, 294–408, 493–529, 608–749 定点——终局/成长交接）＋WP37 §5.1（:354–409 漫游覆盖开战链）＋WP67-A §3.1（:204–269 战斗创建与配置注入）＋WP60（:88–102 钓鱼环境消费）	已覆盖（开战编排合同在案）	无具名行为剩余	MAPPED_REVIEWED_SCOPED; OPEN_REQUIRED_REVISION_LINKED	A;B;C;ROOT	agents/A/A-02/reading-log.tsv;agents/A/A-03/reading-log.tsv;agents/A/A-04/reading-log.tsv;agents/A/A-05/reading-log.tsv;agents/A/A-07/reading-log.tsv;agents/A/X-A-C05-RECHECK/reading-log.tsv;agents/A/X-A-CAPTURE-PARTNER/reading-log.tsv;agents/A/X-A-FACILITY-RESTORE/reading-log.tsv;agents/A/X-A-FORM-SHADOW-SUPPLEMENT/reading-log.tsv;agents/A/X-A-WP79-NA-AUDIT/reading-log.tsv;agents/B/B-01/reading-log.tsv;agents/B/B-02/reading-log.tsv;agents/B/B-03/reading-log.tsv;agents/B/B-05/reading-log.tsv;agents/B/B-07/reading-log.tsv;agents/B/B-08/reading-log.tsv;agents/B/B-09/reading-log.tsv;agents/C/C-02/reading-log.tsv;agents/C/C-04/reading-log.tsv;agents/C/C-05/reading-log.tsv;agents/C/C-06/reading-log.tsv;agents/C/C-07/reading-log.tsv;agents/C/X-C-FORM-SHADOW/reading-log.tsv;root/peer-reading-log.tsv;root/reading-supplement.tsv	749	749	TRUE	仅认可所链接主审行为族与取证范围；整文件行段读完不等于每个分支/配置组合或运行结果已证。	GIR-FD82-A059;GIR-FD82-B002;GIR-FD82-B005;GIR-FD82-B009;GIR-FD82-B013;GIR-FD82-B026;GIR-FD82-C084;GIR-FD82-C085	agents/A/A-02/equivalence.tsv;agents/A/A-02/report.md;agents/A/A-02/source-coverage.tsv;agents/A/A-03/equivalence.tsv;agents/A/A-03/report.md;agents/A/A-03/source-coverage.tsv;agents/A/A-04/equivalence.tsv;agents/A/A-04/report.md;agents/A/A-04/source-coverage.tsv;agents/A/A-05/equivalence.tsv;agents/A/A-05/report.md;agents/A/A-05/source-coverage.tsv;agents/A/A-07/equivalence.tsv;agents/A/A-07/report.md;agents/A/A-07/source-coverage.tsv;agents/A/X-A-C05-RECHECK/equivalence.tsv;agents/A/X-A-C05-RECHECK/report.md;agents/A/X-A-C05-RECHECK/source-coverage.tsv;agents/A/X-A-WP79-NA-AUDIT/report.md;agents/A/X-A-WP79-NA-AUDIT/source-coverage.tsv;agents/B/B-01/equivalence.tsv;agents/B/B-01/report.md;agents/B/B-01/source-coverage.tsv;agents/B/B-02/equivalence.tsv;agents/B/B-02/report.md;agents/B/B-02/source-coverage.tsv;agents/B/B-03/equivalence.tsv;agents/B/B-03/report.md;agents/B/B-03/source-coverage.tsv;agents/B/B-05/equivalence.tsv;agents/B/B-05/report.md;agents/B/B-05/source-coverage.tsv;agents/B/B-07/equivalence.tsv;agents/B/B-07/report.md;agents/B/B-07/source-coverage.tsv;agents/B/B-08/equivalence.tsv;agents/B/B-08/report.md;agents/B/B-08/source-coverage.tsv;agents/B/B-09/equivalence.tsv;agents/B/B-09/report.md;agents/B/B-09/source-coverage.tsv;agents/C/C-02/equivalence.tsv;agents/C/C-02/report.md;agents/C/C-02/source-coverage.tsv;agents/C/C-04/equivalence.tsv;agents/C/C-04/report.md;agents/C/C-04/source-coverage.tsv;agents/C/C-05/equivalence.tsv;agents/C/C-05/report.md;agents/C/C-05/source-coverage.tsv;agents/C/C-06/equivalence.tsv;agents/C/C-06/report.md;agents/C/C-06/source-coverage.tsv;agents/C/C-07/equivalence.tsv;agents/C/C-07/report.md;agents/C/C-07/source-coverage.tsv;agents/C/X-C-FORM-SHADOW/source-coverage.tsv	targeted:329-360; same_agent_X_reuse:1-58;155-237;275-330;353-420; targeted:85-112;303-334; targeted_current:1-335;500-595; targeted:1-125; targeted:285-409; targeted:485-535; targeted:600-660; fresh static semantic reading:138-169;354-429; fresh static semantic reading:425-445; targeted:1-58;155-237;275-330;353-420; fresh targeted:208–347; targeted_current_reread:208-347; targeted_current:387-409;511-534; full:1-749; reused-full:1-749; targeted:182-201; targeted-reread:232-265; bounded-input-chain:435-468;492-520; bounded-substantive:131-409; bounded-substantive:1-125;180-325; bounded-substantive:204-269; targeted:1-94; targeted:397-410;517-530; targeted:130-179;280-307;340-452; targeted:80-111;130-179;280-337;615-635; targeted_static_dependency:628-655; fresh-targeted:280-337;395-425;515-542; TARGETED_SECOND_REVIEW:493-518;538-545; TARGETED_SECOND_REVIEW:171-179; TARGETED_SECOND_REVIEW:458-476; TARGETED_SECOND_REVIEW:172-204;299-327;356-409; TARGETED_SECOND_REVIEW:30-58;91-107;209-304; TARGETED_ROOT_ADJUDICATION_AFTER_SOURCE_PEER:354-440; TARGETED_ROOT_SOURCE_SECOND_REVIEW:399-403;520-524; TARGETED_STATIC:306-323
reference	8c5911e4a4b07b07e832e4bb0d5d8859e88b4a9b	Data/Scripts/012_Overworld/002_Battle triggering/002_Overworld_BattleIntroAnim.rb	script	wp16-pre-battle-transitions-appendix §1–§10（432 行全文——注册表合同、五组特殊注册、演出阶段、时序合同、默认选择表、场景 BT01–BT16；附表 v2 定点校正：调用侧真实传值、玩家/对手资源规则分开、中断守卫与异常重试条件）＋WP42（:51–154 世界侧定点——正常返回清理继承 WP42 §7）＋WP60（:78–90 钓鱼位置消费）＋WP36 §4.5（:139 计步重置交界）	已补提取（战前过渡选择/资源/阶段/时长合同在案，待复审）	无行为剩余（附表 ReviewPending 待复审）——像素坐标/图像切分/插值轨迹为附表 §7 具名排除；素材缺失与实际帧呈现按 U01/G 系保留	MAPPED_REVIEWED_SCOPED; OPEN_REQUIRED_REVISION_LINKED	A;B;C;ROOT	agents/A/X-A-FACILITY-RESTORE/reading-log.tsv;agents/A/X-A-WP79-NA-AUDIT/reading-log.tsv;agents/B/B-02/reading-log.tsv;agents/C/C-04/reading-log.tsv;agents/C/C-06/reading-log.tsv;root/peer-reading-log.tsv	432	432	TRUE	仅认可所链接主审行为族与取证范围；整文件行段读完不等于每个分支/配置组合或运行结果已证。	GIR-FD82-A059;GIR-FD82-C007	agents/A/X-A-WP79-NA-AUDIT/report.md;agents/A/X-A-WP79-NA-AUDIT/source-coverage.tsv;agents/B/B-02/equivalence.tsv;agents/B/B-02/report.md;agents/B/B-02/source-coverage.tsv;agents/C/C-04/equivalence.tsv;agents/C/C-04/report.md;agents/C/C-04/source-coverage.tsv;agents/C/C-06/equivalence.tsv;agents/C/C-06/report.md;agents/C/C-06/source-coverage.tsv	fresh targeted:1–153; targeted_current:70-92;123-142; targeted:1-165; full:1-432; targeted:65-98; TARGETED_EXTENSION_REVIEW:423-427; TARGETED_ROOT_SOURCE_SECOND_REVIEW:70-78;127-139
reference	8c5911e4a4b07b07e832e4bb0d5d8859e88b4a9b	Data/Scripts/012_Overworld/002_Battle triggering/003_Overworld_WildEncounters.rb	script	WP36 §3（数据/类型/机会）＋§4（触发）＋§5（候选选择与等级）＋§6（个体生成与修正）——469 行全文逐行阅读＋WP37 §4.2（:340–373 可遇见判定）＋WP39（:375–390, 437–452 定点）＋WP61 §3（请求入口交界）	已覆盖（遭遇数据/触发/候选/生成合同在案）	无具名行为剩余	MAPPED_REVIEWED_SCOPED; OPEN_REQUIRED_REVISION_LINKED	A;B;C;ROOT	agents/A/A-03/reading-log.tsv;agents/A/A-05/reading-log.tsv;agents/A/X-A-C05-RECHECK/reading-log.tsv;agents/A/X-A-EDIT-CACHE/reading-log.tsv;agents/B/B-01/reading-log.tsv;agents/B/B-07/reading-log.tsv;agents/C/C-01-S1/reading-log.tsv;agents/C/C-01/reading-log.tsv;agents/C/C-05/reading-log.tsv;agents/C/C-06/reading-log.tsv;root/peer-reading-log.tsv	469	469	TRUE	仅认可所链接主审行为族与取证范围；整文件行段读完不等于每个分支/配置组合或运行结果已证。	GIR-FD82-B026;GIR-FD82-C003;GIR-FD82-C005;GIR-FD82-C079;GIR-FD82-C082;GIR-FD82-C084;GIR-FD82-C096	agents/A/A-03/equivalence.tsv;agents/A/A-03/report.md;agents/A/A-03/source-coverage.tsv;agents/A/A-05/equivalence.tsv;agents/A/A-05/report.md;agents/A/A-05/source-coverage.tsv;agents/A/X-A-C05-RECHECK/equivalence.tsv;agents/A/X-A-C05-RECHECK/report.md;agents/A/X-A-C05-RECHECK/source-coverage.tsv;agents/B/B-01/equivalence.tsv;agents/B/B-01/report.md;agents/B/B-01/source-coverage.tsv;agents/B/B-07/equivalence.tsv;agents/B/B-07/report.md;agents/B/B-07/source-coverage.tsv;agents/C/C-01-S1/equivalence.tsv;agents/C/C-01-S1/report.md;agents/C/C-01-S1/source-coverage.tsv;agents/C/C-01/equivalence.tsv;agents/C/C-01/report.md;agents/C/C-01/source-coverage.tsv;agents/C/C-05/equivalence.tsv;agents/C/C-05/report.md;agents/C/C-05/source-coverage.tsv;agents/C/C-06/equivalence.tsv;agents/C/C-06/report.md;agents/C/C-06/source-coverage.tsv	targeted:370-460; targeted_current:204-226; fresh static semantic reading:1-469; SEMANTIC_TARGETED; exact cited ranges read:13–22,102–117,271–276; targeted:370-392;432-472; bounded-substantive:1-84;200-275;318-390; targeted:1-53; targeted:104-124;265-294; targeted-dependency:383-450; full:1-469; targeted:1-70;360-412;430-469; TARGETED_SECOND_REVIEW:211-218;247-263; TARGETED_SECOND_REVIEW:49-105;271-288;307-347;440-469
reference	8c5911e4a4b07b07e832e4bb0d5d8859e88b4a9b	Data/Scripts/012_Overworld/002_Battle triggering/004_Overworld_EncounterModifiers.rb	script	WP36 §6.1（73 行全文——示例/默认修正钩子静态目录）＋WP37 §5.1（漫游修正交界）	已覆盖（修正钩子合同在案）	无具名行为剩余	MAPPED_REVIEWED_SCOPED; OPEN_REQUIRED_REVISION_LINKED	A;B;C;ROOT	agents/A/A-03/reading-log.tsv;agents/A/X-A-C05-RECHECK/reading-log.tsv;agents/B/B-07/reading-log.tsv;agents/C/C-02/reading-log.tsv;agents/C/C-05/reading-log.tsv;root/peer-reading-log.tsv	73	73	TRUE	仅认可所链接主审行为族与取证范围；整文件行段读完不等于每个分支/配置组合或运行结果已证。	GIR-FD82-B026;GIR-FD82-C083;GIR-FD82-C084	agents/A/A-03/equivalence.tsv;agents/A/A-03/report.md;agents/A/A-03/source-coverage.tsv;agents/A/X-A-C05-RECHECK/equivalence.tsv;agents/A/X-A-C05-RECHECK/report.md;agents/A/X-A-C05-RECHECK/source-coverage.tsv;agents/B/B-07/equivalence.tsv;agents/B/B-07/report.md;agents/B/B-07/source-coverage.tsv;agents/C/C-02/equivalence.tsv;agents/C/C-02/report.md;agents/C/C-02/source-coverage.tsv;agents/C/C-05/equivalence.tsv;agents/C/C-05/report.md;agents/C/C-05/source-coverage.tsv	full:1-73; fresh static semantic reading:1-73; targeted:45-64; TARGETED_SECOND_REVIEW:15-29
reference	8c5911e4a4b07b07e832e4bb0d5d8859e88b4a9b	Data/Scripts/012_Overworld/002_Battle triggering/005_Overworld_RoamingPokemon.rb	script	WP37 §4（:44–103 地图进入通知与推进、:135–186 可遇见判定）＋§5（:188–228 覆盖开战与持久个体）——228 行全文＋WP36 §4（触发交界）	已覆盖（漫游行为合同在案）	无具名行为剩余	MAPPED_REVIEWED_SCOPED; OPEN_REQUIRED_REVISION_LINKED	A;B;C;ROOT	agents/A/A-05/reading-log.tsv;agents/A/X-A-C05-RECHECK/reading-log.tsv;agents/B/B-01/reading-log.tsv;agents/B/B-07/reading-log.tsv;agents/C/C-05/reading-log.tsv;root/peer-reading-log.tsv	228	228	TRUE	仅认可所链接主审行为族与取证范围；整文件行段读完不等于每个分支/配置组合或运行结果已证。	GIR-FD82-C084;GIR-FD82-C085	agents/A/A-05/equivalence.tsv;agents/A/A-05/report.md;agents/A/A-05/source-coverage.tsv;agents/A/X-A-C05-RECHECK/equivalence.tsv;agents/A/X-A-C05-RECHECK/report.md;agents/A/X-A-C05-RECHECK/source-coverage.tsv;agents/B/B-01/equivalence.tsv;agents/B/B-01/report.md;agents/B/B-01/source-coverage.tsv;agents/B/B-07/equivalence.tsv;agents/B/B-07/report.md;agents/B/B-07/source-coverage.tsv;agents/C/C-05/equivalence.tsv;agents/C/C-05/report.md;agents/C/C-05/source-coverage.tsv	targeted_current:128-151; fresh static semantic reading:1-228; targeted:180-226; bounded-substantive:160-203; full:1-228; TARGETED_ROOT_ADJUDICATION_AFTER_SOURCE_PEER:135-228
reference	8c5911e4a4b07b07e832e4bb0d5d8859e88b4a9b	Data/Scripts/012_Overworld/002_Overworld_Metadata.rb	script	WP77 §4.2（地图登记与户外图清单）＋WP11/WP12/WP36/WP59（地图元数据消费）	已覆盖（地图元数据合同在案）	无具名行为剩余	MAPPED_REVIEWED_SCOPED; OPEN_REQUIRED_REVISION_LINKED	A;B;C;ROOT	agents/A/A-02/reading-log.tsv;agents/A/A-08/reading-log.tsv;agents/A/X-A-C05-RECHECK/reading-log.tsv;agents/A/X-A-EDIT-CACHE/reading-log.tsv;agents/B/B-07/reading-log.tsv;agents/B/B-08/reading-log.tsv;agents/B/X-B-C06-RECHECK/reading-log.tsv;agents/B/X-B-LIFE-STEP/reading-log.tsv;agents/C/C-01-S1/reading-log.tsv;agents/C/C-01/reading-log.tsv;agents/C/C-03/reading-log.tsv;agents/C/C-05/reading-log.tsv;agents/C/C-06/reading-log.tsv;agents/C/C-07/reading-log.tsv;root/peer-reading-log.tsv	183	183	TRUE	仅认可所链接主审行为族与取证范围；整文件行段读完不等于每个分支/配置组合或运行结果已证。	GIR-FD82-A055;GIR-FD82-C005;GIR-FD82-C096;GIR-FD82-C113	agents/A/A-02/equivalence.tsv;agents/A/A-02/report.md;agents/A/A-02/source-coverage.tsv;agents/A/A-08/equivalence.tsv;agents/A/A-08/report.md;agents/A/A-08/source-coverage.tsv;agents/A/X-A-C05-RECHECK/equivalence.tsv;agents/A/X-A-C05-RECHECK/report.md;agents/A/X-A-C05-RECHECK/source-coverage.tsv;agents/B/B-07/equivalence.tsv;agents/B/B-07/report.md;agents/B/B-07/source-coverage.tsv;agents/B/B-08/equivalence.tsv;agents/B/B-08/report.md;agents/B/B-08/source-coverage.tsv;agents/B/X-B-C06-RECHECK/equivalence.tsv;agents/B/X-B-C06-RECHECK/report.md;agents/B/X-B-C06-RECHECK/source-coverage.tsv;agents/B/X-B-LIFE-STEP/report.md;agents/B/X-B-LIFE-STEP/source-coverage.tsv;agents/C/C-01-S1/equivalence.tsv;agents/C/C-01-S1/report.md;agents/C/C-01-S1/source-coverage.tsv;agents/C/C-01/equivalence.tsv;agents/C/C-01/report.md;agents/C/C-01/source-coverage.tsv;agents/C/C-03/equivalence.tsv;agents/C/C-03/report.md;agents/C/C-03/source-coverage.tsv;agents/C/C-05/equivalence.tsv;agents/C/C-05/report.md;agents/C/C-05/source-coverage.tsv;agents/C/C-06/equivalence.tsv;agents/C/C-06/report.md;agents/C/C-06/source-coverage.tsv;agents/C/C-07/equivalence.tsv;agents/C/C-07/report.md;agents/C/C-07/source-coverage.tsv	targeted:1-122; targeted:58-101; fresh static semantic reading:29-47;82-122; SEMANTIC_TARGETED; exact cited ranges read:114–119; bounded-substantive:25-100; bounded-substantive:25-38;80-93; explicit-bounded-static-read:118-124; explicit-bounded-static-read:131-152; bounded:10-50;66-102; targeted:105-125; targeted-dependency:17-23;65-74; targeted:109-130; full-dependency:1-183; full:1-183; targeted_static_dependency:17-28;68-81; TARGETED_SECOND_REVIEW:75-82; TARGETED_ROOT_ADJUDICATION_AFTER_SOURCE_PEER:114-119
reference	8c5911e4a4b07b07e832e4bb0d5d8859e88b4a9b	Data/Scripts/012_Overworld/003_Overworld_Time.rb	script	WP59 §3.1＋WP06 §3	已覆盖（时间/日历合同在案）	无具名行为剩余	MAPPED_REVIEWED_SCOPED; OPEN_REQUIRED_REVISION_LINKED	A;B;C;ROOT	agents/A/A-02/reading-log.tsv;agents/A/A-04/reading-log.tsv;agents/A/A-07/reading-log.tsv;agents/A/A-08/reading-log.tsv;agents/A/X-A-C05-RECHECK/reading-log.tsv;agents/B/X-B-LIFE-STEP/comparison-reading-log.tsv;agents/B/X-B-LIFE-STEP/reading-log.tsv;agents/C/C-04/reading-log.tsv;agents/C/C-05/reading-log.tsv;agents/C/C-08/reading-log.tsv;agents/C/X-C-ROOT-COVERAGE/reading-log.tsv;root/peer-reading-log.tsv	309	309	TRUE	仅认可所链接主审行为族与取证范围；整文件行段读完不等于每个分支/配置组合或运行结果已证。	GIR-FD82-A053;GIR-FD82-C003;GIR-FD82-C007;GIR-FD82-C091	agents/A/A-02/equivalence.tsv;agents/A/A-02/report.md;agents/A/A-02/source-coverage.tsv;agents/A/A-04/equivalence.tsv;agents/A/A-04/report.md;agents/A/A-04/source-coverage.tsv;agents/A/A-07/equivalence.tsv;agents/A/A-07/report.md;agents/A/A-07/source-coverage.tsv;agents/A/A-08/equivalence.tsv;agents/A/A-08/report.md;agents/A/A-08/source-coverage.tsv;agents/A/X-A-C05-RECHECK/equivalence.tsv;agents/A/X-A-C05-RECHECK/report.md;agents/A/X-A-C05-RECHECK/source-coverage.tsv;agents/B/X-B-LIFE-STEP/report.md;agents/B/X-B-LIFE-STEP/source-coverage.tsv;agents/C/C-04/equivalence.tsv;agents/C/C-04/report.md;agents/C/C-04/source-coverage.tsv;agents/C/C-05/equivalence.tsv;agents/C/C-05/report.md;agents/C/C-05/source-coverage.tsv;agents/C/C-08/equivalence.tsv;agents/C/C-08/report.md;agents/C/C-08/source-coverage.tsv	full:1-309; same_agent_named_reuse:A-02:1-309; targeted:1-76; full_reused:1-309; targeted:1-60;195-208; fresh static semantic reading:1-309; post-freeze-comparison:195-207; bounded:1-38; targeted:1-150; targeted:1-20; :73-96; TARGETED_EXTENSION_REVIEW:82-109; TARGETED_SECOND_REVIEW:1-82; TARGETED_SECOND_REVIEW:201-203; TARGETED_ROOT_ADJUDICATION_AFTER_SOURCE_PEER:73-109
reference	8c5911e4a4b07b07e832e4bb0d5d8859e88b4a9b	Data/Scripts/012_Overworld/004_Overworld_FieldMoves.rb	script	WP59 §C/D	已覆盖（场地能力合同在案）	无具名行为剩余	MAPPED_REVIEWED_SCOPED; OPEN_REQUIRED_REVISION_LINKED	A;C;ROOT	agents/A/A-01/reading-log.tsv;agents/A/A-02/reading-log.tsv;agents/A/A-05/reading-log.tsv;agents/A/A-06/reading-log.tsv;agents/A/X-A-C05-RECHECK/reading-log.tsv;agents/C/C-03/reading-log.tsv;agents/C/C-05/reading-log.tsv;agents/C/C-06/reading-log.tsv;agents/C/X-C-ROOT-COVERAGE/reading-log.tsv;root/peer-reading-log.tsv	969	969	TRUE	仅认可所链接主审行为族与取证范围；整文件行段读完不等于每个分支/配置组合或运行结果已证。	GIR-FD82-C086;GIR-FD82-C087;GIR-FD82-C088;GIR-FD82-C089;GIR-FD82-C095;GIR-FD82-C097	agents/A/A-01/equivalence.tsv;agents/A/A-01/report.md;agents/A/A-01/source-coverage.tsv;agents/A/A-02/equivalence.tsv;agents/A/A-02/report.md;agents/A/A-02/source-coverage.tsv;agents/A/A-05/equivalence.tsv;agents/A/A-05/report.md;agents/A/A-05/source-coverage.tsv;agents/A/A-06/equivalence.tsv;agents/A/A-06/report.md;agents/A/A-06/source-coverage.tsv;agents/A/X-A-C05-RECHECK/equivalence.tsv;agents/A/X-A-C05-RECHECK/report.md;agents/A/X-A-C05-RECHECK/source-coverage.tsv;agents/C/C-03/equivalence.tsv;agents/C/C-03/report.md;agents/C/C-03/source-coverage.tsv;agents/C/C-05/equivalence.tsv;agents/C/C-05/report.md;agents/C/C-05/source-coverage.tsv;agents/C/C-06/equivalence.tsv;agents/C/C-06/report.md;agents/C/C-06/source-coverage.tsv	targeted:50-70; targeted:170-222;283-312;431-460;469-498;524-635;695-724;881-925; targeted_current:50-70; targeted_current:791-831; fresh static semantic reading:1-270; fresh static semantic reading:271-501; fresh static semantic reading:502-751; fresh static semantic reading:752-969; targeted:685-785;890-969; full:1-969; targeted:232-276;457-515;720-755;837-885; :416-459;469-501; TARGETED_ROOT_ADJUDICATION_AFTER_SOURCE_PEER:277-420
reference	8c5911e4a4b07b07e832e4bb0d5d8859e88b4a9b	Data/Scripts/012_Overworld/005_Overworld_Fishing.rb	script	WP60 §F1–F5	已覆盖（钓鱼合同在案）	无具名行为剩余	MAPPED_REVIEWED_SCOPED; OPEN_REQUIRED_REVISION_LINKED	A;B;C	agents/A/A-02/reading-log.tsv;agents/B/X-B-C06-RECHECK/reading-log.tsv;agents/C/C-06/reading-log.tsv	110	110	TRUE	仅认可所链接主审行为族与取证范围；整文件行段读完不等于每个分支/配置组合或运行结果已证。	GIR-FD82-C099	agents/A/A-02/equivalence.tsv;agents/A/A-02/report.md;agents/A/A-02/source-coverage.tsv;agents/B/X-B-C06-RECHECK/equivalence.tsv;agents/B/X-B-C06-RECHECK/report.md;agents/B/X-B-C06-RECHECK/source-coverage.tsv;agents/C/C-06/equivalence.tsv;agents/C/C-06/report.md;agents/C/C-06/source-coverage.tsv	targeted:19-46; explicit-bounded-static-read:87-109; explicit-bounded-static-read:1-37; full:1-110
reference	8c5911e4a4b07b07e832e4bb0d5d8859e88b4a9b	Data/Scripts/012_Overworld/006_Overworld_BerryPlants.rb	script	WP60 §B1–B5	已覆盖（树果合同在案）	无具名行为剩余	MAPPED_REVIEWED_SCOPED; OPEN_REQUIRED_REVISION_LINKED	A;B;C;ROOT	agents/A/A-02/reading-log.tsv;agents/A/A-06/reading-log.tsv;agents/A/X-A-WP79-NA-AUDIT/reading-log.tsv;agents/B/X-B-C06-RECHECK/reading-log.tsv;agents/B/X-B-LIFE-STEP/reading-log.tsv;agents/C/C-06/reading-log.tsv;root/peer-reading-log.tsv;root/reading-supplement.tsv	471	471	TRUE	仅认可所链接主审行为族与取证范围；整文件行段读完不等于每个分支/配置组合或运行结果已证。	GIR-FD82-A010;GIR-FD82-C100;GIR-FD82-C101;GIR-FD82-C102	agents/A/A-02/equivalence.tsv;agents/A/A-02/report.md;agents/A/A-02/source-coverage.tsv;agents/A/A-06/equivalence.tsv;agents/A/A-06/report.md;agents/A/A-06/source-coverage.tsv;agents/A/X-A-WP79-NA-AUDIT/report.md;agents/A/X-A-WP79-NA-AUDIT/source-coverage.tsv;agents/B/X-B-C06-RECHECK/equivalence.tsv;agents/B/X-B-C06-RECHECK/report.md;agents/B/X-B-C06-RECHECK/source-coverage.tsv;agents/B/X-B-LIFE-STEP/report.md;agents/B/X-B-LIFE-STEP/source-coverage.tsv;agents/C/C-06/equivalence.tsv;agents/C/C-06/report.md;agents/C/C-06/source-coverage.tsv	targeted:1-73;307-325;384-465; targeted_current:428-468; targeted_current:193-216; explicit-bounded-static-read:97-159; explicit-bounded-static-read:279-287; explicit-bounded-static-read:357-369; explicit-bounded-static-read:245-277; bounded:1-265;277-350;435-471; full:1-471; TARGETED_SECOND_REVIEW:307-320; TARGETED_SECOND_REVIEW:437-454; TARGETED_ROOT_ADJUDICATION:245-277; TARGETED_STATIC:95-161;216-296;437-470
reference	8c5911e4a4b07b07e832e4bb0d5d8859e88b4a9b	Data/Scripts/012_Overworld/007_Overworld_DayCare.rb	script	WP33 §3–5＋WP34 §2–3＋WP35 §B/C	已覆盖（寄养/繁殖/孵化合同在案）	无具名行为剩余	MAPPED_REVIEWED_SCOPED; OPEN_REQUIRED_REVISION_LINKED	A;B;C;ROOT	agents/A/A-02/reading-log.tsv;agents/A/A-03/reading-log.tsv;agents/A/A-04/reading-log.tsv;agents/A/A-05/reading-log.tsv;agents/A/A-08/reading-log.tsv;agents/B/X-B-LIFE-STEP/reading-log.tsv;agents/C/C-01-S1/reading-log.tsv;agents/C/C-06/reading-log.tsv;root/peer-reading-log.tsv;root/reading-supplement.tsv	564	564	TRUE	仅认可所链接主审行为族与取证范围；整文件行段读完不等于每个分支/配置组合或运行结果已证。	GIR-FD82-A052	agents/A/A-02/equivalence.tsv;agents/A/A-02/report.md;agents/A/A-02/source-coverage.tsv;agents/A/A-03/equivalence.tsv;agents/A/A-03/report.md;agents/A/A-03/source-coverage.tsv;agents/A/A-04/equivalence.tsv;agents/A/A-04/report.md;agents/A/A-04/source-coverage.tsv;agents/A/A-05/equivalence.tsv;agents/A/A-05/report.md;agents/A/A-05/source-coverage.tsv;agents/A/A-08/equivalence.tsv;agents/A/A-08/report.md;agents/A/A-08/source-coverage.tsv;agents/B/X-B-LIFE-STEP/report.md;agents/B/X-B-LIFE-STEP/source-coverage.tsv;agents/C/C-01-S1/equivalence.tsv;agents/C/C-01-S1/report.md;agents/C/C-01-S1/source-coverage.tsv;agents/C/C-06/equivalence.tsv;agents/C/C-06/report.md;agents/C/C-06/source-coverage.tsv	targeted:250-345;426-475; targeted:258-325; targeted:50-85; targeted_current:420-539; full:1-564; targeted-dependency:1-150; targeted-dependency:246-292;329-350; targeted:540-563; TARGETED_SECOND_REVIEW:520-552; TARGETED_STATIC:334-407;474-497;550-564
reference	8c5911e4a4b07b07e832e4bb0d5d8859e88b4a9b	Data/Scripts/012_Overworld/008_Overworld_RandomDungeons.rb	script	WP14 §3–6＋WP77 §4.5	已覆盖（随机地牢合同在案）	无具名行为剩余	MAPPED_REVIEWED_SCOPED; OPEN_REQUIRED_REVISION_LINKED	A;C;ROOT	agents/A/A-02/reading-log.tsv;agents/C/C-02/reading-log.tsv;agents/C/C-03/reading-log.tsv;root/peer-reading-log.tsv	1107	1107	TRUE	仅认可所链接主审行为族与取证范围；整文件行段读完不等于每个分支/配置组合或运行结果已证。	GIR-FD82-C003;GIR-FD82-C043;GIR-FD82-C044;GIR-FD82-C045;GIR-FD82-C046;GIR-FD82-C047;GIR-FD82-C048;WP80-INTAKE-R01	agents/A/A-02/equivalence.tsv;agents/A/A-02/report.md;agents/A/A-02/source-coverage.tsv;agents/C/C-02/equivalence.tsv;agents/C/C-02/report.md;agents/C/C-02/source-coverage.tsv;agents/C/C-03/equivalence.tsv;agents/C/C-03/report.md;agents/C/C-03/source-coverage.tsv	targeted:415-450; targeted:1047-1076; full:1-1107; TARGETED_SECOND_REVIEW:187-205; TARGETED_SECOND_REVIEW:131-172;428-465;1070-1076; TARGETED_SECOND_REVIEW:379-380;428-474;739-745;792-810;1011-1036;1078-1105; TARGETED_SECOND_REVIEW:1020-1034; TARGETED_SECOND_REVIEW:916-965;1067-1076; TARGETED_SECOND_REVIEW:131-151;187-214;328-377;747-810;828-1004; TARGETED_EXTENSION_REVIEW:1082-1089; TARGETED_EXTENSION_REVIEW:347-377
reference	8c5911e4a4b07b07e832e4bb0d5d8859e88b4a9b	Data/Scripts/013_Items/001_Item_Utilities.rb	script	WP27 §3–5＋WP28 §3–5＋WP29 §3–4＋WP50 §A–F＋WP60 §B1–B5＋WP64 §2–6＋WP38 §2–6＋WP37 §D–E	已覆盖（背包/道具/持物/树果/邮件/球/雷达合同在案）	无具名行为剩余	MAPPED_REVIEWED_SCOPED; OPEN_REQUIRED_REVISION_LINKED	A;B;C;ROOT	agents/A/A-03/reading-log.tsv;agents/A/A-04/reading-log.tsv;agents/A/A-06/reading-log.tsv;agents/A/A-07/reading-log.tsv;agents/A/A-08/reading-log.tsv;agents/A/X-A-FORM-SHADOW-SUPPLEMENT/reading-log.tsv;agents/B/B-01/reading-log.tsv;agents/B/B-05/reading-log.tsv;agents/B/B-07/reading-log.tsv;agents/B/B-09/reading-log.tsv;agents/B/X-B-ITEM-UI/reading-log.tsv;agents/C/C-01-S1/reading-log.tsv;agents/C/C-07/reading-log.tsv;agents/C/X-C-FORM-SHADOW/reading-log.tsv;root/peer-reading-log.tsv;root/reading-supplement.tsv	917	917	TRUE	仅认可所链接主审行为族与取证范围；整文件行段读完不等于每个分支/配置组合或运行结果已证。	GIR-FD82-A026;GIR-FD82-A029;GIR-FD82-A039;GIR-FD82-A040;GIR-FD82-A044;GIR-FD82-A045;GIR-FD82-A046;GIR-FD82-A049;GIR-FD82-B008;GIR-FD82-B020;GIR-FD82-C003;GIR-FD82-C012;GIR-FD82-C126	agents/A/A-03/equivalence.tsv;agents/A/A-03/report.md;agents/A/A-03/source-coverage.tsv;agents/A/A-04/equivalence.tsv;agents/A/A-04/report.md;agents/A/A-04/source-coverage.tsv;agents/A/A-06/equivalence.tsv;agents/A/A-06/report.md;agents/A/A-06/source-coverage.tsv;agents/A/A-07/equivalence.tsv;agents/A/A-07/report.md;agents/A/A-07/source-coverage.tsv;agents/A/A-08/equivalence.tsv;agents/A/A-08/report.md;agents/A/A-08/source-coverage.tsv;agents/B/B-01/equivalence.tsv;agents/B/B-01/report.md;agents/B/B-01/source-coverage.tsv;agents/B/B-05/equivalence.tsv;agents/B/B-05/report.md;agents/B/B-05/source-coverage.tsv;agents/B/B-07/equivalence.tsv;agents/B/B-07/report.md;agents/B/B-07/source-coverage.tsv;agents/B/B-09/equivalence.tsv;agents/B/B-09/report.md;agents/B/B-09/source-coverage.tsv;agents/B/X-B-ITEM-UI/equivalence.tsv;agents/B/X-B-ITEM-UI/report.md;agents/C/C-01-S1/equivalence.tsv;agents/C/C-01-S1/report.md;agents/C/C-01-S1/source-coverage.tsv;agents/C/C-07/equivalence.tsv;agents/C/C-07/report.md;agents/C/C-07/source-coverage.tsv;agents/C/X-C-FORM-SHADOW/source-coverage.tsv	targeted:300-430;480-505; targeted:132-222;578-635;644-696;710-775; full_current:1-917; targeted:132-328; targeted:578-667; full_reused:1-917; targeted:754-863; same_agent_named_reuse:1-917; targeted_current_reread:132-222;578-635;644-696; targeted:1-122;430-460; bounded-complete-wrapper:84-106; bounded-substantive:1-120; bounded-substantive:206-221; explicit-bounded-static-read:644-754;781-873; explicit-bounded-static-read:90-94;388-443; explicit-bounded-static-read:333-350; targeted-dependency:582-696; targeted_static_dependency:121-315;330-345;575-890; fresh-targeted:1-227;575-635; TARGETED_SECOND_REVIEW:96-114; TARGETED_SECOND_REVIEW:582-601; TARGETED_SECOND_REVIEW:582-628; TARGETED_SECOND_REVIEW:672-687; TARGETED_SECOND_REVIEW:774-775; TARGETED_SECOND_REVIEW:96-99; TARGETED_SECOND_REVIEW:445-484; TARGETED_SECOND_REVIEW:89-94; TARGETED_SECOND_REVIEW:674-689; TARGETED_SECOND_REVIEW:401-422; TARGETED_SECOND_REVIEW:582-627; TARGETED_SECOND_REVIEW:710-752; TARGETED_SECOND_REVIEW:333-361; TARGETED_SECOND_REVIEW:690-709; TARGETED_SECOND_REVIEW:630-637; TARGETED_ROOT_SECOND_REVIEW:594-600; TARGETED_ROOT_SECOND_REVIEW:333-338; TARGETED_STATIC:170-235;644-709; TARGETED_STATIC:781-887
reference	8c5911e4a4b07b07e832e4bb0d5d8859e88b4a9b	Data/Scripts/013_Items/002_Item_Effects.rb	script	WP27 §3–5＋WP28 §3–5＋WP29 §3–4＋WP50 §A–F＋WP60 §B1–B5＋WP64 §2–6＋WP38 §2–6＋WP37 §D–E	已覆盖（背包/道具/持物/树果/邮件/球/雷达合同在案）	无具名行为剩余	MAPPED_REVIEWED_SCOPED; OPEN_REQUIRED_REVISION_LINKED	A;B;C;ROOT	agents/A/A-02/reading-log.tsv;agents/A/A-03/reading-log.tsv;agents/A/A-04/reading-log.tsv;agents/A/A-06/reading-log.tsv;agents/A/A-07/reading-log.tsv;agents/A/X-A-C05-RECHECK/reading-log.tsv;agents/A/X-A-FORM-SHADOW-SUPPLEMENT/reading-log.tsv;agents/B/X-B-C06-RECHECK/reading-log.tsv;agents/B/X-B-ITEM-UI/reading-log.tsv;agents/C/C-05/reading-log.tsv;agents/C/C-06/reading-log.tsv;agents/C/C-07/reading-log.tsv;agents/C/C-08/reading-log.tsv;agents/C/X-C-FORM-SHADOW/reading-log.tsv;root/peer-reading-log.tsv	1524	1524	TRUE	仅认可所链接主审行为族与取证范围；整文件行段读完不等于每个分支/配置组合或运行结果已证。	GIR-FD82-A027;GIR-FD82-A039;GIR-FD82-A041;GIR-FD82-A044;GIR-FD82-A045;GIR-FD82-A046;GIR-FD82-C097;GIR-FD82-C098	agents/A/A-02/equivalence.tsv;agents/A/A-02/report.md;agents/A/A-02/source-coverage.tsv;agents/A/A-03/equivalence.tsv;agents/A/A-03/report.md;agents/A/A-03/source-coverage.tsv;agents/A/A-04/equivalence.tsv;agents/A/A-04/report.md;agents/A/A-04/source-coverage.tsv;agents/A/A-06/equivalence.tsv;agents/A/A-06/report.md;agents/A/A-06/source-coverage.tsv;agents/A/A-07/equivalence.tsv;agents/A/A-07/report.md;agents/A/A-07/source-coverage.tsv;agents/A/X-A-C05-RECHECK/equivalence.tsv;agents/A/X-A-C05-RECHECK/report.md;agents/A/X-A-C05-RECHECK/source-coverage.tsv;agents/B/X-B-C06-RECHECK/equivalence.tsv;agents/B/X-B-C06-RECHECK/report.md;agents/B/X-B-C06-RECHECK/source-coverage.tsv;agents/B/X-B-ITEM-UI/equivalence.tsv;agents/B/X-B-ITEM-UI/report.md;agents/C/C-05/equivalence.tsv;agents/C/C-05/report.md;agents/C/C-05/source-coverage.tsv;agents/C/C-06/equivalence.tsv;agents/C/C-06/report.md;agents/C/C-06/source-coverage.tsv;agents/C/C-07/equivalence.tsv;agents/C/C-07/report.md;agents/C/C-07/source-coverage.tsv;agents/C/C-08/equivalence.tsv;agents/C/C-08/report.md;agents/C/C-08/source-coverage.tsv;agents/C/X-C-FORM-SHADOW/source-coverage.tsv	targeted:117-144;272-334; targeted:455-470;550-590;610-632;700-750;825-856; targeted:1232-1265; full_current:1-1524; full_reused:1-1524; fresh static semantic reading:190-235; same_agent_named_reuse:1-1524; targeted_current_reread:1232-1266; explicit-bounded-static-read:276-315; explicit-bounded-static-read:412-415;722-728; targeted:187-229; targeted:118-174;270-318; targeted_static_dependency:43-90;380-405;917-950; targeted:352-376; fresh-targeted:1230-1265; TARGETED_SECOND_REVIEW:1249-1260; TARGETED_SECOND_REVIEW:995-1007; TARGETED_SECOND_REVIEW:525-557; TARGETED_SECOND_REVIEW:75-91; TARGETED_SECOND_REVIEW:918-947; TARGETED_SECOND_REVIEW:412-453; TARGETED_SECOND_REVIEW:589-602
reference	8c5911e4a4b07b07e832e4bb0d5d8859e88b4a9b	Data/Scripts/013_Items/003_Item_BattleEffects.rb	script	WP27 §3–5＋WP28 §3–5＋WP29 §3–4＋WP50 §A–F＋WP60 §B1–B5＋WP64 §2–6＋WP38 §2–6＋WP37 §D–E	已覆盖（背包/道具/持物/树果/邮件/球/雷达合同在案）	无具名行为剩余	MAPPED_REVIEWED_SCOPED; OPEN_REQUIRED_REVISION_LINKED	A;B;ROOT	agents/A/A-06/reading-log.tsv;agents/A/A-07/reading-log.tsv;agents/A/X-A-CAPTURE-PARTNER/reading-log.tsv;agents/B/B-01/reading-log.tsv;agents/B/B-05/reading-log.tsv;agents/B/B-09/reading-log.tsv;root/peer-reading-log.tsv	712	712	TRUE	仅认可所链接主审行为族与取证范围；整文件行段读完不等于每个分支/配置组合或运行结果已证。	GIR-FD82-A041;GIR-FD82-A046;GIR-FD82-B020	agents/A/A-06/equivalence.tsv;agents/A/A-06/report.md;agents/A/A-06/source-coverage.tsv;agents/A/A-07/equivalence.tsv;agents/A/A-07/report.md;agents/A/A-07/source-coverage.tsv;agents/B/B-01/equivalence.tsv;agents/B/B-01/report.md;agents/B/B-01/source-coverage.tsv;agents/B/B-05/equivalence.tsv;agents/B/B-05/report.md;agents/B/B-05/source-coverage.tsv;agents/B/B-09/equivalence.tsv;agents/B/B-09/report.md;agents/B/B-09/source-coverage.tsv	full_current:1-712; full_reused:1-712; targeted:1-74; targeted:1-70;295-338; bounded-complete-qualification-family:1-307; bounded-substantive:1-85; TARGETED_SECOND_REVIEW:12-64;66-78;155-165;290-296; TARGETED_SECOND_REVIEW:119-143; TARGETED_SECOND_REVIEW:426-452; TARGETED_SECOND_REVIEW:333-374
reference	8c5911e4a4b07b07e832e4bb0d5d8859e88b4a9b	Data/Scripts/013_Items/004_Item_Phone.rb	script	WP27 §3–5＋WP28 §3–5＋WP29 §3–4＋WP50 §A–F＋WP60 §B1–B5＋WP64 §2–6＋WP38 §2–6＋WP37 §D–E	已覆盖（背包/道具/持物/树果/邮件/球/雷达合同在案）	无具名行为剩余	MAPPED_REVIEWED_SCOPED; OPEN_REQUIRED_REVISION_LINKED	A;B;C;ROOT	agents/A/A-01/reading-log.tsv;agents/A/A-02/reading-log.tsv;agents/A/A-05/reading-log.tsv;agents/B/X-B-C06-RECHECK/reading-log.tsv;agents/C/C-02/reading-log.tsv;agents/C/C-06/reading-log.tsv;root/peer-reading-log.tsv	706	706	TRUE	仅认可所链接主审行为族与取证范围；整文件行段读完不等于每个分支/配置组合或运行结果已证。	GIR-FD82-C007;GIR-FD82-C028;GIR-FD82-C107;GIR-FD82-C108;GIR-FD82-C112	agents/A/A-01/equivalence.tsv;agents/A/A-01/report.md;agents/A/A-01/source-coverage.tsv;agents/A/A-02/equivalence.tsv;agents/A/A-02/report.md;agents/A/A-02/source-coverage.tsv;agents/A/A-05/equivalence.tsv;agents/A/A-05/report.md;agents/A/A-05/source-coverage.tsv;agents/B/X-B-C06-RECHECK/equivalence.tsv;agents/B/X-B-C06-RECHECK/report.md;agents/B/X-B-C06-RECHECK/source-coverage.tsv;agents/C/C-02/equivalence.tsv;agents/C/C-02/report.md;agents/C/C-02/source-coverage.tsv;agents/C/C-06/equivalence.tsv;agents/C/C-06/report.md;agents/C/C-06/source-coverage.tsv	targeted:437-460; targeted:1-150;170-195;530-560; targeted_current:37-49; explicit-bounded-static-read:18-30; explicit-bounded-static-read:59-99; explicit-bounded-static-read:172-188; explicit-bounded-static-read:227-246; explicit-bounded-static-read:272-274; explicit-bounded-static-read:328-347; explicit-bounded-static-read:389-408; explicit-bounded-static-read:447-452; explicit-bounded-static-read:414-437; explicit-bounded-static-read:506-531; explicit-bounded-static-read:582-706; targeted:372-443;506-550; full:1-706; search_matches_only:18个弃用公开入口的定义行; TARGETED_SECOND_REVIEW:414-438;506-535
reference	8c5911e4a4b07b07e832e4bb0d5d8859e88b4a9b	Data/Scripts/013_Items/005_Item_PokeRadar.rb	script	WP27 §3–5＋WP28 §3–5＋WP29 §3–4＋WP50 §A–F＋WP60 §B1–B5＋WP64 §2–6＋WP38 §2–6＋WP37 §D–E	已覆盖（背包/道具/持物/树果/邮件/球/雷达合同在案）	无具名行为剩余	MAPPED_REVIEWED_SCOPED; OPEN_REQUIRED_REVISION_LINKED	A;C;ROOT	agents/A/A-02/reading-log.tsv;agents/A/A-05/reading-log.tsv;agents/A/A-06/reading-log.tsv;agents/C/C-05/reading-log.tsv;root/peer-reading-log.tsv	267	267	TRUE	仅认可所链接主审行为族与取证范围；整文件行段读完不等于每个分支/配置组合或运行结果已证。	GIR-FD82-A034	agents/A/A-02/equivalence.tsv;agents/A/A-02/report.md;agents/A/A-02/source-coverage.tsv;agents/A/A-05/equivalence.tsv;agents/A/A-05/report.md;agents/A/A-05/source-coverage.tsv;agents/A/A-06/equivalence.tsv;agents/A/A-06/report.md;agents/A/A-06/source-coverage.tsv;agents/C/C-05/equivalence.tsv;agents/C/C-05/report.md;agents/C/C-05/source-coverage.tsv	targeted:36-63;217-244; full_current:1-267; same_agent_named_reuse:1-267; full:1-267; TARGETED_SECOND_REVIEW:18-58; TARGETED_SECOND_REVIEW:60-110; TARGETED_SECOND_REVIEW:161-167; TARGETED_SECOND_REVIEW:261-267
reference	8c5911e4a4b07b07e832e4bb0d5d8859e88b4a9b	Data/Scripts/013_Items/006_Item_Mail.rb	script	WP27 §3–5＋WP28 §3–5＋WP29 §3–4＋WP50 §A–F＋WP60 §B1–B5＋WP64 §2–6＋WP38 §2–6＋WP37 §D–E	已覆盖（背包/道具/持物/树果/邮件/球/雷达合同在案）	无具名行为剩余	MAPPED_REVIEWED_SCOPED	A;B;C;ROOT	agents/A/A-03/reading-log.tsv;agents/A/A-08/reading-log.tsv;agents/B/X-B-ITEM-UI/reading-log.tsv;agents/C/C-07/reading-log.tsv;root/reading-supplement.tsv	125	125	TRUE	仅认可所链接主审行为族与取证范围；整文件行段读完不等于每个分支/配置组合或运行结果已证。	-	agents/A/A-03/equivalence.tsv;agents/A/A-03/report.md;agents/A/A-03/source-coverage.tsv;agents/A/A-08/equivalence.tsv;agents/A/A-08/report.md;agents/A/A-08/source-coverage.tsv;agents/B/X-B-ITEM-UI/equivalence.tsv;agents/B/X-B-ITEM-UI/report.md;agents/C/C-07/equivalence.tsv;agents/C/C-07/report.md;agents/C/C-07/source-coverage.tsv	targeted:1-44; full:1-125; explicit-bounded-static-read:1-125; full_static_dependency:1-125; TARGETED_STATIC:1-125
reference	8c5911e4a4b07b07e832e4bb0d5d8859e88b4a9b	Data/Scripts/013_Items/007_Item_Sprites.rb	script	道具精灵辅助	不适用（具名理由）	道具精灵辅助——WP15 资源匹配已覆盖	OPEN_REQUIRED_REVISION_CONFIRMED	A;C;ROOT	agents/A/X-A-WP79-NA-AUDIT/reading-log.tsv;agents/C/C-07/reading-log.tsv;root/peer-reading-log.tsv	157	157	TRUE	关联C118，不再新报根因。	GIR-FD82-C118	agents/A/X-A-WP79-NA-AUDIT/report.md;agents/A/X-A-WP79-NA-AUDIT/source-coverage.tsv;agents/C/C-07/equivalence.tsv;agents/C/C-07/report.md;agents/C/C-07/source-coverage.tsv	full_current:1-157; full_static:1-157; TARGETED_SECOND_REVIEW:1-157; TARGETED_ROOT_SECOND_REVIEW:7-11;31-45;72-109;116-157
reference	8c5911e4a4b07b07e832e4bb0d5d8859e88b4a9b	Data/Scripts/013_Items/008_PokemonBag.rb	script	WP27 §3–5＋WP28 §3–5＋WP29 §3–4＋WP50 §A–F＋WP60 §B1–B5＋WP64 §2–6＋WP38 §2–6＋WP37 §D–E	已覆盖（背包/道具/持物/树果/邮件/球/雷达合同在案）	无具名行为剩余	MAPPED_REVIEWED_SCOPED; OPEN_REQUIRED_REVISION_LINKED	A;B;C;ROOT	agents/A/A-06/reading-log.tsv;agents/A/A-08/reading-log.tsv;agents/B/X-B-C08-RECHECK/reading-log.tsv;agents/B/X-B-ITEM-UI/reading-log.tsv;agents/C/C-06/reading-log.tsv;agents/C/C-07/reading-log.tsv;agents/C/C-08/reading-log.tsv;root/peer-reading-log.tsv;root/reading-supplement.tsv	301	301	TRUE	仅认可所链接主审行为族与取证范围；整文件行段读完不等于每个分支/配置组合或运行结果已证。	GIR-FD82-B035;GIR-FD82-C117;GIR-FD82-C127	agents/A/A-06/equivalence.tsv;agents/A/A-06/report.md;agents/A/A-06/source-coverage.tsv;agents/A/A-08/equivalence.tsv;agents/A/A-08/report.md;agents/A/A-08/source-coverage.tsv;agents/B/X-B-C08-RECHECK/equivalence.tsv;agents/B/X-B-C08-RECHECK/report.md;agents/B/X-B-C08-RECHECK/source-coverage.tsv;agents/B/X-B-ITEM-UI/equivalence.tsv;agents/B/X-B-ITEM-UI/report.md;agents/C/C-06/equivalence.tsv;agents/C/C-06/report.md;agents/C/C-06/source-coverage.tsv;agents/C/C-07/equivalence.tsv;agents/C/C-07/report.md;agents/C/C-07/source-coverage.tsv;agents/C/C-08/equivalence.tsv;agents/C/C-08/report.md;agents/C/C-08/source-coverage.tsv	full_current:1-301; full_reused:1-301; explicit-bounded-static-read:263-299; explicit-bounded-static-read:55-118;245-301; explicit-bounded-static-read:160-166; targeted:1-40; full_static_dependency:1-301; targeted:1-112;208-301; TARGETED_SECOND_REVIEW:55-116;235-301; TARGETED_ROOT_SECOND_REVIEW:40-54; TARGETED_STATIC:35-116;235-301
reference	8c5911e4a4b07b07e832e4bb0d5d8859e88b4a9b	Data/Scripts/014_Pokemon/001_Pokemon-related/001_FormHandlers.rb	script	WP21 §3–5＋WP34 §2–3＋WP35 §B/C＋WP62 §3	已覆盖（形态/遗传/孵化/图鉴合同在案）	无具名行为剩余	MAPPED_REVIEWED_SCOPED; OPEN_REQUIRED_REVISION_LINKED	A;B;C;ROOT	agents/A/A-03/reading-log.tsv;agents/A/A-04/reading-log.tsv;agents/A/A-05/reading-log.tsv;agents/A/A-06/reading-log.tsv;agents/A/A-07/reading-log.tsv;agents/A/A-08/reading-log.tsv;agents/A/X-A-FORM-SHADOW-SUPPLEMENT/reading-log.tsv;agents/B/B-02/reading-log.tsv;agents/B/B-08/reading-log.tsv;agents/B/X-B-LIFE-STEP/comparison-reading-log.tsv;agents/C/C-02/reading-log.tsv;agents/C/X-C-FORM-SHADOW/reading-log.tsv;root/peer-reading-log.tsv	792	792	TRUE	仅认可所链接主审行为族与取证范围；整文件行段读完不等于每个分支/配置组合或运行结果已证。	GIR-FD82-A022;GIR-FD82-A026;GIR-FD82-A027;GIR-FD82-A053;GIR-FD82-C029	agents/A/A-03/equivalence.tsv;agents/A/A-03/report.md;agents/A/A-03/source-coverage.tsv;agents/A/A-04/equivalence.tsv;agents/A/A-04/report.md;agents/A/A-04/source-coverage.tsv;agents/A/A-05/equivalence.tsv;agents/A/A-05/report.md;agents/A/A-05/source-coverage.tsv;agents/A/A-06/equivalence.tsv;agents/A/A-06/report.md;agents/A/A-06/source-coverage.tsv;agents/A/A-07/equivalence.tsv;agents/A/A-07/report.md;agents/A/A-07/source-coverage.tsv;agents/A/A-08/equivalence.tsv;agents/A/A-08/report.md;agents/A/A-08/source-coverage.tsv;agents/B/B-02/equivalence.tsv;agents/B/B-02/report.md;agents/B/B-02/source-coverage.tsv;agents/B/B-08/equivalence.tsv;agents/B/B-08/report.md;agents/B/B-08/source-coverage.tsv;agents/B/X-B-LIFE-STEP/report.md;agents/B/X-B-LIFE-STEP/source-coverage.tsv;agents/C/C-02/equivalence.tsv;agents/C/C-02/report.md;agents/C/C-02/source-coverage.tsv;agents/C/X-C-FORM-SHADOW/source-coverage.tsv	targeted:1-35;135-218;405-427;440-463;485-516;535-556;585-645;680-724; full:1-792; same_agent_A-04_reuse:1-792; same_agent_named_reuse:1-792; full_reused:1-792; targeted:257-330;413-443;730-792; targeted_current_reread:92-125;155-185;215-310;485-589;712-792; targeted:164-210; bounded-substantive:176-200; post-freeze-comparison:1-52;308-340; targeted:255-283; fresh-targeted:1-38;150-181;204-273; TARGETED_SECOND_REVIEW:146-150; TARGETED_SECOND_REVIEW:448-458; TARGETED_SECOND_REVIEW:221-265; TARGETED_SECOND_REVIEW:330-383; TARGETED_SECOND_REVIEW:562-587; TARGETED_SECOND_REVIEW:653-729; TARGETED_SECOND_REVIEW:230-262; TARGETED_SECOND_REVIEW:267-273; TARGETED_SECOND_REVIEW:322-328
reference	8c5911e4a4b07b07e832e4bb0d5d8859e88b4a9b	Data/Scripts/014_Pokemon/001_Pokemon-related/002_ShadowPokemon_Other.rb	script	WP21 §3–5＋WP34 §2–3＋WP35 §B/C＋WP62 §3	已覆盖（形态/遗传/孵化/图鉴合同在案）	无具名行为剩余	MAPPED_REVIEWED_SCOPED; OPEN_REQUIRED_REVISION_LINKED	A;B;C;ROOT	agents/A/A-02/reading-log.tsv;agents/A/A-03/reading-log.tsv;agents/A/A-04/reading-log.tsv;agents/A/A-05/reading-log.tsv;agents/A/A-06/reading-log.tsv;agents/A/A-07/reading-log.tsv;agents/A/X-A-FORM-SHADOW-SUPPLEMENT/reading-log.tsv;agents/B/B-01/reading-log.tsv;agents/B/B-05/reading-log.tsv;agents/B/X-B-ITEM-UI/reading-log.tsv;agents/B/X-B-LIFE-STEP/reading-log.tsv;agents/C/C-01-S1/reading-log.tsv;agents/C/C-06/reading-log.tsv;agents/C/C-07/reading-log.tsv;agents/C/X-C-FORM-SHADOW/reading-log.tsv;root/peer-reading-log.tsv;root/reading-supplement.tsv	460	460	TRUE	仅认可所链接主审行为族与取证范围；整文件行段读完不等于每个分支/配置组合或运行结果已证。	GIR-FD82-003;GIR-FD82-A029;GIR-FD82-A031;GIR-FD82-B020;GIR-FD82-C009	agents/A/A-02/equivalence.tsv;agents/A/A-02/report.md;agents/A/A-02/source-coverage.tsv;agents/A/A-03/equivalence.tsv;agents/A/A-03/report.md;agents/A/A-03/source-coverage.tsv;agents/A/A-04/equivalence.tsv;agents/A/A-04/report.md;agents/A/A-04/source-coverage.tsv;agents/A/A-05/equivalence.tsv;agents/A/A-05/report.md;agents/A/A-05/source-coverage.tsv;agents/A/A-06/equivalence.tsv;agents/A/A-06/report.md;agents/A/A-06/source-coverage.tsv;agents/A/A-07/equivalence.tsv;agents/A/A-07/report.md;agents/A/A-07/source-coverage.tsv;agents/B/B-01/equivalence.tsv;agents/B/B-01/report.md;agents/B/B-01/source-coverage.tsv;agents/B/B-05/equivalence.tsv;agents/B/B-05/report.md;agents/B/B-05/source-coverage.tsv;agents/B/X-B-ITEM-UI/equivalence.tsv;agents/B/X-B-ITEM-UI/report.md;agents/B/X-B-LIFE-STEP/report.md;agents/B/X-B-LIFE-STEP/source-coverage.tsv;agents/C/C-01-S1/equivalence.tsv;agents/C/C-01-S1/report.md;agents/C/C-01-S1/source-coverage.tsv;agents/C/C-06/equivalence.tsv;agents/C/C-06/report.md;agents/C/C-06/source-coverage.tsv;agents/C/C-07/equivalence.tsv;agents/C/C-07/report.md;agents/C/C-07/source-coverage.tsv;agents/C/X-C-FORM-SHADOW/source-coverage.tsv	targeted:7-37; targeted:1-45; full:1-460; same_agent_A-04_reuse:1-460; same_agent_named_reuse:1-460; full_reused:1-460; targeted_current_reread:1-163; targeted:174-221; bounded-reopen:160-187; explicit-bounded-static-read:17-58; bounded:430-460; targeted-dependency:147-162; targeted:425-459; full_static:1-460; prior-full+fresh-targeted:1-460 reused C-07; fresh 1-205;226-396; TARGETED_SECOND_REVIEW:147-160; TARGETED_SECOND_REVIEW:226-244; TARGETED_SECOND_REVIEW:247-274; TARGETED_SECOND_REVIEW:286-324; TARGETED_SECOND_REVIEW:165-177; TARGETED_ROOT_SECOND_REVIEW:106-141; TARGETED_STATIC:17-149;250-309;425-460
reference	8c5911e4a4b07b07e832e4bb0d5d8859e88b4a9b	Data/Scripts/014_Pokemon/001_Pokemon-related/003_Pokemon_Sprites.rb	script	宝可梦精灵辅助	不适用（具名理由）	宝可梦精灵辅助——WP15 资源匹配已覆盖	OPEN_REQUIRED_REVISION_CONFIRMED	A;C;ROOT	agents/A/A-08/reading-log.tsv;agents/A/X-A-WP79-NA-AUDIT/reading-log.tsv;agents/C/C-07/reading-log.tsv;root/peer-reading-log.tsv	316	316	TRUE	个体/物种图标关联C118；本行不覆盖TrainerWalkingCharSprite，后者单列A058。	GIR-FD82-C118	agents/A/A-08/equivalence.tsv;agents/A/A-08/report.md;agents/A/A-08/source-coverage.tsv;agents/A/X-A-WP79-NA-AUDIT/report.md;agents/A/X-A-WP79-NA-AUDIT/source-coverage.tsv;agents/C/C-07/equivalence.tsv;agents/C/C-07/report.md;agents/C/C-07/source-coverage.tsv	full:1-316; full_current:1-316; full_static:1-316; TARGETED_ROOT_SECOND_REVIEW:83-203;208-316
reference	8c5911e4a4b07b07e832e4bb0d5d8859e88b4a9b	Data/Scripts/014_Pokemon/001_Pokemon-related/004_PokemonStorage.rb	script	WP21 §3–5＋WP34 §2–3＋WP35 §B/C＋WP62 §3	已覆盖（形态/遗传/孵化/图鉴合同在案）	无具名行为剩余	MAPPED_REVIEWED_SCOPED; OPEN_REQUIRED_REVISION_LINKED	A;B;C;ROOT	agents/A/A-03/reading-log.tsv;agents/A/A-04/reading-log.tsv;agents/A/A-05/reading-log.tsv;agents/A/A-07/reading-log.tsv;agents/A/X-A-CAPTURE-PARTNER/reading-log.tsv;agents/B/B-01/reading-log.tsv;agents/B/B-02/reading-log.tsv;agents/B/X-B-ITEM-UI/reading-log.tsv;agents/C/C-06/reading-log.tsv;agents/C/C-07/reading-log.tsv;agents/C/C-08/reading-log.tsv;agents/C/X-C-FORM-SHADOW/reading-log.tsv;root/peer-reading-log.tsv	400	400	TRUE	仅认可所链接主审行为族与取证范围；整文件行段读完不等于每个分支/配置组合或运行结果已证。	GIR-FD82-A035;GIR-FD82-A036;GIR-FD82-A037;GIR-FD82-B013;GIR-FD82-C120;GIR-FD82-C125	agents/A/A-03/equivalence.tsv;agents/A/A-03/report.md;agents/A/A-03/source-coverage.tsv;agents/A/A-04/equivalence.tsv;agents/A/A-04/report.md;agents/A/A-04/source-coverage.tsv;agents/A/A-05/equivalence.tsv;agents/A/A-05/report.md;agents/A/A-05/source-coverage.tsv;agents/A/A-07/equivalence.tsv;agents/A/A-07/report.md;agents/A/A-07/source-coverage.tsv;agents/B/B-01/equivalence.tsv;agents/B/B-01/report.md;agents/B/B-01/source-coverage.tsv;agents/B/B-02/equivalence.tsv;agents/B/B-02/report.md;agents/B/B-02/source-coverage.tsv;agents/B/X-B-ITEM-UI/equivalence.tsv;agents/B/X-B-ITEM-UI/report.md;agents/C/C-06/equivalence.tsv;agents/C/C-06/report.md;agents/C/C-06/source-coverage.tsv;agents/C/C-07/equivalence.tsv;agents/C/C-07/report.md;agents/C/C-07/source-coverage.tsv;agents/C/C-08/equivalence.tsv;agents/C/C-08/report.md;agents/C/C-08/source-coverage.tsv;agents/C/X-C-FORM-SHADOW/source-coverage.tsv	targeted:185-241; same_agent_X_reuse:112-140;155-188;210-263; targeted:1-20;153-180;225-262; full_current:1-400; targeted:178-250; full_reused:1-400; targeted:112-140;155-188;210-263; targeted:220-260; targeted:1-80;105-176;231-252; explicit-bounded-static-read:159-220;254-264; targeted:175-250;375-400; targeted_static_dependency:1-264;365-400; targeted:1-68;105-195;258-347;372-400; prior-targeted:1-68;105-195;258-347;372-400 reused C-08; TARGETED_SECOND_REVIEW:178-203; TARGETED_SECOND_REVIEW:231-251; TARGETED_ROOT_SECOND_REVIEW:63-76;101-117; TARGETED_ROOT_SECOND_REVIEW:206-209;254-259
reference	8c5911e4a4b07b07e832e4bb0d5d8859e88b4a9b	Data/Scripts/014_Pokemon/001_Pokemon.rb	script	WP18 §3–5＋WP19 §3–4＋WP20 §3–5＋WP21 §3–5	已覆盖（个体/能力/状态/形态合同在案）	无具名行为剩余	MAPPED_REVIEWED_SCOPED; OPEN_REQUIRED_REVISION_LINKED	A;B;C;ROOT	agents/A/A-02/reading-log.tsv;agents/A/A-03/reading-log.tsv;agents/A/A-04/reading-log.tsv;agents/A/A-05/reading-log.tsv;agents/A/A-06/reading-log.tsv;agents/A/A-07/reading-log.tsv;agents/A/A-08/reading-log.tsv;agents/A/X-A-C05-RECHECK/reading-log.tsv;agents/A/X-A-CAPTURE-PARTNER/reading-log.tsv;agents/A/X-A-EDIT-CACHE/reading-log.tsv;agents/A/X-A-FACILITY-RESTORE/reading-log.tsv;agents/A/X-A-FORM-SHADOW-SUPPLEMENT/reading-log.tsv;agents/B/B-01/reading-log.tsv;agents/B/B-05/reading-log.tsv;agents/B/B-06/reading-log.tsv;agents/B/B-07/reading-log.tsv;agents/B/B-08/reading-log.tsv;agents/B/B-09/reading-log.tsv;agents/B/X-B-C06-RECHECK/reading-log.tsv;agents/B/X-B-ITEM-UI/reading-log.tsv;agents/B/X-B-LIFE-STEP/comparison-reading-log.tsv;agents/B/X-B-LIFE-STEP/reading-log.tsv;agents/C/C-01-S1/reading-log.tsv;agents/C/C-05/reading-log.tsv;agents/C/C-06/reading-log.tsv;agents/C/C-07/reading-log.tsv;agents/C/C-08/reading-log.tsv;agents/C/X-C-FORM-SHADOW/reading-log.tsv;root/peer-reading-log.tsv;root/reading-supplement.tsv	1227	1227	TRUE	仅认可所链接主审行为族与取证范围；整文件行段读完不等于每个分支/配置组合或运行结果已证。	GIR-FD82-A020;GIR-FD82-A022;GIR-FD82-A023;GIR-FD82-A024;GIR-FD82-A025;GIR-FD82-A027;GIR-FD82-A040;GIR-FD82-A044;GIR-FD82-A045;GIR-FD82-A053;GIR-FD82-B007;GIR-FD82-B021;GIR-FD82-B025;GIR-FD82-B028;GIR-FD82-C003;GIR-FD82-C010;GIR-FD82-C012;GIR-FD82-C084;GIR-FD82-C126	agents/A/A-02/equivalence.tsv;agents/A/A-02/report.md;agents/A/A-02/source-coverage.tsv;agents/A/A-03/equivalence.tsv;agents/A/A-03/report.md;agents/A/A-03/source-coverage.tsv;agents/A/A-04/equivalence.tsv;agents/A/A-04/report.md;agents/A/A-04/source-coverage.tsv;agents/A/A-05/equivalence.tsv;agents/A/A-05/report.md;agents/A/A-05/source-coverage.tsv;agents/A/A-06/equivalence.tsv;agents/A/A-06/report.md;agents/A/A-06/source-coverage.tsv;agents/A/A-07/equivalence.tsv;agents/A/A-07/report.md;agents/A/A-07/source-coverage.tsv;agents/A/A-08/equivalence.tsv;agents/A/A-08/report.md;agents/A/A-08/source-coverage.tsv;agents/A/X-A-C05-RECHECK/equivalence.tsv;agents/A/X-A-C05-RECHECK/report.md;agents/A/X-A-C05-RECHECK/source-coverage.tsv;agents/B/B-01/equivalence.tsv;agents/B/B-01/report.md;agents/B/B-01/source-coverage.tsv;agents/B/B-05/equivalence.tsv;agents/B/B-05/report.md;agents/B/B-05/source-coverage.tsv;agents/B/B-06/equivalence.tsv;agents/B/B-06/report.md;agents/B/B-06/source-coverage.tsv;agents/B/B-07/equivalence.tsv;agents/B/B-07/report.md;agents/B/B-07/source-coverage.tsv;agents/B/B-08/equivalence.tsv;agents/B/B-08/report.md;agents/B/B-08/source-coverage.tsv;agents/B/B-09/equivalence.tsv;agents/B/B-09/report.md;agents/B/B-09/source-coverage.tsv;agents/B/X-B-C06-RECHECK/equivalence.tsv;agents/B/X-B-C06-RECHECK/report.md;agents/B/X-B-C06-RECHECK/source-coverage.tsv;agents/B/X-B-ITEM-UI/equivalence.tsv;agents/B/X-B-ITEM-UI/report.md;agents/B/X-B-LIFE-STEP/report.md;agents/B/X-B-LIFE-STEP/source-coverage.tsv;agents/C/C-01-S1/equivalence.tsv;agents/C/C-01-S1/report.md;agents/C/C-01-S1/source-coverage.tsv;agents/C/C-05/equivalence.tsv;agents/C/C-05/report.md;agents/C/C-05/source-coverage.tsv;agents/C/C-06/equivalence.tsv;agents/C/C-06/report.md;agents/C/C-06/source-coverage.tsv;agents/C/C-07/equivalence.tsv;agents/C/C-07/report.md;agents/C/C-07/source-coverage.tsv;agents/C/C-08/equivalence.tsv;agents/C/C-08/report.md;agents/C/C-08/source-coverage.tsv;agents/C/X-C-FORM-SHADOW/source-coverage.tsv	targeted:795-825; full:1-1227; same_agent_named_reuse:A-03:1-1227;A-04:123-184,741-791; same_agent_A-03_reuse:1-1227; same_agent_named_reuse:1-1227; targeted:916-1062; targeted:239-306; full_reused:1-1227; targeted:1-26;105-188;206-220;490-542;682-711;752-843;887-906;1159-1227; targeted:566-604; fresh static semantic reading:800-823; fresh static semantic reading:785-801;1183-1218; targeted:268-314;548-572; SAME_AGENT_PRIOR_EVIDENCE; no new read:A-03 full-read record; IV_STAT_LIMIT and EV_LIMIT fixed constants; fresh targeted; full A-03 available:180–310;1078–1138; targeted_current_reread:115-315;888-940;998-1048;1128-1158; targeted:190-211;884-922;941-975;1148-1172; bounded-HP-arithmetic:1080-1098; reused-bounded-HP-arithmetic:1080-1098; bounded-substantive:86-98;180-218;240-312;1080-1227; bounded-substantive:150-169;1080-1101;1180-1212; reused-bounded-substantive:86-98;180-218;240-312;1080-1227; bounded-substantive:85-99;195-217;240-312;1080-1127; explicit-bounded-static-read:824-827; explicit-bounded-static-read:790-807; explicit-bounded-static-read:89-95; post-freeze-comparison:75-101;103-175;293-311;334-354;398-465;678-690;722-739;854-871;891-899;1078-1117; bounded:207-220;465-545;789-847;880-890;992-1052;1159-1227; targeted-dependency:501-527;1130-1155; targeted-dependency:240-308;646-679;794-830; targeted:506-522;573-592;785-825; targeted:260-312;775-839;915-982; targeted_static_dependency:43-44;130-184;228-242;260-274;506-538;600-635;635-685;1016-1064;1128-1198; targeted:874-907; fresh-targeted:109-307;424-477;494-581;591-685;1080-1158; TARGETED_SECOND_REVIEW:903-905; TARGETED_SECOND_REVIEW:496-503; TARGETED_SECOND_REVIEW:1099-1117; TARGETED_SECOND_REVIEW:1194-1197; TARGETED_SECOND_REVIEW:1215-1224; TARGETED_SECOND_REVIEW:29-32; TARGETED_SECOND_REVIEW:605-615; TARGETED_SECOND_REVIEW:625-660; TARGETED_SECOND_REVIEW:1145-1147; TARGETED_SECOND_REVIEW:717-723; TARGETED_SECOND_REVIEW:670-674; TARGETED_SECOND_REVIEW:1055-1098; TARGETED_SECOND_REVIEW:646-660; TARGETED_SECOND_REVIEW:159-178; TARGETED_SECOND_REVIEW:1085-1089; TARGETED_SECOND_REVIEW:45-52; TARGETED_SECOND_REVIEW:1085-1095; TARGETED_SECOND_REVIEW:646-667; TARGETED_SECOND_REVIEW:681-698; TARGETED_SECOND_REVIEW:976-981; TARGETED_SECOND_REVIEW:1035-1044; TARGETED_SECOND_REVIEW:1084-1096; TARGETED_SECOND_REVIEW:113-115; TARGETED_SECOND_REVIEW:147-166; TARGETED_ROOT_SECOND_REVIEW:664-678;1174-1178; TARGETED_STATIC:147-184
reference	8c5911e4a4b07b07e832e4bb0d5d8859e88b4a9b	Data/Scripts/014_Pokemon/002_Pokemon_MegaEvolution.rb	script	WP22 §3–6	已覆盖（Mega/Primal 合同在案）	无具名行为剩余	MAPPED_REVIEWED_SCOPED; OPEN_REQUIRED_REVISION_LINKED	A;B;C;ROOT	agents/A/A-03/reading-log.tsv;agents/A/A-04/reading-log.tsv;agents/A/A-05/reading-log.tsv;agents/A/X-A-FACILITY-RESTORE/reading-log.tsv;agents/A/X-A-FORM-SHADOW-SUPPLEMENT/reading-log.tsv;agents/B/B-09/reading-log.tsv;agents/C/X-C-FORM-SHADOW/reading-log.tsv;root/peer-reading-log.tsv;root/reading-supplement.tsv	83	83	TRUE	仅认可所链接主审行为族与取证范围；整文件行段读完不等于每个分支/配置组合或运行结果已证。	GIR-FD82-A028;GIR-FD82-B032	agents/A/A-03/equivalence.tsv;agents/A/A-03/report.md;agents/A/A-03/source-coverage.tsv;agents/A/A-04/equivalence.tsv;agents/A/A-04/report.md;agents/A/A-04/source-coverage.tsv;agents/A/A-05/equivalence.tsv;agents/A/A-05/report.md;agents/A/A-05/source-coverage.tsv;agents/B/B-09/equivalence.tsv;agents/B/B-09/report.md;agents/B/B-09/source-coverage.tsv;agents/C/X-C-FORM-SHADOW/source-coverage.tsv	full:1-83; full_reread:1-83; same_agent_A-04_reuse:1-83; fresh full:1–83; same_agent_named_reuse:1-83; targeted_current_reread:1-83; fresh-full:1-83; TARGETED_SECOND_REVIEW:6-27; TARGETED_STATIC:1-83
reference	8c5911e4a4b07b07e832e4bb0d5d8859e88b4a9b	Data/Scripts/014_Pokemon/003_Pokemon_ShadowPokemon.rb	script	WP23 §2–9	已覆盖（Shadow 合同在案）	无具名行为剩余	MAPPED_REVIEWED_SCOPED; OPEN_REQUIRED_REVISION_LINKED	A;B;C;ROOT	agents/A/A-03/reading-log.tsv;agents/A/A-04/reading-log.tsv;agents/A/A-07/reading-log.tsv;agents/A/A-08/reading-log.tsv;agents/A/X-A-FORM-SHADOW-SUPPLEMENT/reading-log.tsv;agents/B/B-01/reading-log.tsv;agents/B/B-02/reading-log.tsv;agents/C/C-01-S1/reading-log.tsv;agents/C/C-06/reading-log.tsv;agents/C/C-07/reading-log.tsv;agents/C/X-C-FORM-SHADOW/reading-log.tsv;root/peer-reading-log.tsv;root/reading-supplement.tsv	221	221	TRUE	仅认可所链接主审行为族与取证范围；整文件行段读完不等于每个分支/配置组合或运行结果已证。	GIR-FD82-A029;GIR-FD82-A030;GIR-FD82-A031	agents/A/A-03/equivalence.tsv;agents/A/A-03/report.md;agents/A/A-03/source-coverage.tsv;agents/A/A-04/equivalence.tsv;agents/A/A-04/report.md;agents/A/A-04/source-coverage.tsv;agents/A/A-07/equivalence.tsv;agents/A/A-07/report.md;agents/A/A-07/source-coverage.tsv;agents/A/A-08/equivalence.tsv;agents/A/A-08/report.md;agents/A/A-08/source-coverage.tsv;agents/B/B-01/equivalence.tsv;agents/B/B-01/report.md;agents/B/B-01/source-coverage.tsv;agents/B/B-02/equivalence.tsv;agents/B/B-02/report.md;agents/B/B-02/source-coverage.tsv;agents/C/C-01-S1/equivalence.tsv;agents/C/C-01-S1/report.md;agents/C/C-01-S1/source-coverage.tsv;agents/C/C-06/equivalence.tsv;agents/C/C-06/report.md;agents/C/C-06/source-coverage.tsv;agents/C/C-07/equivalence.tsv;agents/C/C-07/report.md;agents/C/C-07/source-coverage.tsv;agents/C/X-C-FORM-SHADOW/source-coverage.tsv	full:1-221; full_reread:1-221; targeted:1-28;102-114; full_reused:1-221; same_agent_named_reuse:1-221; targeted_current_reread:1-221; targeted:132-164; targeted:1-36; targeted-dependency:1-44; targeted:1-147; targeted_static_dependency:90-106;174-195; fresh-full:1-221; TARGETED_SECOND_REVIEW:93-106; TARGETED_SECOND_REVIEW:114-171; TARGETED_SECOND_REVIEW:46-90; TARGETED_SECOND_REVIEW:108-111; TARGETED_STATIC:1-221
reference	8c5911e4a4b07b07e832e4bb0d5d8859e88b4a9b	Data/Scripts/014_Pokemon/004_Pokemon_Move.rb	script	WP20 §5（已知招式、PP 与最初招式记录）＋WP30 §D（学习/替换/遗忘/重学）	已覆盖（招式槽合同在案）	无具名行为剩余	MAPPED_REVIEWED_SCOPED	A;C	agents/A/A-03/reading-log.tsv;agents/A/A-04/reading-log.tsv;agents/C/X-C-FORM-SHADOW/reading-log.tsv	77	77	TRUE	仅认可所链接主审行为族与取证范围；整文件行段读完不等于每个分支/配置组合或运行结果已证。	-	agents/A/A-03/equivalence.tsv;agents/A/A-03/report.md;agents/A/A-03/source-coverage.tsv;agents/A/A-04/equivalence.tsv;agents/A/A-04/report.md;agents/A/A-04/source-coverage.tsv;agents/C/X-C-FORM-SHADOW/source-coverage.tsv	full:1-77; same_agent_named_reuse:A-03:1-77; fresh-targeted:1-76
reference	8c5911e4a4b07b07e832e4bb0d5d8859e88b4a9b	Data/Scripts/014_Pokemon/005_Pokemon_Owner.rb	script	WP18 §D（来源与拥有者）＋WP24 §A（拥有者 ID/语言）	已覆盖（拥有者合同在案）	无具名行为剩余	MAPPED_REVIEWED_SCOPED	A;C	agents/A/A-03/reading-log.tsv;agents/A/A-05/reading-log.tsv;agents/C/C-08/reading-log.tsv	73	73	TRUE	仅认可所链接主审行为族与取证范围；整文件行段读完不等于每个分支/配置组合或运行结果已证。	-	agents/A/A-03/equivalence.tsv;agents/A/A-03/report.md;agents/A/A-03/source-coverage.tsv;agents/A/A-05/equivalence.tsv;agents/A/A-05/report.md;agents/A/A-05/source-coverage.tsv;agents/C/C-08/equivalence.tsv;agents/C/C-08/report.md;agents/C/C-08/source-coverage.tsv	full:1-73; same_agent_A-03_reuse:1-73
reference	8c5911e4a4b07b07e832e4bb0d5d8859e88b4a9b	Data/Scripts/015_Trainers and player/001_Trainer.rb	script	WP24 §3–6＋WP25 §3–6＋WP62 §3	已覆盖（玩家/训练家/储存/图鉴合同在案）	无具名行为剩余	MAPPED_REVIEWED_SCOPED; OPEN_REQUIRED_REVISION_LINKED	A;B;C;ROOT	agents/A/A-03/reading-log.tsv;agents/A/A-04/reading-log.tsv;agents/A/A-05/reading-log.tsv;agents/A/A-06/reading-log.tsv;agents/A/A-07/reading-log.tsv;agents/A/A-08/reading-log.tsv;agents/A/X-A-FACILITY-RESTORE/reading-log.tsv;agents/B/B-02/reading-log.tsv;agents/B/B-05/reading-log.tsv;agents/B/B-07/reading-log.tsv;agents/B/X-B-LIFE-STEP/reading-log.tsv;agents/C/C-05/reading-log.tsv;agents/C/C-06/reading-log.tsv;agents/C/C-07/reading-log.tsv;agents/C/C-08/reading-log.tsv;root/peer-reading-log.tsv	194	194	TRUE	仅认可所链接主审行为族与取证范围；整文件行段读完不等于每个分支/配置组合或运行结果已证。	GIR-FD82-A035;GIR-FD82-A037;GIR-FD82-A038;GIR-FD82-A051	agents/A/A-03/equivalence.tsv;agents/A/A-03/report.md;agents/A/A-03/source-coverage.tsv;agents/A/A-04/equivalence.tsv;agents/A/A-04/report.md;agents/A/A-04/source-coverage.tsv;agents/A/A-05/equivalence.tsv;agents/A/A-05/report.md;agents/A/A-05/source-coverage.tsv;agents/A/A-06/equivalence.tsv;agents/A/A-06/report.md;agents/A/A-06/source-coverage.tsv;agents/A/A-07/equivalence.tsv;agents/A/A-07/report.md;agents/A/A-07/source-coverage.tsv;agents/A/A-08/equivalence.tsv;agents/A/A-08/report.md;agents/A/A-08/source-coverage.tsv;agents/B/B-02/equivalence.tsv;agents/B/B-02/report.md;agents/B/B-02/source-coverage.tsv;agents/B/B-05/equivalence.tsv;agents/B/B-05/report.md;agents/B/B-05/source-coverage.tsv;agents/B/B-07/equivalence.tsv;agents/B/B-07/report.md;agents/B/B-07/source-coverage.tsv;agents/B/X-B-LIFE-STEP/report.md;agents/B/X-B-LIFE-STEP/source-coverage.tsv;agents/C/C-05/equivalence.tsv;agents/C/C-05/report.md;agents/C/C-05/source-coverage.tsv;agents/C/C-06/equivalence.tsv;agents/C/C-06/report.md;agents/C/C-06/source-coverage.tsv;agents/C/C-07/equivalence.tsv;agents/C/C-07/report.md;agents/C/C-07/source-coverage.tsv;agents/C/C-08/equivalence.tsv;agents/C/C-08/report.md;agents/C/C-08/source-coverage.tsv	full:1-194; same_agent_named_reuse:A-03:1-194; full_current:1-194; same_agent_named_reuse:1-194; targeted:40-84; targeted:128-155; full_reused:1-194; targeted:50-90; fresh targeted:157–171; targeted:41-51;155-171; bounded-definition:1-68; bounded-substantive:1-54; bounded:40-105; targeted:45-107;148-168; targeted:1-100;157-168; targeted_static_dependency:50-85; targeted:165-194; TARGETED_SECOND_REVIEW:65-83; TARGETED_SECOND_REVIEW:57-72
reference	8c5911e4a4b07b07e832e4bb0d5d8859e88b4a9b	Data/Scripts/015_Trainers and player/002_Trainer_LoadAndNew.rb	script	WP24 §3–6＋WP25 §3–6＋WP62 §3	已覆盖（玩家/训练家/储存/图鉴合同在案）	无具名行为剩余	MAPPED_REVIEWED_SCOPED; OPEN_REQUIRED_REVISION_LINKED	A;C;ROOT	agents/A/A-05/reading-log.tsv;agents/C/C-01/reading-log.tsv;agents/C/C-02/reading-log.tsv;root/peer-reading-log.tsv	124	124	TRUE	仅认可所链接主审行为族与取证范围；整文件行段读完不等于每个分支/配置组合或运行结果已证。	GIR-FD82-A033	agents/A/A-05/equivalence.tsv;agents/A/A-05/report.md;agents/A/A-05/source-coverage.tsv;agents/C/C-01/equivalence.tsv;agents/C/C-01/report.md;agents/C/C-01/source-coverage.tsv;agents/C/C-02/equivalence.tsv;agents/C/C-02/report.md;agents/C/C-02/source-coverage.tsv	full_current:1-124; targeted:12-110; targeted-reread:81-124; TARGETED_SECOND_REVIEW:4-10; TARGETED_SECOND_REVIEW:70-96; TARGETED_SECOND_REVIEW:108-124
reference	8c5911e4a4b07b07e832e4bb0d5d8859e88b4a9b	Data/Scripts/015_Trainers and player/003_Trainer_Sprites.rb	script	训练家精灵辅助	不适用（具名理由）	训练家精灵辅助——WP15 资源匹配已覆盖	OPEN_REQUIRED_REVISION_CONFIRMED	A;ROOT	agents/A/A-08/reading-log.tsv;agents/A/X-A-WP79-NA-AUDIT/reading-log.tsv;root/peer-reading-log.tsv	68	68	TRUE	按A058补布局、周期/相位与不同消费者；媒体存在和输出未运行不等于静态节拍未知。	GIR-FD82-A058	agents/A/A-08/equivalence.tsv;agents/A/A-08/report.md;agents/A/A-08/source-coverage.tsv;agents/A/X-A-WP79-NA-AUDIT/report.md;agents/A/X-A-WP79-NA-AUDIT/source-coverage.tsv	full:1-68; full_current:1-68; TARGETED_ROOT_SOURCE_SECOND_REVIEW:7-16;24-65; TARGETED_ROOT_SECOND_REVIEW:1-68
reference	8c5911e4a4b07b07e832e4bb0d5d8859e88b4a9b	Data/Scripts/015_Trainers and player/004_Player.rb	script	WP24 §3–6＋WP25 §3–6＋WP62 §3	已覆盖（玩家/训练家/储存/图鉴合同在案）	无具名行为剩余	MAPPED_REVIEWED_SCOPED; OPEN_REQUIRED_REVISION_LINKED	A;B;C;ROOT	agents/A/A-03/reading-log.tsv;agents/A/A-05/reading-log.tsv;agents/A/A-06/reading-log.tsv;agents/A/A-08/reading-log.tsv;agents/B/B-02/reading-log.tsv;agents/B/X-B-C06-RECHECK/reading-log.tsv;agents/B/X-B-ITEM-UI/reading-log.tsv;agents/C/C-01-S1/reading-log.tsv;agents/C/C-06/reading-log.tsv;agents/C/C-07/reading-log.tsv;agents/C/C-08/reading-log.tsv;root/peer-reading-log.tsv	123	123	TRUE	仅认可所链接主审行为族与取证范围；整文件行段读完不等于每个分支/配置组合或运行结果已证。	GIR-FD82-A043;GIR-FD82-C103	agents/A/A-03/equivalence.tsv;agents/A/A-03/report.md;agents/A/A-03/source-coverage.tsv;agents/A/A-05/equivalence.tsv;agents/A/A-05/report.md;agents/A/A-05/source-coverage.tsv;agents/A/A-06/equivalence.tsv;agents/A/A-06/report.md;agents/A/A-06/source-coverage.tsv;agents/A/A-08/equivalence.tsv;agents/A/A-08/report.md;agents/A/A-08/source-coverage.tsv;agents/B/B-02/equivalence.tsv;agents/B/B-02/report.md;agents/B/B-02/source-coverage.tsv;agents/B/X-B-C06-RECHECK/equivalence.tsv;agents/B/X-B-C06-RECHECK/report.md;agents/B/X-B-C06-RECHECK/source-coverage.tsv;agents/B/X-B-ITEM-UI/equivalence.tsv;agents/B/X-B-ITEM-UI/report.md;agents/C/C-01-S1/equivalence.tsv;agents/C/C-01-S1/report.md;agents/C/C-01-S1/source-coverage.tsv;agents/C/C-06/equivalence.tsv;agents/C/C-06/report.md;agents/C/C-06/source-coverage.tsv;agents/C/C-07/equivalence.tsv;agents/C/C-07/report.md;agents/C/C-07/source-coverage.tsv;agents/C/C-08/equivalence.tsv;agents/C/C-08/report.md;agents/C/C-08/source-coverage.tsv	targeted:1-90; full_current:1-123; same_agent_named_reuse:1-123; targeted:1-70; full_reused:1-123; targeted:70-87; explicit-bounded-static-read:98-103; explicit-bounded-static-read:75-98; targeted-dependency:55-105; targeted:1-114; targeted_static_dependency:22-55; targeted:55-123; TARGETED_SECOND_REVIEW:78-81
reference	8c5911e4a4b07b07e832e4bb0d5d8859e88b4a9b	Data/Scripts/015_Trainers and player/005_Player_Pokedex.rb	script	WP24 §3–6＋WP25 §3–6＋WP62 §3	已覆盖（玩家/训练家/储存/图鉴合同在案）	无具名行为剩余	MAPPED_REVIEWED_SCOPED; OPEN_REQUIRED_REVISION_LINKED	A;B;C;ROOT	agents/A/A-03/reading-log.tsv;agents/A/A-05/reading-log.tsv;agents/A/A-08/reading-log.tsv;agents/A/X-A-FORM-SHADOW-SUPPLEMENT/reading-log.tsv;agents/B/B-07/reading-log.tsv;agents/B/X-B-LIFE-STEP/reading-log.tsv;agents/C/C-01-S1/reading-log.tsv;agents/C/C-07/reading-log.tsv;agents/C/C-08/reading-log.tsv;agents/C/X-C-FORM-SHADOW/reading-log.tsv;root/peer-reading-log.tsv	361	361	TRUE	仅认可所链接主审行为族与取证范围；整文件行段读完不等于每个分支/配置组合或运行结果已证。	GIR-FD82-A053;GIR-FD82-A054	agents/A/A-03/equivalence.tsv;agents/A/A-03/report.md;agents/A/A-03/source-coverage.tsv;agents/A/A-05/equivalence.tsv;agents/A/A-05/report.md;agents/A/A-05/source-coverage.tsv;agents/A/A-08/equivalence.tsv;agents/A/A-08/report.md;agents/A/A-08/source-coverage.tsv;agents/B/B-07/equivalence.tsv;agents/B/B-07/report.md;agents/B/B-07/source-coverage.tsv;agents/B/X-B-LIFE-STEP/report.md;agents/B/X-B-LIFE-STEP/source-coverage.tsv;agents/C/C-01-S1/equivalence.tsv;agents/C/C-01-S1/report.md;agents/C/C-01-S1/source-coverage.tsv;agents/C/C-07/equivalence.tsv;agents/C/C-07/report.md;agents/C/C-07/source-coverage.tsv;agents/C/C-08/equivalence.tsv;agents/C/C-08/report.md;agents/C/C-08/source-coverage.tsv;agents/C/X-C-FORM-SHADOW/source-coverage.tsv	targeted:185-232; targeted_current:161-245; full:1-361; same_agent_named_reuse:1-361; targeted_current_reread:190-220; bounded-substantive:145-285; bounded:65-84;139-161;195-235; targeted-dependency:190-229; targeted_static_dependency:55-160; targeted:152-174; fresh-targeted:190-224; TARGETED_SECOND_REVIEW:195-218; TARGETED_SECOND_REVIEW:195-228
reference	8c5911e4a4b07b07e832e4bb0d5d8859e88b4a9b	Data/Scripts/016_UI/001_Non-interactive UI/001_UI_SplashesAndTitleScreen.rb	script	WP17 §3–7＋WP63 §2–6＋WP65 §3–8＋WP66-A/B/C＋WP67-A/B	已覆盖（UI 合同在案；训练家卡/控制帮助补提取附表待复审）	无具名行为剩余——训练家卡/控制帮助补提取附表 ReviewPending 待复审（具名保留）	MAPPED_REVIEWED_SCOPED; OPEN_REQUIRED_REVISION_LINKED	B;C	agents/B/X-B-C06-RECHECK/reading-log.tsv;agents/C/C-06/reading-log.tsv	129	129	TRUE	仅认可所链接主审行为族与取证范围；整文件行段读完不等于每个分支/配置组合或运行结果已证。	GIR-FD82-C114	agents/B/X-B-C06-RECHECK/equivalence.tsv;agents/B/X-B-C06-RECHECK/report.md;agents/B/X-B-C06-RECHECK/source-coverage.tsv;agents/C/C-06/equivalence.tsv;agents/C/C-06/report.md;agents/C/C-06/source-coverage.tsv	explicit-bounded-static-read:12-14; explicit-bounded-static-read:30-55; explicit-bounded-static-read:73-115; explicit-bounded-static-read:1-29; explicit-bounded-static-read:56-72; full:1-129
reference	8c5911e4a4b07b07e832e4bb0d5d8859e88b4a9b	Data/Scripts/016_UI/001_Non-interactive UI/002_UI_Controls.rb	script	specs/ui/wp65-controls-help-appendix.md	已补提取（场景/机制合同在案，待复审）	无行为剩余（附表 ReviewPending 待复审）	MAPPED_REVIEWED_SCOPED; OPEN_REQUIRED_REVISION_LINKED	B;C	agents/B/X-B-C06-RECHECK/reading-log.tsv;agents/C/C-06/reading-log.tsv	83	83	TRUE	仅认可所链接主审行为族与取证范围；整文件行段读完不等于每个分支/配置组合或运行结果已证。	GIR-FD82-C114	agents/B/X-B-C06-RECHECK/equivalence.tsv;agents/B/X-B-C06-RECHECK/report.md;agents/B/X-B-C06-RECHECK/source-coverage.tsv;agents/C/C-06/equivalence.tsv;agents/C/C-06/report.md;agents/C/C-06/source-coverage.tsv	explicit-bounded-static-read:37-62; explicit-bounded-static-read:65-81; full:1-83
reference	8c5911e4a4b07b07e832e4bb0d5d8859e88b4a9b	Data/Scripts/016_UI/001_Non-interactive UI/003_UI_EggHatching.rb	script	WP17 §3–7＋WP63 §2–6＋WP65 §3–8＋WP66-A/B/C＋WP67-A/B	已覆盖（UI 合同在案；训练家卡/控制帮助补提取附表待复审）	无具名行为剩余——训练家卡/控制帮助补提取附表 ReviewPending 待复审（具名保留）	MAPPED_REVIEWED_SCOPED; OPEN_REQUIRED_REVISION_LINKED	A;B;C;ROOT	agents/A/A-02/reading-log.tsv;agents/A/A-03/reading-log.tsv;agents/A/A-05/reading-log.tsv;agents/A/A-08/reading-log.tsv;agents/B/X-B-LIFE-STEP/comparison-reading-log.tsv;agents/B/X-B-LIFE-STEP/reading-log.tsv;agents/C/C-06/reading-log.tsv;agents/C/C-07/reading-log.tsv;root/peer-reading-log.tsv;root/reading-supplement.tsv	268	268	TRUE	仅认可所链接主审行为族与取证范围；整文件行段读完不等于每个分支/配置组合或运行结果已证。	GIR-FD82-A053	agents/A/A-02/equivalence.tsv;agents/A/A-02/report.md;agents/A/A-02/source-coverage.tsv;agents/A/A-03/equivalence.tsv;agents/A/A-03/report.md;agents/A/A-03/source-coverage.tsv;agents/A/A-05/equivalence.tsv;agents/A/A-05/report.md;agents/A/A-05/source-coverage.tsv;agents/A/A-08/equivalence.tsv;agents/A/A-08/report.md;agents/A/A-08/source-coverage.tsv;agents/B/X-B-LIFE-STEP/report.md;agents/B/X-B-LIFE-STEP/source-coverage.tsv;agents/C/C-06/equivalence.tsv;agents/C/C-06/report.md;agents/C/C-06/source-coverage.tsv;agents/C/C-07/equivalence.tsv;agents/C/C-07/report.md;agents/C/C-07/source-coverage.tsv	targeted:201-228; targeted:185-235; targeted_current:105-138;215-258; full:1-268; post-freeze-comparison:1-95; bounded:95-268; targeted:202-268; full_static:1-268; TARGETED_SECOND_REVIEW:23-32; TARGETED_SECOND_REVIEW:212-268; TARGETED_SECOND_REVIEW:193-211; TARGETED_STATIC:39-169;202-268
reference	8c5911e4a4b07b07e832e4bb0d5d8859e88b4a9b	Data/Scripts/016_UI/001_Non-interactive UI/004_UI_Evolution.rb	script	WP17 §3–7＋WP63 §2–6＋WP65 §3–8＋WP66-A/B/C＋WP67-A/B	已覆盖（UI 合同在案；训练家卡/控制帮助补提取附表待复审）	无具名行为剩余——训练家卡/控制帮助补提取附表 ReviewPending 待复审（具名保留）	MAPPED_REVIEWED_SCOPED; OPEN_REQUIRED_REVISION_LINKED	A;B;C;ROOT	agents/A/A-02/reading-log.tsv;agents/A/A-03/reading-log.tsv;agents/A/A-04/reading-log.tsv;agents/A/A-06/reading-log.tsv;agents/A/A-07/reading-log.tsv;agents/A/A-08/reading-log.tsv;agents/B/X-B-LIFE-STEP/reading-log.tsv;agents/C/C-07/reading-log.tsv;root/peer-reading-log.tsv;root/reading-supplement.tsv	276	276	TRUE	仅认可所链接主审行为族与取证范围；整文件行段读完不等于每个分支/配置组合或运行结果已证。	GIR-FD82-A045;GIR-FD82-A050;GIR-FD82-C119	agents/A/A-02/equivalence.tsv;agents/A/A-02/report.md;agents/A/A-02/source-coverage.tsv;agents/A/A-03/equivalence.tsv;agents/A/A-03/report.md;agents/A/A-03/source-coverage.tsv;agents/A/A-04/equivalence.tsv;agents/A/A-04/report.md;agents/A/A-04/source-coverage.tsv;agents/A/A-06/equivalence.tsv;agents/A/A-06/report.md;agents/A/A-06/source-coverage.tsv;agents/A/A-07/equivalence.tsv;agents/A/A-07/report.md;agents/A/A-07/source-coverage.tsv;agents/A/A-08/equivalence.tsv;agents/A/A-08/report.md;agents/A/A-08/source-coverage.tsv;agents/B/X-B-LIFE-STEP/report.md;agents/B/X-B-LIFE-STEP/source-coverage.tsv;agents/C/C-07/equivalence.tsv;agents/C/C-07/report.md;agents/C/C-07/source-coverage.tsv	targeted:116-143;184-211; targeted:1-20; targeted:1-28; targeted_current:84-137;195-276; full:1-276; full_reused:1-276; bounded:195-263; full_static:1-276; TARGETED_SECOND_REVIEW:84-134; TARGETED_SECOND_REVIEW:22-81; TARGETED_SECOND_REVIEW:99-125; TARGETED_SECOND_REVIEW:152-177; TARGETED_ROOT_SECOND_REVIEW:99-134;152-193; TARGETED_STATIC:84-139;195-276
reference	8c5911e4a4b07b07e832e4bb0d5d8859e88b4a9b	Data/Scripts/016_UI/001_Non-interactive UI/005_UI_Trading.rb	script	WP17 §3–7＋WP63 §2–6＋WP65 §3–8＋WP66-A/B/C＋WP67-A/B	已覆盖（UI 合同在案；训练家卡/控制帮助补提取附表待复审）	无具名行为剩余——训练家卡/控制帮助补提取附表 ReviewPending 待复审（具名保留）	MAPPED_REVIEWED_SCOPED; OPEN_REQUIRED_REVISION_LINKED	A;B;C;ROOT	agents/A/A-02/reading-log.tsv;agents/A/A-03/reading-log.tsv;agents/A/A-05/reading-log.tsv;agents/A/A-07/reading-log.tsv;agents/A/A-08/reading-log.tsv;agents/B/X-B-LIFE-STEP/reading-log.tsv;agents/C/C-07/reading-log.tsv;root/peer-reading-log.tsv;root/reading-supplement.tsv	243	243	TRUE	仅认可所链接主审行为族与取证范围；整文件行段读完不等于每个分支/配置组合或运行结果已证。	GIR-FD82-A011	agents/A/A-02/equivalence.tsv;agents/A/A-02/report.md;agents/A/A-02/source-coverage.tsv;agents/A/A-03/equivalence.tsv;agents/A/A-03/report.md;agents/A/A-03/source-coverage.tsv;agents/A/A-05/equivalence.tsv;agents/A/A-05/report.md;agents/A/A-05/source-coverage.tsv;agents/A/A-07/equivalence.tsv;agents/A/A-07/report.md;agents/A/A-07/source-coverage.tsv;agents/A/A-08/equivalence.tsv;agents/A/A-08/report.md;agents/A/A-08/source-coverage.tsv;agents/B/X-B-LIFE-STEP/report.md;agents/B/X-B-LIFE-STEP/source-coverage.tsv;agents/C/C-07/equivalence.tsv;agents/C/C-07/report.md;agents/C/C-07/source-coverage.tsv	targeted:206-233; targeted:180-243; full_current:1-243; targeted:150-243; full_reused:1-243; bounded:125-243; full_static:1-243; TARGETED_SECOND_REVIEW:217-233; TARGETED_STATIC:144-243
reference	8c5911e4a4b07b07e832e4bb0d5d8859e88b4a9b	Data/Scripts/016_UI/001_Non-interactive UI/006_UI_HallOfFame.rb	script	WP17 §3–7＋WP63 §2–6＋WP65 §3–8＋WP66-A/B/C＋WP67-A/B	已覆盖（UI 合同在案；训练家卡/控制帮助补提取附表待复审）	无具名行为剩余——训练家卡/控制帮助补提取附表 ReviewPending 待复审（具名保留）	MAPPED_REVIEWED_SCOPED	A;C	agents/A/A-03/reading-log.tsv;agents/C/C-06/reading-log.tsv;agents/C/C-07/reading-log.tsv	494	494	TRUE	仅认可所链接主审行为族与取证范围；整文件行段读完不等于每个分支/配置组合或运行结果已证。	-	agents/A/A-03/equivalence.tsv;agents/A/A-03/report.md;agents/A/A-03/source-coverage.tsv;agents/C/C-06/equivalence.tsv;agents/C/C-06/report.md;agents/C/C-06/source-coverage.tsv;agents/C/C-07/equivalence.tsv;agents/C/C-07/report.md;agents/C/C-07/source-coverage.tsv	targeted:112-136; targeted:116-134;445-461; full_static:1-494
reference	8c5911e4a4b07b07e832e4bb0d5d8859e88b4a9b	Data/Scripts/016_UI/001_Non-interactive UI/007_UI_Credits.rb	script	WP17 §3–7＋WP63 §2–6＋WP65 §3–8＋WP66-A/B/C＋WP67-A/B	已覆盖（UI 合同在案；训练家卡/控制帮助补提取附表待复审）	无具名行为剩余——训练家卡/控制帮助补提取附表 ReviewPending 待复审（具名保留）	MAPPED_REVIEWED_SCOPED	C	agents/C/C-07/reading-log.tsv	233	233	TRUE	仅认可所链接主审行为族与取证范围；整文件行段读完不等于每个分支/配置组合或运行结果已证。	-	agents/C/C-07/equivalence.tsv;agents/C/C-07/report.md;agents/C/C-07/source-coverage.tsv	full_static:1-233
reference	8c5911e4a4b07b07e832e4bb0d5d8859e88b4a9b	Data/Scripts/016_UI/001_UI_PauseMenu.rb	script	WP17 §3–7＋WP63 §2–6＋WP65 §3–8＋WP66-A/B/C＋WP67-A/B	已覆盖（UI 合同在案；训练家卡/控制帮助补提取附表待复审）	无具名行为剩余——训练家卡/控制帮助补提取附表 ReviewPending 待复审（具名保留）	MAPPED_REVIEWED_SCOPED	A;B;C;ROOT	agents/A/A-01/reading-log.tsv;agents/A/A-05/reading-log.tsv;agents/A/A-06/reading-log.tsv;agents/A/A-08/reading-log.tsv;agents/A/X-A-C05-RECHECK/reading-log.tsv;agents/B/B-07/reading-log.tsv;agents/C/C-01-S1/reading-log.tsv;agents/C/C-05/reading-log.tsv;agents/C/C-06/reading-log.tsv;agents/C/C-07/reading-log.tsv;root/peer-reading-log.tsv	321	321	TRUE	仅认可所链接主审行为族与取证范围；整文件行段读完不等于每个分支/配置组合或运行结果已证。	-	agents/A/A-01/equivalence.tsv;agents/A/A-01/report.md;agents/A/A-01/source-coverage.tsv;agents/A/A-05/equivalence.tsv;agents/A/A-05/report.md;agents/A/A-05/source-coverage.tsv;agents/A/A-06/equivalence.tsv;agents/A/A-06/report.md;agents/A/A-06/source-coverage.tsv;agents/A/A-08/equivalence.tsv;agents/A/A-08/report.md;agents/A/A-08/source-coverage.tsv;agents/A/X-A-C05-RECHECK/equivalence.tsv;agents/A/X-A-C05-RECHECK/report.md;agents/A/X-A-C05-RECHECK/source-coverage.tsv;agents/B/B-07/equivalence.tsv;agents/B/B-07/report.md;agents/B/B-07/source-coverage.tsv;agents/C/C-01-S1/equivalence.tsv;agents/C/C-01-S1/report.md;agents/C/C-01-S1/source-coverage.tsv;agents/C/C-05/equivalence.tsv;agents/C/C-05/report.md;agents/C/C-05/source-coverage.tsv;agents/C/C-06/equivalence.tsv;agents/C/C-06/report.md;agents/C/C-06/source-coverage.tsv;agents/C/C-07/equivalence.tsv;agents/C/C-07/report.md;agents/C/C-07/source-coverage.tsv	targeted:80-150; targeted_current:129-145;204-229; targeted_current:180-212; targeted:118-158; targeted:154-165; fresh static semantic reading:162-188; bounded-substantive:1-86;180-265; targeted-dependency:289-299; targeted:151-207; full:1-321; targeted_static_dependency:125-211; TARGETED_ROOT_SECOND_REVIEW:175
reference	8c5911e4a4b07b07e832e4bb0d5d8859e88b4a9b	Data/Scripts/016_UI/002_UI_Pokedex_Menu.rb	script	WP17 §3–7＋WP63 §2–6＋WP65 §3–8＋WP66-A/B/C＋WP67-A/B	已覆盖（UI 合同在案；训练家卡/控制帮助补提取附表待复审）	无具名行为剩余——训练家卡/控制帮助补提取附表 ReviewPending 待复审（具名保留）	MAPPED_REVIEWED_SCOPED; OPEN_REQUIRED_REVISION_LINKED	A;C;ROOT	agents/A/A-08/reading-log.tsv;agents/C/C-07/reading-log.tsv;root/peer-reading-log.tsv	129	129	TRUE	仅认可所链接主审行为族与取证范围；整文件行段读完不等于每个分支/配置组合或运行结果已证。	GIR-FD82-A056	agents/A/A-08/equivalence.tsv;agents/A/A-08/report.md;agents/A/A-08/source-coverage.tsv;agents/C/C-07/equivalence.tsv;agents/C/C-07/report.md;agents/C/C-07/source-coverage.tsv	full:1-129; full_static:1-129; TARGETED_SECOND_REVIEW:17-32; TARGETED_SECOND_REVIEW:99-115
reference	8c5911e4a4b07b07e832e4bb0d5d8859e88b4a9b	Data/Scripts/016_UI/003_UI_Pokedex_Main.rb	script	WP17 §3–7＋WP63 §2–6＋WP65 §3–8＋WP66-A/B/C＋WP67-A/B	已覆盖（UI 合同在案；训练家卡/控制帮助补提取附表待复审）	无具名行为剩余——训练家卡/控制帮助补提取附表 ReviewPending 待复审（具名保留）	MAPPED_REVIEWED_SCOPED; OPEN_REQUIRED_REVISION_LINKED	A;C;ROOT	agents/A/A-08/reading-log.tsv;agents/C/C-07/reading-log.tsv;root/peer-reading-log.tsv	1302	1302	TRUE	仅认可所链接主审行为族与取证范围；整文件行段读完不等于每个分支/配置组合或运行结果已证。	GIR-FD82-A055;GIR-FD82-C121;GIR-FD82-C123	agents/A/A-08/equivalence.tsv;agents/A/A-08/report.md;agents/A/A-08/source-coverage.tsv;agents/C/C-07/equivalence.tsv;agents/C/C-07/report.md;agents/C/C-07/source-coverage.tsv	targeted:1-85;244-550;766-895;1092-1302; targeted:86-243;551-765;896-1091; full_completion:1-1302; full_static:1-1302; TARGETED_SECOND_REVIEW:338-345; TARGETED_SECOND_REVIEW:771-774; TARGETED_SECOND_REVIEW:851-865; TARGETED_SECOND_REVIEW:1092-1101; TARGETED_SECOND_REVIEW:1176-1252; TARGETED_SECOND_REVIEW:1266-1277; TARGETED_SECOND_REVIEW:251-263;348-390; TARGETED_ROOT_SECOND_REVIEW:517-538;631-664;804-823; TARGETED_ROOT_SECOND_REVIEW:896-1089;1092-1178; TARGETED_ROOT_SECOND_REVIEW:1179-1230
reference	8c5911e4a4b07b07e832e4bb0d5d8859e88b4a9b	Data/Scripts/016_UI/004_UI_Pokedex_Entry.rb	script	WP17 §3–7＋WP63 §2–6＋WP65 §3–8＋WP66-A/B/C＋WP67-A/B	已覆盖（UI 合同在案；训练家卡/控制帮助补提取附表待复审）	无具名行为剩余——训练家卡/控制帮助补提取附表 ReviewPending 待复审（具名保留）	MAPPED_REVIEWED_SCOPED; OPEN_REQUIRED_REVISION_LINKED	A;B;C;ROOT	agents/A/A-01/reading-log.tsv;agents/A/A-08/reading-log.tsv;agents/B/B-09/reading-log.tsv;agents/C/C-07/reading-log.tsv;root/peer-reading-log.tsv	619	619	TRUE	仅认可所链接主审行为族与取证范围；整文件行段读完不等于每个分支/配置组合或运行结果已证。	GIR-FD82-C121;GIR-FD82-C122	agents/A/A-01/equivalence.tsv;agents/A/A-01/report.md;agents/A/A-01/source-coverage.tsv;agents/A/A-08/equivalence.tsv;agents/A/A-08/report.md;agents/A/A-08/source-coverage.tsv;agents/B/B-09/equivalence.tsv;agents/B/B-09/report.md;agents/B/B-09/source-coverage.tsv;agents/C/C-07/equivalence.tsv;agents/C/C-07/report.md;agents/C/C-07/source-coverage.tsv	targeted:316-340; full:1-619; bounded-substantive:613-618; full_static:1-619; TARGETED_ROOT_SECOND_REVIEW:247-292; TARGETED_ROOT_SECOND_REVIEW:154-199;446-478;506-511
reference	8c5911e4a4b07b07e832e4bb0d5d8859e88b4a9b	Data/Scripts/016_UI/005_UI_Party.rb	script	WP17 §3–7＋WP63 §2–6＋WP65 §3–8＋WP66-A/B/C＋WP67-A/B	已覆盖（UI 合同在案；训练家卡/控制帮助补提取附表待复审）	无具名行为剩余——训练家卡/控制帮助补提取附表 ReviewPending 待复审（具名保留）	MAPPED_REVIEWED_SCOPED; OPEN_REQUIRED_REVISION_LINKED	A;B;C;ROOT	agents/A/A-04/reading-log.tsv;agents/A/A-05/reading-log.tsv;agents/A/A-06/reading-log.tsv;agents/A/A-08/reading-log.tsv;agents/A/X-A-C05-RECHECK/reading-log.tsv;agents/A/X-A-FACILITY-RESTORE/reading-log.tsv;agents/A/X-A-WP79-NA-AUDIT/reading-log.tsv;agents/B/B-07/reading-log.tsv;agents/B/B-09/reading-log.tsv;agents/C/C-01-S1/reading-log.tsv;agents/C/C-05/reading-log.tsv;agents/C/C-07/reading-log.tsv;root/peer-reading-log.tsv	1560	1560	TRUE	仅认可所链接主审行为族与取证范围；整文件行段读完不等于每个分支/配置组合或运行结果已证。	GIR-FD82-003;GIR-FD82-A044;GIR-FD82-B027;GIR-FD82-C003;GIR-FD82-C009;GIR-FD82-C125	agents/A/A-04/equivalence.tsv;agents/A/A-04/report.md;agents/A/A-04/source-coverage.tsv;agents/A/A-05/equivalence.tsv;agents/A/A-05/report.md;agents/A/A-05/source-coverage.tsv;agents/A/A-06/equivalence.tsv;agents/A/A-06/report.md;agents/A/A-06/source-coverage.tsv;agents/A/A-08/equivalence.tsv;agents/A/A-08/report.md;agents/A/A-08/source-coverage.tsv;agents/A/X-A-C05-RECHECK/equivalence.tsv;agents/A/X-A-C05-RECHECK/report.md;agents/A/X-A-C05-RECHECK/source-coverage.tsv;agents/A/X-A-WP79-NA-AUDIT/report.md;agents/A/X-A-WP79-NA-AUDIT/source-coverage.tsv;agents/B/B-07/equivalence.tsv;agents/B/B-07/report.md;agents/B/B-07/source-coverage.tsv;agents/B/B-09/equivalence.tsv;agents/B/B-09/report.md;agents/B/B-09/source-coverage.tsv;agents/C/C-01-S1/equivalence.tsv;agents/C/C-01-S1/report.md;agents/C/C-01-S1/source-coverage.tsv;agents/C/C-05/equivalence.tsv;agents/C/C-05/report.md;agents/C/C-05/source-coverage.tsv;agents/C/C-07/equivalence.tsv;agents/C/C-07/report.md;agents/C/C-07/source-coverage.tsv	targeted:723-743; targeted_current:1008-1030;1165-1210;1310-1450;1487-1560; targeted_current:712-750;1360-1410; targeted:924-967;1349-1382; fresh static semantic reading:1279-1308; fresh targeted:1051–1142; targeted_current:180-235;282-307; bounded-substantive:1045-1145; bounded-substantive:585-800;908-1034; targeted-dependency:1500-1555; targeted-dependency:1135-1165; targeted-dependency:1163-1175; targeted-dependency:1330-1337; targeted:1214-1316; full_static:1-1560; TARGETED_SECOND_REVIEW:1141-1169;1504-1527; TARGETED_SECOND_REVIEW:726-743; TARGETED_SECOND_REVIEW:1394-1405; TARGETED_SECOND_REVIEW:1051-1141; TARGETED_ROOT_SECOND_REVIEW:133-160;653-695;774-781;855-874;1013-1020;1340-1349; TARGETED_ROOT_SECOND_REVIEW:1264-1287; TARGETED_ROOT_SECOND_REVIEW:1525-1530; TARGETED_ROOT_SECOND_REVIEW:746-800; TARGETED_ROOT_SECOND_REVIEW:475-484;910-928;1264-1287
reference	8c5911e4a4b07b07e832e4bb0d5d8859e88b4a9b	Data/Scripts/016_UI/006_UI_Summary.rb	script	WP17 §3–7＋WP63 §2–6＋WP65 §3–8＋WP66-A/B/C＋WP67-A/B	已覆盖（UI 合同在案；训练家卡/控制帮助补提取附表待复审）	无具名行为剩余——训练家卡/控制帮助补提取附表 ReviewPending 待复审（具名保留）	MAPPED_REVIEWED_SCOPED; OPEN_REQUIRED_REVISION_LINKED	A;B;C;ROOT	agents/A/A-03/reading-log.tsv;agents/A/A-04/reading-log.tsv;agents/A/A-07/reading-log.tsv;agents/A/A-08/reading-log.tsv;agents/A/X-A-WP79-NA-AUDIT/reading-log.tsv;agents/B/B-02/reading-log.tsv;agents/B/B-09/reading-log.tsv;agents/C/C-07/reading-log.tsv;root/peer-reading-log.tsv	1400	1400	TRUE	仅认可所链接主审行为族与取证范围；整文件行段读完不等于每个分支/配置组合或运行结果已证。	GIR-FD82-006;GIR-FD82-A049;GIR-FD82-C118;GIR-FD82-C124;GIR-FD82-C126	agents/A/A-03/equivalence.tsv;agents/A/A-03/report.md;agents/A/A-03/source-coverage.tsv;agents/A/A-04/equivalence.tsv;agents/A/A-04/report.md;agents/A/A-04/source-coverage.tsv;agents/A/A-07/equivalence.tsv;agents/A/A-07/report.md;agents/A/A-07/source-coverage.tsv;agents/A/A-08/equivalence.tsv;agents/A/A-08/report.md;agents/A/A-08/source-coverage.tsv;agents/A/X-A-WP79-NA-AUDIT/report.md;agents/A/X-A-WP79-NA-AUDIT/source-coverage.tsv;agents/B/B-02/equivalence.tsv;agents/B/B-02/report.md;agents/B/B-02/source-coverage.tsv;agents/B/B-09/equivalence.tsv;agents/B/B-09/report.md;agents/B/B-09/source-coverage.tsv;agents/C/C-07/equivalence.tsv;agents/C/C-07/report.md;agents/C/C-07/source-coverage.tsv	targeted:505-620; targeted:90-110;280-303;430-465;540-555;640-655;838-885;990-1195; targeted:184-224;1220-1299;1345-1378; targeted:385-430;483-545; targeted_current:124-164; targeted:1232-1304;1355-1374; bounded-substantive:184-223;1232-1275;1300-1385; full_static:1-1400; TARGETED_SECOND_REVIEW:184-207; TARGETED_SECOND_REVIEW:1232-1268; TARGETED_SECOND_REVIEW:1355-1365; TARGETED_ROOT_SECOND_REVIEW:134-140; TARGETED_ROOT_SECOND_REVIEW:589-637; TARGETED_ROOT_SECOND_REVIEW:184-207;692-737;814-843;929-936;1283-1287;1385-1400; TARGETED_ROOT_SECOND_REVIEW:740-813; TARGETED_ROOT_SECOND_REVIEW:153-162
reference	8c5911e4a4b07b07e832e4bb0d5d8859e88b4a9b	Data/Scripts/016_UI/007_UI_Bag.rb	script	WP17 §3–7＋WP63 §2–6＋WP65 §3–8＋WP66-A/B/C＋WP67-A/B	已覆盖（UI 合同在案；训练家卡/控制帮助补提取附表待复审）	无具名行为剩余——训练家卡/控制帮助补提取附表 ReviewPending 待复审（具名保留）	MAPPED_REVIEWED_SCOPED; OPEN_REQUIRED_REVISION_LINKED	A;B;C;ROOT	agents/A/A-06/reading-log.tsv;agents/A/A-08/reading-log.tsv;agents/A/X-A-WP79-NA-AUDIT/reading-log.tsv;agents/B/B-09/reading-log.tsv;agents/B/X-B-ITEM-UI/reading-log.tsv;agents/C/C-07/reading-log.tsv;root/peer-reading-log.tsv	704	704	TRUE	仅认可所链接主审行为族与取证范围；整文件行段读完不等于每个分支/配置组合或运行结果已证。	GIR-FD82-006;GIR-FD82-A038;GIR-FD82-B035;GIR-FD82-C117;GIR-FD82-C118	agents/A/A-06/equivalence.tsv;agents/A/A-06/report.md;agents/A/A-06/source-coverage.tsv;agents/A/A-08/equivalence.tsv;agents/A/A-08/report.md;agents/A/A-08/source-coverage.tsv;agents/A/X-A-WP79-NA-AUDIT/report.md;agents/A/X-A-WP79-NA-AUDIT/source-coverage.tsv;agents/B/B-09/equivalence.tsv;agents/B/B-09/report.md;agents/B/B-09/source-coverage.tsv;agents/B/X-B-ITEM-UI/equivalence.tsv;agents/B/X-B-ITEM-UI/report.md;agents/C/C-07/equivalence.tsv;agents/C/C-07/report.md;agents/C/C-07/source-coverage.tsv	targeted_current:60-102;460-704; targeted:466-511;553-581; targeted_current:183-210;325-340; bounded-substantive:145-239;351-473; explicit-bounded-static-read:464-512;560-579; explicit-bounded-static-read:64-103; full_static:1-704; TARGETED_SECOND_REVIEW:479-520; TARGETED_SECOND_REVIEW:64-103; TARGETED_ROOT_SECOND_REVIEW:145-179;200-204;350-386;442-447;464-469;578-600; TARGETED_ROOT_SECOND_REVIEW:200-207;330-334; TARGETED_ROOT_SECOND_REVIEW:225-249;350-386; TARGETED_ROOT_SECOND_REVIEW:190-199
reference	8c5911e4a4b07b07e832e4bb0d5d8859e88b4a9b	Data/Scripts/016_UI/008_UI_Pokegear.rb	script	WP17 §3–7＋WP63 §2–6＋WP65 §3–8＋WP66-A/B/C＋WP67-A/B	已覆盖（UI 合同在案；训练家卡/控制帮助补提取附表待复审）	无具名行为剩余——训练家卡/控制帮助补提取附表 ReviewPending 待复审（具名保留）	MAPPED_REVIEWED_SCOPED	C	agents/C/C-06/reading-log.tsv	206	206	TRUE	仅认可所链接主审行为族与取证范围；整文件行段读完不等于每个分支/配置组合或运行结果已证。	-	agents/C/C-06/equivalence.tsv;agents/C/C-06/report.md;agents/C/C-06/source-coverage.tsv	full:1-206
reference	8c5911e4a4b07b07e832e4bb0d5d8859e88b4a9b	Data/Scripts/016_UI/009_UI_RegionMap.rb	script	WP17 §3–7＋WP63 §2–6＋WP65 §3–8＋WP66-A/B/C＋WP67-A/B	已覆盖（UI 合同在案；训练家卡/控制帮助补提取附表待复审）	无具名行为剩余——训练家卡/控制帮助补提取附表 ReviewPending 待复审（具名保留）	MAPPED_REVIEWED_SCOPED; OPEN_REQUIRED_REVISION_LINKED	B;C	agents/B/X-B-C06-RECHECK/reading-log.tsv;agents/C/C-02/reading-log.tsv;agents/C/C-06/reading-log.tsv	356	356	TRUE	仅认可所链接主审行为族与取证范围；整文件行段读完不等于每个分支/配置组合或运行结果已证。	GIR-FD82-C109;GIR-FD82-C110;GIR-FD82-C111	agents/B/X-B-C06-RECHECK/equivalence.tsv;agents/B/X-B-C06-RECHECK/report.md;agents/B/X-B-C06-RECHECK/source-coverage.tsv;agents/C/C-02/equivalence.tsv;agents/C/C-02/report.md;agents/C/C-02/source-coverage.tsv;agents/C/C-06/equivalence.tsv;agents/C/C-06/report.md;agents/C/C-06/source-coverage.tsv	explicit-bounded-static-read:77-104; explicit-bounded-static-read:94-100; explicit-bounded-static-read:127-132; explicit-bounded-static-read:183-230; explicit-bounded-static-read:232-257; explicit-bounded-static-read:133-155; explicit-bounded-static-read:294-322; targeted:172-234; full:1-356
reference	8c5911e4a4b07b07e832e4bb0d5d8859e88b4a9b	Data/Scripts/016_UI/010_UI_Phone.rb	script	WP17 §3–7＋WP63 §2–6＋WP65 §3–8＋WP66-A/B/C＋WP67-A/B	已覆盖（UI 合同在案；训练家卡/控制帮助补提取附表待复审）	无具名行为剩余——训练家卡/控制帮助补提取附表 ReviewPending 待复审（具名保留）	MAPPED_REVIEWED_SCOPED	C	agents/C/C-06/reading-log.tsv	271	271	TRUE	仅认可所链接主审行为族与取证范围；整文件行段读完不等于每个分支/配置组合或运行结果已证。	-	agents/C/C-06/equivalence.tsv;agents/C/C-06/report.md;agents/C/C-06/source-coverage.tsv	full:1-271
reference	8c5911e4a4b07b07e832e4bb0d5d8859e88b4a9b	Data/Scripts/016_UI/011_UI_Jukebox.rb	script	WP17 §3–7＋WP63 §2–6＋WP65 §3–8＋WP66-A/B/C＋WP67-A/B	已覆盖（UI 合同在案；训练家卡/控制帮助补提取附表待复审）	无具名行为剩余——训练家卡/控制帮助补提取附表 ReviewPending 待复审（具名保留）	MAPPED_REVIEWED_SCOPED; OPEN_REQUIRED_REVISION_LINKED	B;C	agents/B/X-B-C06-RECHECK/reading-log.tsv;agents/C/C-06/reading-log.tsv	149	149	TRUE	仅认可所链接主审行为族与取证范围；整文件行段读完不等于每个分支/配置组合或运行结果已证。	GIR-FD82-C020;GIR-FD82-C113	agents/B/X-B-C06-RECHECK/equivalence.tsv;agents/B/X-B-C06-RECHECK/report.md;agents/B/X-B-C06-RECHECK/source-coverage.tsv;agents/C/C-06/equivalence.tsv;agents/C/C-06/report.md;agents/C/C-06/source-coverage.tsv	explicit-bounded-static-read:84-104; explicit-bounded-static-read:125-140; explicit-bounded-static-read:105-127; full:1-149
reference	8c5911e4a4b07b07e832e4bb0d5d8859e88b4a9b	Data/Scripts/016_UI/012_UI_TrainerCard.rb	script	specs/ui/wp65-trainer-card-appendix.md	已补提取（场景/机制合同在案，待复审）	无行为剩余（附表 ReviewPending 待复审）	MAPPED_REVIEWED_SCOPED	A;C	agents/A/A-05/reading-log.tsv;agents/A/X-A-CONFIG-UI-COVERAGE/reading-log.tsv;agents/C/C-06/reading-log.tsv	111	111	TRUE	仅认可所链接主审行为族与取证范围；整文件行段读完不等于每个分支/配置组合或运行结果已证。	-	agents/A/A-05/equivalence.tsv;agents/A/A-05/report.md;agents/A/A-05/source-coverage.tsv;agents/A/X-A-CONFIG-UI-COVERAGE/report.md;agents/C/C-06/equivalence.tsv;agents/C/C-06/report.md;agents/C/C-06/source-coverage.tsv	targeted_current:50-84; FRESH_STATIC_TEXT:1-111; full:1-111
reference	8c5911e4a4b07b07e832e4bb0d5d8859e88b4a9b	Data/Scripts/016_UI/013_UI_Load.rb	script	WP17 §3–7＋WP63 §2–6＋WP65 §3–8＋WP66-A/B/C＋WP67-A/B	已覆盖（UI 合同在案；训练家卡/控制帮助补提取附表待复审）	无具名行为剩余——训练家卡/控制帮助补提取附表 ReviewPending 待复审（具名保留）	MAPPED_REVIEWED_SCOPED; OPEN_REQUIRED_REVISION_LINKED	A;C;ROOT	agents/A/A-01/reading-log.tsv;agents/A/A-02/reading-log.tsv;agents/A/A-05/reading-log.tsv;agents/A/A-08/reading-log.tsv;agents/A/X-A-WP79-NA-AUDIT/reading-log.tsv;agents/C/C-01-S1/reading-log.tsv;agents/C/C-06/reading-log.tsv;root/peer-reading-log.tsv	356	356	TRUE	仅认可所链接主审行为族与取证范围；整文件行段读完不等于每个分支/配置组合或运行结果已证。	GIR-FD82-A006;GIR-FD82-A015;GIR-FD82-A058	agents/A/A-01/equivalence.tsv;agents/A/A-01/report.md;agents/A/A-01/source-coverage.tsv;agents/A/A-02/equivalence.tsv;agents/A/A-02/report.md;agents/A/A-02/source-coverage.tsv;agents/A/A-05/equivalence.tsv;agents/A/A-05/report.md;agents/A/A-05/source-coverage.tsv;agents/A/A-08/equivalence.tsv;agents/A/A-08/report.md;agents/A/A-08/source-coverage.tsv;agents/A/X-A-WP79-NA-AUDIT/report.md;agents/A/X-A-WP79-NA-AUDIT/source-coverage.tsv;agents/C/C-01-S1/equivalence.tsv;agents/C/C-01-S1/report.md;agents/C/C-01-S1/source-coverage.tsv;agents/C/C-06/equivalence.tsv;agents/C/C-06/report.md;agents/C/C-06/source-coverage.tsv	targeted:285-346; targeted:190-356; same_agent_A-02_reuse:190-356; targeted:265-345; targeted_current:130-140;154-184; targeted-dependency:275-310;330-350; full:1-356; TARGETED_SECOND_REVIEW:334-342; TARGETED_SECOND_REVIEW:216-224; TARGETED_SECOND_REVIEW:281-288; TARGETED_EXTENSION_REVIEW:334-342; TARGETED_ROOT_SOURCE_SECOND_REVIEW:133-135;165-184
reference	8c5911e4a4b07b07e832e4bb0d5d8859e88b4a9b	Data/Scripts/016_UI/014_UI_Save.rb	script	WP17 §3–7＋WP63 §2–6＋WP65 §3–8＋WP66-A/B/C＋WP67-A/B	已覆盖（UI 合同在案；训练家卡/控制帮助补提取附表待复审）	无具名行为剩余——训练家卡/控制帮助补提取附表 ReviewPending 待复审（具名保留）	MAPPED_REVIEWED_SCOPED	A;C	agents/A/A-02/reading-log.tsv;agents/A/A-08/reading-log.tsv;agents/C/C-06/reading-log.tsv	139	139	TRUE	仅认可所链接主审行为族与取证范围；整文件行段读完不等于每个分支/配置组合或运行结果已证。	-	agents/A/A-02/equivalence.tsv;agents/A/A-02/report.md;agents/A/A-02/source-coverage.tsv;agents/A/A-08/equivalence.tsv;agents/A/A-08/report.md;agents/A/A-08/source-coverage.tsv;agents/C/C-06/equivalence.tsv;agents/C/C-06/report.md;agents/C/C-06/source-coverage.tsv	targeted:1-28;90-139; targeted:45-84; full:1-139
reference	8c5911e4a4b07b07e832e4bb0d5d8859e88b4a9b	Data/Scripts/016_UI/015_UI_Options.rb	script	WP17 §3–7＋WP63 §2–6＋WP65 §3–8＋WP66-A/B/C＋WP67-A/B	已覆盖（UI 合同在案；训练家卡/控制帮助补提取附表待复审）	无具名行为剩余——训练家卡/控制帮助补提取附表 ReviewPending 待复审（具名保留）	MAPPED_REVIEWED_SCOPED; OPEN_REQUIRED_REVISION_LINKED	A;B;C;ROOT	agents/A/A-05/reading-log.tsv;agents/B/B-01/reading-log.tsv;agents/B/B-09/reading-log.tsv;agents/B/X-B-C06-RECHECK/reading-log.tsv;agents/C/C-04/reading-log.tsv;agents/C/C-06/reading-log.tsv;root/peer-reading-log.tsv	544	544	TRUE	仅认可所链接主审行为族与取证范围；整文件行段读完不等于每个分支/配置组合或运行结果已证。	GIR-FD82-C058;GIR-FD82-C115	agents/A/A-05/equivalence.tsv;agents/A/A-05/report.md;agents/A/A-05/source-coverage.tsv;agents/B/B-01/equivalence.tsv;agents/B/B-01/report.md;agents/B/B-01/source-coverage.tsv;agents/B/B-09/equivalence.tsv;agents/B/B-09/report.md;agents/B/B-09/source-coverage.tsv;agents/B/X-B-C06-RECHECK/equivalence.tsv;agents/B/X-B-C06-RECHECK/report.md;agents/B/X-B-C06-RECHECK/source-coverage.tsv;agents/C/C-04/equivalence.tsv;agents/C/C-04/report.md;agents/C/C-04/source-coverage.tsv;agents/C/C-06/equivalence.tsv;agents/C/C-06/report.md;agents/C/C-06/source-coverage.tsv	targeted_current:1-37; targeted:1-45;464-490; bounded-substantive:1-34;432-492; explicit-bounded-static-read:27-28; explicit-bounded-static-read:348-354; explicit-bounded-static-read:532-544; explicit-bounded-static-read:401-418; explicit-bounded-static-read:285-307; explicit-bounded-static-read:166-179; targeted:1-57;371-435; full:1-544; TARGETED_SECOND_REVIEW:401-418
reference	8c5911e4a4b07b07e832e4bb0d5d8859e88b4a9b	Data/Scripts/016_UI/016_UI_ReadyMenu.rb	script	WP17 §3–7＋WP63 §2–6＋WP65 §3–8＋WP66-A/B/C＋WP67-A/B	已覆盖（UI 合同在案；训练家卡/控制帮助补提取附表待复审）	无具名行为剩余——训练家卡/控制帮助补提取附表 ReviewPending 待复审（具名保留）	MAPPED_REVIEWED_SCOPED	A;C	agents/A/A-06/reading-log.tsv;agents/C/C-05/reading-log.tsv;agents/C/C-06/reading-log.tsv	331	331	TRUE	仅认可所链接主审行为族与取证范围；整文件行段读完不等于每个分支/配置组合或运行结果已证。	-	agents/A/A-06/equivalence.tsv;agents/A/A-06/report.md;agents/A/A-06/source-coverage.tsv;agents/C/C-05/equivalence.tsv;agents/C/C-05/report.md;agents/C/C-05/source-coverage.tsv;agents/C/C-06/equivalence.tsv;agents/C/C-06/report.md;agents/C/C-06/source-coverage.tsv	targeted_current:245-331; targeted:225-331; full:1-331
reference	8c5911e4a4b07b07e832e4bb0d5d8859e88b4a9b	Data/Scripts/016_UI/017_UI_PokemonStorage.rb	script	WP17 §3–7＋WP63 §2–6＋WP65 §3–8＋WP66-A/B/C＋WP67-A/B	已覆盖（UI 合同在案；训练家卡/控制帮助补提取附表待复审）	无具名行为剩余——训练家卡/控制帮助补提取附表 ReviewPending 待复审（具名保留）	MAPPED_REVIEWED_SCOPED; OPEN_REQUIRED_REVISION_LINKED	A;B;C;ROOT	agents/A/A-03/reading-log.tsv;agents/A/A-04/reading-log.tsv;agents/A/A-05/reading-log.tsv;agents/A/A-07/reading-log.tsv;agents/B/X-B-ITEM-UI/reading-log.tsv;agents/C/C-01-S1/reading-log.tsv;agents/C/C-06/reading-log.tsv;agents/C/C-07/reading-log.tsv;root/peer-reading-log.tsv;root/reading-supplement.tsv	2022	2022	TRUE	仅认可所链接主审行为族与取证范围；整文件行段读完不等于每个分支/配置组合或运行结果已证。	GIR-FD82-004;GIR-FD82-A035;GIR-FD82-C118;GIR-FD82-C120;GIR-FD82-C125	agents/A/A-03/equivalence.tsv;agents/A/A-03/report.md;agents/A/A-03/source-coverage.tsv;agents/A/A-04/equivalence.tsv;agents/A/A-04/report.md;agents/A/A-04/source-coverage.tsv;agents/A/A-05/equivalence.tsv;agents/A/A-05/report.md;agents/A/A-05/source-coverage.tsv;agents/A/A-07/equivalence.tsv;agents/A/A-07/report.md;agents/A/A-07/source-coverage.tsv;agents/B/X-B-ITEM-UI/equivalence.tsv;agents/B/X-B-ITEM-UI/report.md;agents/C/C-01-S1/equivalence.tsv;agents/C/C-01-S1/report.md;agents/C/C-01-S1/source-coverage.tsv;agents/C/C-06/equivalence.tsv;agents/C/C-06/report.md;agents/C/C-06/source-coverage.tsv;agents/C/C-07/equivalence.tsv;agents/C/C-07/report.md;agents/C/C-07/source-coverage.tsv	targeted:1740-1759;1789-1811;1824-1842; targeted:830-945;1310-1420;1960-2022; targeted_current:1110-1220;1390-1910; targeted:1741-1762;1792-1810;1822-1843; explicit-bounded-static-read:1500-1660;1705-1843;1936-2022; explicit-bounded-static-read:837-938;1054-1063;1314-1392; targeted-dependency:1545-1582; targeted-dependency:1195-1216; targeted:1743-1767;1792-1810;1823-1846; full_static:1-2022; TARGETED_SECOND_REVIEW:1705-1722; TARGETED_ROOT_SECOND_REVIEW:24-42; TARGETED_ROOT_SECOND_REVIEW:378-396;424-434;593-613;1020-1062; TARGETED_ROOT_SECOND_REVIEW:1724-1767; TARGETED_STATIC:1450-1540;1680-1882;1948-2022
reference	8c5911e4a4b07b07e832e4bb0d5d8859e88b4a9b	Data/Scripts/016_UI/018_UI_ItemStorage.rb	script	WP17 §3–7＋WP63 §2–6＋WP65 §3–8＋WP66-A/B/C＋WP67-A/B	已覆盖（UI 合同在案；训练家卡/控制帮助补提取附表待复审）	无具名行为剩余——训练家卡/控制帮助补提取附表 ReviewPending 待复审（具名保留）	MAPPED_REVIEWED_SCOPED	A;C	agents/A/A-06/reading-log.tsv;agents/C/C-07/reading-log.tsv	376	376	TRUE	仅认可所链接主审行为族与取证范围；整文件行段读完不等于每个分支/配置组合或运行结果已证。	-	agents/A/A-06/equivalence.tsv;agents/A/A-06/report.md;agents/A/A-06/source-coverage.tsv;agents/C/C-07/equivalence.tsv;agents/C/C-07/report.md;agents/C/C-07/source-coverage.tsv	full_current:1-376; full_static:1-376
reference	8c5911e4a4b07b07e832e4bb0d5d8859e88b4a9b	Data/Scripts/016_UI/019_UI_PC.rb	script	WP17 §3–7＋WP63 §2–6＋WP65 §3–8＋WP66-A/B/C＋WP67-A/B	已覆盖（UI 合同在案；训练家卡/控制帮助补提取附表待复审）	无具名行为剩余——训练家卡/控制帮助补提取附表 ReviewPending 待复审（具名保留）	MAPPED_REVIEWED_SCOPED; OPEN_REQUIRED_REVISION_LINKED	A;C;ROOT	agents/A/A-05/reading-log.tsv;agents/A/A-06/reading-log.tsv;agents/A/A-08/reading-log.tsv;agents/C/C-01-S1/reading-log.tsv;agents/C/C-06/reading-log.tsv;agents/C/C-07/reading-log.tsv;root/peer-reading-log.tsv	237	237	TRUE	仅认可所链接主审行为族与取证范围；整文件行段读完不等于每个分支/配置组合或运行结果已证。	GIR-FD82-C008	agents/A/A-05/equivalence.tsv;agents/A/A-05/report.md;agents/A/A-05/source-coverage.tsv;agents/A/A-06/equivalence.tsv;agents/A/A-06/report.md;agents/A/A-06/source-coverage.tsv;agents/A/A-08/equivalence.tsv;agents/A/A-08/report.md;agents/A/A-08/source-coverage.tsv;agents/C/C-01-S1/equivalence.tsv;agents/C/C-01-S1/report.md;agents/C/C-01-S1/source-coverage.tsv;agents/C/C-06/equivalence.tsv;agents/C/C-06/report.md;agents/C/C-06/source-coverage.tsv;agents/C/C-07/equivalence.tsv;agents/C/C-07/report.md;agents/C/C-07/source-coverage.tsv	targeted_current:160-235; full_current:1-237; targeted:30-139; full_reused:1-237; targeted-dependency:134-172; full:1-237; full_static:1-237; TARGETED_SECOND_REVIEW:134-154
reference	8c5911e4a4b07b07e832e4bb0d5d8859e88b4a9b	Data/Scripts/016_UI/020_UI_PokeMart.rb	script	WP17 §3–7＋WP63 §2–6＋WP65 §3–8＋WP66-A/B/C＋WP67-A/B	已覆盖（UI 合同在案；训练家卡/控制帮助补提取附表待复审）	无具名行为剩余——训练家卡/控制帮助补提取附表 ReviewPending 待复审（具名保留）	MAPPED_REVIEWED_SCOPED; OPEN_REQUIRED_REVISION_LINKED	A;B;C;ROOT	agents/A/A-02/reading-log.tsv;agents/A/A-05/reading-log.tsv;agents/A/A-06/reading-log.tsv;agents/B/X-B-ITEM-UI/reading-log.tsv;agents/C/C-07/reading-log.tsv;root/peer-reading-log.tsv;root/reading-supplement.tsv	748	748	TRUE	仅认可所链接主审行为族与取证范围；整文件行段读完不等于每个分支/配置组合或运行结果已证。	GIR-FD82-A043;GIR-FD82-B035;GIR-FD82-C118	agents/A/A-02/equivalence.tsv;agents/A/A-02/report.md;agents/A/A-02/source-coverage.tsv;agents/A/A-05/equivalence.tsv;agents/A/A-05/report.md;agents/A/A-05/source-coverage.tsv;agents/A/A-06/equivalence.tsv;agents/A/A-06/report.md;agents/A/A-06/source-coverage.tsv;agents/B/X-B-ITEM-UI/equivalence.tsv;agents/B/X-B-ITEM-UI/report.md;agents/C/C-07/equivalence.tsv;agents/C/C-07/report.md;agents/C/C-07/source-coverage.tsv	targeted:600-725; targeted_current:1-21; full_current:1-748; explicit-bounded-static-read:15-35;84-98;598-748; explicit-bounded-static-read:1-15; full_static:1-748; TARGETED_SECOND_REVIEW:477-538; TARGETED_SECOND_REVIEW:678-710; TARGETED_SECOND_REVIEW:598-677;89-95; TARGETED_ROOT_SECOND_REVIEW:226-235;242-253; TARGETED_STATIC:598-746
reference	8c5911e4a4b07b07e832e4bb0d5d8859e88b4a9b	Data/Scripts/016_UI/021_UI_BattlePointShop.rb	script	WP17 §3–7＋WP63 §2–6＋WP65 §3–8＋WP66-A/B/C＋WP67-A/B	已覆盖（UI 合同在案；训练家卡/控制帮助补提取附表待复审）	无具名行为剩余——训练家卡/控制帮助补提取附表 ReviewPending 待复审（具名保留）	MAPPED_REVIEWED_SCOPED; OPEN_REQUIRED_REVISION_LINKED	A;B;C;ROOT	agents/A/A-02/reading-log.tsv;agents/A/A-05/reading-log.tsv;agents/A/A-06/reading-log.tsv;agents/B/X-B-ITEM-UI/reading-log.tsv;agents/C/C-07/reading-log.tsv;root/peer-reading-log.tsv;root/reading-supplement.tsv	525	525	TRUE	仅认可所链接主审行为族与取证范围；整文件行段读完不等于每个分支/配置组合或运行结果已证。	GIR-FD82-B035;GIR-FD82-C118	agents/A/A-02/equivalence.tsv;agents/A/A-02/report.md;agents/A/A-02/source-coverage.tsv;agents/A/A-05/equivalence.tsv;agents/A/A-05/report.md;agents/A/A-05/source-coverage.tsv;agents/A/A-06/equivalence.tsv;agents/A/A-06/report.md;agents/A/A-06/source-coverage.tsv;agents/B/X-B-ITEM-UI/equivalence.tsv;agents/B/X-B-ITEM-UI/report.md;agents/C/C-07/equivalence.tsv;agents/C/C-07/report.md;agents/C/C-07/source-coverage.tsv	targeted:448-510; targeted_current:1-22; full_current:1-525; explicit-bounded-static-read:5-28;80-90;446-525; full_static:1-525; TARGETED_SECOND_REVIEW:332-352;360-382; TARGETED_SECOND_REVIEW:446-505;82-88; TARGETED_ROOT_SECOND_REVIEW:141-150;157-167; TARGETED_STATIC:446-519
reference	8c5911e4a4b07b07e832e4bb0d5d8859e88b4a9b	Data/Scripts/016_UI/022_UI_MoveRelearner.rb	script	WP17 §3–7＋WP63 §2–6＋WP65 §3–8＋WP66-A/B/C＋WP67-A/B	已覆盖（UI 合同在案；训练家卡/控制帮助补提取附表待复审）	无具名行为剩余——训练家卡/控制帮助补提取附表 ReviewPending 待复审（具名保留）	MAPPED_REVIEWED_SCOPED; OPEN_REQUIRED_REVISION_LINKED	A;C;ROOT	agents/A/A-02/reading-log.tsv;agents/A/A-03/reading-log.tsv;agents/A/A-06/reading-log.tsv;agents/A/A-07/reading-log.tsv;agents/C/C-07/reading-log.tsv;root/peer-reading-log.tsv	199	199	TRUE	仅认可所链接主审行为族与取证范围；整文件行段读完不等于每个分支/配置组合或运行结果已证。	GIR-FD82-A024;GIR-FD82-A044;GIR-FD82-A048;GIR-FD82-C003	agents/A/A-02/equivalence.tsv;agents/A/A-02/report.md;agents/A/A-02/source-coverage.tsv;agents/A/A-03/equivalence.tsv;agents/A/A-03/report.md;agents/A/A-03/source-coverage.tsv;agents/A/A-06/equivalence.tsv;agents/A/A-06/report.md;agents/A/A-06/source-coverage.tsv;agents/A/A-07/equivalence.tsv;agents/A/A-07/report.md;agents/A/A-07/source-coverage.tsv;agents/C/C-07/equivalence.tsv;agents/C/C-07/report.md;agents/C/C-07/source-coverage.tsv	targeted:163-190; targeted:135-179; targeted_current:138-166;177-199; full:1-199; full_static:1-199; TARGETED_SECOND_REVIEW:150-165; TARGETED_SECOND_REVIEW:150-164; TARGETED_SECOND_REVIEW:19-49; TARGETED_SECOND_REVIEW:52-107; TARGETED_SECOND_REVIEW:150-199; TARGETED_ROOT_SECOND_REVIEW:150-164
reference	8c5911e4a4b07b07e832e4bb0d5d8859e88b4a9b	Data/Scripts/016_UI/023_UI_PurifyChamber.rb	script	WP17 §3–7＋WP63 §2–6＋WP65 §3–8＋WP66-A/B/C＋WP67-A/B	已覆盖（UI 合同在案；训练家卡/控制帮助补提取附表待复审）	无具名行为剩余——训练家卡/控制帮助补提取附表 ReviewPending 待复审（具名保留）	MAPPED_REVIEWED_SCOPED	A;B;C;ROOT	agents/A/A-04/reading-log.tsv;agents/A/A-05/reading-log.tsv;agents/A/X-A-FORM-SHADOW-SUPPLEMENT/comparison-reading-log.tsv;agents/A/X-A-FORM-SHADOW-SUPPLEMENT/reading-log.tsv;agents/B/B-01/reading-log.tsv;agents/B/X-B-ITEM-UI/reading-log.tsv;agents/B/X-B-LIFE-STEP/reading-log.tsv;agents/C/C-01-S1/reading-log.tsv;agents/C/C-06/reading-log.tsv;agents/C/C-07/reading-log.tsv;agents/C/X-C-FORM-SHADOW/reading-log.tsv;root/reading-supplement.tsv	1308	1308	TRUE	仅认可所链接主审行为族与取证范围；整文件行段读完不等于每个分支/配置组合或运行结果已证。	-	agents/A/A-04/equivalence.tsv;agents/A/A-04/report.md;agents/A/A-04/source-coverage.tsv;agents/A/A-05/equivalence.tsv;agents/A/A-05/report.md;agents/A/A-05/source-coverage.tsv;agents/B/B-01/equivalence.tsv;agents/B/B-01/report.md;agents/B/B-01/source-coverage.tsv;agents/B/X-B-ITEM-UI/equivalence.tsv;agents/B/X-B-ITEM-UI/report.md;agents/B/X-B-LIFE-STEP/report.md;agents/B/X-B-LIFE-STEP/source-coverage.tsv;agents/C/C-01-S1/equivalence.tsv;agents/C/C-01-S1/report.md;agents/C/C-01-S1/source-coverage.tsv;agents/C/C-06/equivalence.tsv;agents/C/C-06/report.md;agents/C/C-06/source-coverage.tsv;agents/C/C-07/equivalence.tsv;agents/C/C-07/report.md;agents/C/C-07/source-coverage.tsv;agents/C/X-C-FORM-SHADOW/source-coverage.tsv	targeted:1-628;834-938;1040-1090;1117-1308; same_agent_A-04_reuse:1-628;834-938;1040-1090;1117-1308; A-04_named_reuse_with_current_targeted_ranges:348-628; same_agent_named_reuse:1-628;834-938;1040-1090;1117-1308; targeted_current_reread:200-263;340-475;548-628;1035-1090;1110-1135;1230-1308; targeted:1-18; explicit-bounded-static-read:320-640;1273-1279; explicit-bounded-static-read:234-250;1168-1200;1273-1295; bounded:1-285; targeted-dependency:15-25;1280-1290; targeted-dependency:1287-1301; targeted:1283-1308; full_static:1-1308; prior-full+fresh-targeted:1-1308 reused C-07; fresh 219-255;277-322;348-365;533-633;1065-1079;1120-1134; TARGETED_STATIC:550-601; TARGETED_STATIC:295-652;1168-1232;1270-1286
reference	8c5911e4a4b07b07e832e4bb0d5d8859e88b4a9b	Data/Scripts/016_UI/024_UI_MysteryGift.rb	script	WP17 §3–7＋WP63 §2–6＋WP65 §3–8＋WP66-A/B/C＋WP67-A/B	已覆盖（UI 合同在案；训练家卡/控制帮助补提取附表待复审）	无具名行为剩余——训练家卡/控制帮助补提取附表 ReviewPending 待复审（具名保留）	MAPPED_REVIEWED_SCOPED; OPEN_REQUIRED_REVISION_LINKED	A;ROOT	agents/A/A-02/reading-log.tsv;agents/A/A-03/reading-log.tsv;agents/A/A-05/reading-log.tsv;agents/A/A-06/reading-log.tsv;agents/A/A-08/reading-log.tsv;root/peer-reading-log.tsv	428	428	TRUE	仅认可所链接主审行为族与取证范围；整文件行段读完不等于每个分支/配置组合或运行结果已证。	GIR-FD82-A057	agents/A/A-02/equivalence.tsv;agents/A/A-02/report.md;agents/A/A-02/source-coverage.tsv;agents/A/A-03/equivalence.tsv;agents/A/A-03/report.md;agents/A/A-03/source-coverage.tsv;agents/A/A-05/equivalence.tsv;agents/A/A-05/report.md;agents/A/A-05/source-coverage.tsv;agents/A/A-06/equivalence.tsv;agents/A/A-06/report.md;agents/A/A-06/source-coverage.tsv;agents/A/A-08/equivalence.tsv;agents/A/A-08/report.md;agents/A/A-08/source-coverage.tsv	targeted:130-170;236-280; targeted:355-392; targeted_current:365-411; targeted_current:386-428; full:1-428; TARGETED_SECOND_REVIEW:17-42; TARGETED_SECOND_REVIEW:85-97; TARGETED_SECOND_REVIEW:174-215; TARGETED_SECOND_REVIEW:361-397
reference	8c5911e4a4b07b07e832e4bb0d5d8859e88b4a9b	Data/Scripts/016_UI/025_UI_TextEntry.rb	script	WP17 §3–7＋WP63 §2–6＋WP65 §3–8＋WP66-A/B/C＋WP67-A/B	已覆盖（UI 合同在案；训练家卡/控制帮助补提取附表待复审）	无具名行为剩余——训练家卡/控制帮助补提取附表 ReviewPending 待复审（具名保留）	MAPPED_REVIEWED_SCOPED; OPEN_REQUIRED_REVISION_LINKED	A;B;C;ROOT	agents/A/A-05/reading-log.tsv;agents/A/A-08/reading-log.tsv;agents/A/X-A-WP79-NA-AUDIT/reading-log.tsv;agents/B/B-09/reading-log.tsv;agents/B/X-B-LIFE-STEP/reading-log.tsv;agents/C/C-04/reading-log.tsv;root/peer-reading-log.tsv	786	786	TRUE	仅认可所链接主审行为族与取证范围；整文件行段读完不等于每个分支/配置组合或运行结果已证。	GIR-FD82-A058;GIR-FD82-C072;GIR-FD82-C073	agents/A/A-05/equivalence.tsv;agents/A/A-05/report.md;agents/A/A-05/source-coverage.tsv;agents/A/A-08/equivalence.tsv;agents/A/A-08/report.md;agents/A/A-08/source-coverage.tsv;agents/A/X-A-WP79-NA-AUDIT/report.md;agents/A/X-A-WP79-NA-AUDIT/source-coverage.tsv;agents/B/B-09/equivalence.tsv;agents/B/B-09/report.md;agents/B/B-09/source-coverage.tsv;agents/B/X-B-LIFE-STEP/report.md;agents/B/X-B-LIFE-STEP/source-coverage.tsv;agents/C/C-04/equivalence.tsv;agents/C/C-04/report.md;agents/C/C-04/source-coverage.tsv	targeted_current:162-202;653-718;741-786; targeted:180-256;666-786; targeted_current:118-224;400-458;550-570; bounded-substantive:776-778; bounded:180-200;666-703;754-782; full:1-786; TARGETED_SECOND_REVIEW:569-664; TARGETED_SECOND_REVIEW:666-682; TARGETED_SECOND_REVIEW:460-488; TARGETED_SECOND_REVIEW:554-566; TARGETED_SECOND_REVIEW:180-198; TARGETED_SECOND_REVIEW:754-769; TARGETED_SECOND_REVIEW:83-134;682-707; TARGETED_ROOT_SOURCE_SECOND_REVIEW:118-224;400-457;554-567
reference	8c5911e4a4b07b07e832e4bb0d5d8859e88b4a9b	Data/Scripts/017_Minigames/001_Minigame_Duel.rb	script	WP68 §2–6＋WP68 §T-A–G＋WP69 §S-A–F＋WP69 §V-A–E＋WP70 §L-A–E＋WP70 §M-A–F＋WP71 §2–6	已覆盖（小游戏合同在案）	无具名行为剩余	MAPPED_REVIEWED_SCOPED	C	agents/C/C-08/reading-log.tsv	394	394	TRUE	仅认可所链接主审行为族与取证范围；整文件行段读完不等于每个分支/配置组合或运行结果已证。	-	agents/C/C-08/equivalence.tsv;agents/C/C-08/report.md;agents/C/C-08/source-coverage.tsv	full:1-394
reference	8c5911e4a4b07b07e832e4bb0d5d8859e88b4a9b	Data/Scripts/017_Minigames/002_Minigame_TripleTriad.rb	script	WP68 §2–6＋WP68 §T-A–G＋WP69 §S-A–F＋WP69 §V-A–E＋WP70 §L-A–E＋WP70 §M-A–F＋WP71 §2–6	已覆盖（小游戏合同在案）	无具名行为剩余	MAPPED_REVIEWED_SCOPED; OPEN_REQUIRED_REVISION_LINKED	A;B;C;ROOT	agents/A/A-05/reading-log.tsv;agents/A/A-06/reading-log.tsv;agents/B/X-B-C08-RECHECK/reading-log.tsv;agents/C/C-08/reading-log.tsv;root/peer-reading-log.tsv	1300	1300	TRUE	仅认可所链接主审行为族与取证范围；整文件行段读完不等于每个分支/配置组合或运行结果已证。	GIR-FD82-C127;GIR-FD82-C128	agents/A/A-05/equivalence.tsv;agents/A/A-05/report.md;agents/A/A-05/source-coverage.tsv;agents/A/A-06/equivalence.tsv;agents/A/A-06/report.md;agents/A/A-06/source-coverage.tsv;agents/B/X-B-C08-RECHECK/equivalence.tsv;agents/B/X-B-C08-RECHECK/report.md;agents/B/X-B-C08-RECHECK/source-coverage.tsv;agents/C/C-08/equivalence.tsv;agents/C/C-08/report.md;agents/C/C-08/source-coverage.tsv	targeted_current:1090-1130;1205-1224; targeted_current:624-650;997-1040; explicit-bounded-static-read:717-724; explicit-bounded-static-read:751-759; explicit-bounded-static-read:258-263; explicit-bounded-static-read:1003-1035; explicit-bounded-static-read:608-648; explicit-bounded-static-read:696-717; explicit-bounded-static-read:724-751; explicit-bounded-static-read:981-1005; explicit-bounded-static-read:1036-1063; explicit-bounded-static-read:589-608; full:1-1300; TARGETED_ROOT_SECOND_REVIEW:371-404;407-449;810-814;851-858
reference	8c5911e4a4b07b07e832e4bb0d5d8859e88b4a9b	Data/Scripts/017_Minigames/003_Minigame_SlotMachine.rb	script	WP68 §2–6＋WP68 §T-A–G＋WP69 §S-A–F＋WP69 §V-A–E＋WP70 §L-A–E＋WP70 §M-A–F＋WP71 §2–6	已覆盖（小游戏合同在案）	无具名行为剩余	MAPPED_REVIEWED_SCOPED	A;C	agents/A/A-02/reading-log.tsv;agents/A/A-05/reading-log.tsv;agents/C/C-08/reading-log.tsv	456	456	TRUE	仅认可所链接主审行为族与取证范围；整文件行段读完不等于每个分支/配置组合或运行结果已证。	-	agents/A/A-02/equivalence.tsv;agents/A/A-02/report.md;agents/A/A-02/source-coverage.tsv;agents/A/A-05/equivalence.tsv;agents/A/A-05/report.md;agents/A/A-05/source-coverage.tsv;agents/C/C-08/equivalence.tsv;agents/C/C-08/report.md;agents/C/C-08/source-coverage.tsv	targeted:399-431; targeted_current:399-420; full:1-456
reference	8c5911e4a4b07b07e832e4bb0d5d8859e88b4a9b	Data/Scripts/017_Minigames/004_Minigame_VoltorbFlip.rb	script	WP68 §2–6＋WP68 §T-A–G＋WP69 §S-A–F＋WP69 §V-A–E＋WP70 §L-A–E＋WP70 §M-A–F＋WP71 §2–6	已覆盖（小游戏合同在案）	无具名行为剩余	MAPPED_REVIEWED_SCOPED	A;C	agents/A/A-02/reading-log.tsv;agents/A/A-05/reading-log.tsv;agents/C/C-08/reading-log.tsv	705	705	TRUE	仅认可所链接主审行为族与取证范围；整文件行段读完不等于每个分支/配置组合或运行结果已证。	-	agents/A/A-02/equivalence.tsv;agents/A/A-02/report.md;agents/A/A-02/source-coverage.tsv;agents/A/A-05/equivalence.tsv;agents/A/A-05/report.md;agents/A/A-05/source-coverage.tsv;agents/C/C-08/equivalence.tsv;agents/C/C-08/report.md;agents/C/C-08/source-coverage.tsv	targeted:458-488;503-533; targeted_current:460-477;508-519; full:1-705
reference	8c5911e4a4b07b07e832e4bb0d5d8859e88b4a9b	Data/Scripts/017_Minigames/005_Minigame_Lottery.rb	script	WP68 §2–6＋WP68 §T-A–G＋WP69 §S-A–F＋WP69 §V-A–E＋WP70 §L-A–E＋WP70 §M-A–F＋WP71 §2–6	已覆盖（小游戏合同在案）	无具名行为剩余	MAPPED_REVIEWED_SCOPED	A;C	agents/A/A-02/reading-log.tsv;agents/C/C-08/reading-log.tsv	46	46	TRUE	仅认可所链接主审行为族与取证范围；整文件行段读完不等于每个分支/配置组合或运行结果已证。	-	agents/A/A-02/equivalence.tsv;agents/A/A-02/report.md;agents/A/A-02/source-coverage.tsv;agents/C/C-08/equivalence.tsv;agents/C/C-08/report.md;agents/C/C-08/source-coverage.tsv	targeted:1-35; full:1-46
reference	8c5911e4a4b07b07e832e4bb0d5d8859e88b4a9b	Data/Scripts/017_Minigames/006_Minigame_Mining.rb	script	WP68 §2–6＋WP68 §T-A–G＋WP69 §S-A–F＋WP69 §V-A–E＋WP70 §L-A–E＋WP70 §M-A–F＋WP71 §2–6	已覆盖（小游戏合同在案）	无具名行为剩余	MAPPED_REVIEWED_SCOPED	C	agents/C/C-08/reading-log.tsv	645	645	TRUE	仅认可所链接主审行为族与取证范围；整文件行段读完不等于每个分支/配置组合或运行结果已证。	-	agents/C/C-08/equivalence.tsv;agents/C/C-08/report.md;agents/C/C-08/source-coverage.tsv	full:1-645
reference	8c5911e4a4b07b07e832e4bb0d5d8859e88b4a9b	Data/Scripts/017_Minigames/007_Minigame_TilePuzzles.rb	script	WP68 §2–6＋WP68 §T-A–G＋WP69 §S-A–F＋WP69 §V-A–E＋WP70 §L-A–E＋WP70 §M-A–F＋WP71 §2–6	已覆盖（小游戏合同在案）	无具名行为剩余	MAPPED_REVIEWED_SCOPED; OPEN_REQUIRED_REVISION_LINKED	B;C;ROOT	agents/B/X-B-C08-RECHECK/reading-log.tsv;agents/C/C-08/reading-log.tsv;root/peer-reading-log.tsv	608	608	TRUE	仅认可所链接主审行为族与取证范围；整文件行段读完不等于每个分支/配置组合或运行结果已证。	GIR-FD82-C003;GIR-FD82-C129;GIR-FD82-C130;GIR-FD82-C131	agents/B/X-B-C08-RECHECK/equivalence.tsv;agents/B/X-B-C08-RECHECK/report.md;agents/B/X-B-C08-RECHECK/source-coverage.tsv;agents/C/C-08/equivalence.tsv;agents/C/C-08/report.md;agents/C/C-08/source-coverage.tsv	explicit-bounded-static-read:189-207; explicit-bounded-static-read:351-367; explicit-bounded-static-read:412-480; explicit-bounded-static-read:503-509; explicit-bounded-static-read:90-95; explicit-bounded-static-read:189-238; explicit-bounded-static-read:503-541; explicit-bounded-static-read:543-569; explicit-bounded-static-read:497-509; explicit-bounded-static-read:96-189; explicit-bounded-static-read:250-356; explicit-bounded-static-read:571-608; explicit-bounded-static-read:1-89; explicit-bounded-static-read:239-249; full:1-608; TARGETED_ROOT_SECOND_REVIEW:42-82;97-138;140-146;544
reference	8c5911e4a4b07b07e832e4bb0d5d8859e88b4a9b	Data/Scripts/018_Alternate battle modes/001_Battle Frontier/001_Challenge_BattleChallenge.rb	script	WP53 §3–7＋WP54 §2–6＋WP55 §2–4＋WP56 §2–4＋WP57 §2–4＋WP58 §2–6＋WP76 §3–8	已覆盖（特殊模式/设施合同在案）	无具名行为剩余	MAPPED_REVIEWED_SCOPED; OPEN_REQUIRED_REVISION_LINKED	A;B;ROOT	agents/A/X-A-FACILITY-RESTORE/reading-log.tsv;agents/B/B-07/reading-log.tsv;agents/B/B-08/reading-log.tsv;agents/B/B-09/reading-log.tsv;root/peer-reading-log.tsv;root/reading-supplement.tsv	429	429	TRUE	仅认可所链接主审行为族与取证范围；整文件行段读完不等于每个分支/配置组合或运行结果已证。	GIR-FD82-B027	agents/B/B-07/equivalence.tsv;agents/B/B-07/report.md;agents/B/B-07/source-coverage.tsv;agents/B/B-08/equivalence.tsv;agents/B/B-08/report.md;agents/B/B-08/source-coverage.tsv;agents/B/B-09/equivalence.tsv;agents/B/B-09/report.md;agents/B/B-09/source-coverage.tsv	fresh full:1–429; full:1-429; reused-full:1-429; bounded-substantive:1-135;198-280;365-429; bounded-substantive:1-80; TARGETED_SECOND_REVIEW:131-136;200-229; TARGETED_STATIC:195-345
reference	8c5911e4a4b07b07e832e4bb0d5d8859e88b4a9b	Data/Scripts/018_Alternate battle modes/001_Battle Frontier/002_Challenge_Data.rb	script	WP53 §3–7＋WP54 §2–6＋WP55 §2–4＋WP56 §2–4＋WP57 §2–4＋WP58 §2–6＋WP76 §3–8	已覆盖（特殊模式/设施合同在案）	无具名行为剩余	MAPPED_REVIEWED_SCOPED; OPEN_REQUIRED_REVISION_LINKED	A;B;C;ROOT	agents/A/A-03/reading-log.tsv;agents/A/A-06/reading-log.tsv;agents/A/X-A-FACILITY-RESTORE/reading-log.tsv;agents/B/B-07/reading-log.tsv;agents/B/B-08/reading-log.tsv;agents/B/B-09/reading-log.tsv;agents/C/C-02/reading-log.tsv;agents/C/C-07/reading-log.tsv;root/peer-reading-log.tsv	219	219	TRUE	仅认可所链接主审行为族与取证范围；整文件行段读完不等于每个分支/配置组合或运行结果已证。	GIR-FD82-A040;GIR-FD82-B027	agents/A/A-03/equivalence.tsv;agents/A/A-03/report.md;agents/A/A-03/source-coverage.tsv;agents/A/A-06/equivalence.tsv;agents/A/A-06/report.md;agents/A/A-06/source-coverage.tsv;agents/B/B-07/equivalence.tsv;agents/B/B-07/report.md;agents/B/B-07/source-coverage.tsv;agents/B/B-08/equivalence.tsv;agents/B/B-08/report.md;agents/B/B-08/source-coverage.tsv;agents/B/B-09/equivalence.tsv;agents/B/B-09/report.md;agents/B/B-09/source-coverage.tsv;agents/C/C-02/equivalence.tsv;agents/C/C-02/report.md;agents/C/C-02/source-coverage.tsv;agents/C/C-07/equivalence.tsv;agents/C/C-07/report.md;agents/C/C-07/source-coverage.tsv	targeted:95-219; full_current:1-219; targeted fresh plus own fixed full reuse:1–100 fresh;1–219 A-06 reuse; full:1-219; reused-full:1-219; full-reread:1-219; targeted:1-42; targeted_static_dependency:30-55; TARGETED_SECOND_REVIEW:114-138; TARGETED_SECOND_REVIEW:201-217; TARGETED_SECOND_REVIEW:38-50
reference	8c5911e4a4b07b07e832e4bb0d5d8859e88b4a9b	Data/Scripts/018_Alternate battle modes/001_Battle Frontier/003_Challenge_ChooseFoes.rb	script	WP53 §3–7＋WP54 §2–6＋WP55 §2–4＋WP56 §2–4＋WP57 §2–4＋WP58 §2–6＋WP76 §3–8	已覆盖（特殊模式/设施合同在案）	无具名行为剩余	MAPPED_REVIEWED_SCOPED	A;B	agents/A/A-03/reading-log.tsv;agents/A/X-A-FACILITY-RESTORE/reading-log.tsv;agents/B/B-07/reading-log.tsv;agents/B/B-08/reading-log.tsv	164	164	TRUE	仅认可所链接主审行为族与取证范围；整文件行段读完不等于每个分支/配置组合或运行结果已证。	-	agents/A/A-03/equivalence.tsv;agents/A/A-03/report.md;agents/A/A-03/source-coverage.tsv;agents/B/B-07/equivalence.tsv;agents/B/B-07/report.md;agents/B/B-07/source-coverage.tsv;agents/B/B-08/equivalence.tsv;agents/B/B-08/report.md;agents/B/B-08/source-coverage.tsv	targeted:59-85;140-168; fresh full:1–164; full:1-164; reused-full:1-164; bounded-substantive:88-164
reference	8c5911e4a4b07b07e832e4bb0d5d8859e88b4a9b	Data/Scripts/018_Alternate battle modes/001_Battle Frontier/004_Challenge_Battles.rb	script	WP53 §3–7＋WP54 §2–6＋WP55 §2–4＋WP56 §2–4＋WP57 §2–4＋WP58 §2–6＋WP76 §3–8	已覆盖（特殊模式/设施合同在案）	无具名行为剩余	MAPPED_REVIEWED_SCOPED	A;B;C;ROOT	agents/A/A-02/reading-log.tsv;agents/A/A-03/reading-log.tsv;agents/A/A-04/reading-log.tsv;agents/A/X-A-FACILITY-RESTORE/reading-log.tsv;agents/A/X-A-FORM-SHADOW-SUPPLEMENT/reading-log.tsv;agents/B/B-07/reading-log.tsv;agents/B/B-08/reading-log.tsv;agents/B/B-09/reading-log.tsv;agents/C/C-04/reading-log.tsv;agents/C/X-C-FORM-SHADOW/reading-log.tsv;root/peer-reading-log.tsv;root/reading-supplement.tsv	144	144	TRUE	仅认可所链接主审行为族与取证范围；整文件行段读完不等于每个分支/配置组合或运行结果已证。	-	agents/A/A-02/equivalence.tsv;agents/A/A-02/report.md;agents/A/A-02/source-coverage.tsv;agents/A/A-03/equivalence.tsv;agents/A/A-03/report.md;agents/A/A-03/source-coverage.tsv;agents/A/A-04/equivalence.tsv;agents/A/A-04/report.md;agents/A/A-04/source-coverage.tsv;agents/B/B-07/equivalence.tsv;agents/B/B-07/report.md;agents/B/B-07/source-coverage.tsv;agents/B/B-08/equivalence.tsv;agents/B/B-08/report.md;agents/B/B-08/source-coverage.tsv;agents/B/B-09/equivalence.tsv;agents/B/B-09/report.md;agents/B/B-09/source-coverage.tsv;agents/C/C-04/equivalence.tsv;agents/C/C-04/report.md;agents/C/C-04/source-coverage.tsv;agents/C/X-C-FORM-SHADOW/source-coverage.tsv	targeted:79-108; targeted:40-87; targeted:36-96; fresh full:1–144; same_agent_named_reuse:1-144; targeted_current_reread:1-110; full:1-144; reused-full:1-144; full-reread:1-144; targeted:58-73;119-133; fresh-targeted:1-142; TARGETED_SECOND_REVIEW:50-66;111-128; TARGETED_STATIC:40-97
reference	8c5911e4a4b07b07e832e4bb0d5d8859e88b4a9b	Data/Scripts/018_Alternate battle modes/001_Battle Frontier/005_UI_BattleSwap.rb	script	WP53 §3–7＋WP54 §2–6＋WP55 §2–4＋WP56 §2–4＋WP57 §2–4＋WP58 §2–6＋WP76 §3–8	已覆盖（特殊模式/设施合同在案）	无具名行为剩余	MAPPED_REVIEWED_SCOPED	A;B	agents/A/X-A-FACILITY-RESTORE/reading-log.tsv;agents/B/B-08/reading-log.tsv	247	247	TRUE	仅认可所链接主审行为族与取证范围；整文件行段读完不等于每个分支/配置组合或运行结果已证。	-	agents/B/B-08/equivalence.tsv;agents/B/B-08/report.md;agents/B/B-08/source-coverage.tsv	fresh full:1–247; full:1-247
reference	8c5911e4a4b07b07e832e4bb0d5d8859e88b4a9b	Data/Scripts/018_Alternate battle modes/001_SafariZone.rb	script	WP53 §3–7＋WP54 §2–6＋WP55 §2–4＋WP56 §2–4＋WP57 §2–4＋WP58 §2–6＋WP76 §3–8	已覆盖（特殊模式/设施合同在案）	无具名行为剩余	MAPPED_REVIEWED_SCOPED	A;B;C	agents/A/A-02/reading-log.tsv;agents/A/X-A-C05-RECHECK/reading-log.tsv;agents/B/B-01/reading-log.tsv;agents/B/B-07/reading-log.tsv;agents/C/C-02/reading-log.tsv;agents/C/C-04/reading-log.tsv;agents/C/C-05/reading-log.tsv;agents/C/C-06/reading-log.tsv	196	196	TRUE	仅认可所链接主审行为族与取证范围；整文件行段读完不等于每个分支/配置组合或运行结果已证。	-	agents/A/A-02/equivalence.tsv;agents/A/A-02/report.md;agents/A/A-02/source-coverage.tsv;agents/A/X-A-C05-RECHECK/equivalence.tsv;agents/A/X-A-C05-RECHECK/report.md;agents/A/X-A-C05-RECHECK/source-coverage.tsv;agents/B/B-01/equivalence.tsv;agents/B/B-01/report.md;agents/B/B-01/source-coverage.tsv;agents/B/B-07/equivalence.tsv;agents/B/B-07/report.md;agents/B/B-07/source-coverage.tsv;agents/C/C-02/equivalence.tsv;agents/C/C-02/report.md;agents/C/C-02/source-coverage.tsv;agents/C/C-04/equivalence.tsv;agents/C/C-04/report.md;agents/C/C-04/source-coverage.tsv;agents/C/C-05/equivalence.tsv;agents/C/C-05/report.md;agents/C/C-05/source-coverage.tsv;agents/C/C-06/equivalence.tsv;agents/C/C-06/report.md;agents/C/C-06/source-coverage.tsv	targeted:105-172; fresh static semantic reading:102-122; targeted:100-138; full:1-196; targeted:60-97; targeted:126-139; targeted:98-121; targeted:4-121;158-196
reference	8c5911e4a4b07b07e832e4bb0d5d8859e88b4a9b	Data/Scripts/018_Alternate battle modes/002_Battle Frontier rules/001_Challenge_ChallengeRules.rb	script	WP53 §3–7＋WP54 §2–6＋WP55 §2–4＋WP56 §2–4＋WP57 §2–4＋WP58 §2–6＋WP76 §3–8	已覆盖（特殊模式/设施合同在案）	无具名行为剩余	MAPPED_REVIEWED_SCOPED	A;B	agents/A/X-A-FACILITY-RESTORE/reading-log.tsv;agents/B/B-07/reading-log.tsv;agents/B/B-08/reading-log.tsv;agents/B/B-09/reading-log.tsv	382	382	TRUE	仅认可所链接主审行为族与取证范围；整文件行段读完不等于每个分支/配置组合或运行结果已证。	-	agents/B/B-07/equivalence.tsv;agents/B/B-07/report.md;agents/B/B-07/source-coverage.tsv;agents/B/B-08/equivalence.tsv;agents/B/B-08/report.md;agents/B/B-08/source-coverage.tsv;agents/B/B-09/equivalence.tsv;agents/B/B-09/report.md;agents/B/B-09/source-coverage.tsv	fresh targeted:1–125; full:1-382; bounded-substantive:93-122;195-265; reused-full:1-382; bounded-substantive:1-129;195-265
reference	8c5911e4a4b07b07e832e4bb0d5d8859e88b4a9b	Data/Scripts/018_Alternate battle modes/002_Battle Frontier rules/002_Challenge_Rulesets.rb	script	WP53 §3–7＋WP54 §2–6＋WP55 §2–4＋WP56 §2–4＋WP57 §2–4＋WP58 §2–6＋WP76 §3–8	已覆盖（特殊模式/设施合同在案）	无具名行为剩余	MAPPED_REVIEWED_SCOPED	B;C	agents/B/B-07/reading-log.tsv;agents/B/B-08/reading-log.tsv;agents/B/B-09/reading-log.tsv;agents/C/C-07/reading-log.tsv	323	323	TRUE	仅认可所链接主审行为族与取证范围；整文件行段读完不等于每个分支/配置组合或运行结果已证。	-	agents/B/B-07/equivalence.tsv;agents/B/B-07/report.md;agents/B/B-07/source-coverage.tsv;agents/B/B-08/equivalence.tsv;agents/B/B-08/report.md;agents/B/B-08/source-coverage.tsv;agents/B/B-09/equivalence.tsv;agents/B/B-09/report.md;agents/B/B-09/source-coverage.tsv;agents/C/C-07/equivalence.tsv;agents/C/C-07/report.md;agents/C/C-07/source-coverage.tsv	full:1-323; reused-full:1-323; bounded-substantive:1-229; targeted_static_dependency:1-85;88-226
reference	8c5911e4a4b07b07e832e4bb0d5d8859e88b4a9b	Data/Scripts/018_Alternate battle modes/002_Battle Frontier rules/003_Challenge_EntryRestrictions.rb	script	WP53 §3–7＋WP54 §2–6＋WP55 §2–4＋WP56 §2–4＋WP57 §2–4＋WP58 §2–6＋WP76 §3–8	已覆盖（特殊模式/设施合同在案）	无具名行为剩余	MAPPED_REVIEWED_SCOPED	B	agents/B/B-07/reading-log.tsv;agents/B/B-08/reading-log.tsv	392	392	TRUE	仅认可所链接主审行为族与取证范围；整文件行段读完不等于每个分支/配置组合或运行结果已证。	-	agents/B/B-07/equivalence.tsv;agents/B/B-07/report.md;agents/B/B-07/source-coverage.tsv;agents/B/B-08/equivalence.tsv;agents/B/B-08/report.md;agents/B/B-08/source-coverage.tsv	full:1-392; reused-full:1-392
reference	8c5911e4a4b07b07e832e4bb0d5d8859e88b4a9b	Data/Scripts/018_Alternate battle modes/002_Battle Frontier rules/004_Challenge_LevelAdjustment.rb	script	WP53 §3–7＋WP54 §2–6＋WP55 §2–4＋WP56 §2–4＋WP57 §2–4＋WP58 §2–6＋WP76 §3–8	已覆盖（特殊模式/设施合同在案）	无具名行为剩余	MAPPED_REVIEWED_SCOPED	A;B;ROOT	agents/A/A-03/reading-log.tsv;agents/A/X-A-FACILITY-RESTORE/comparison-reading-log.tsv;agents/A/X-A-FACILITY-RESTORE/reading-log.tsv;agents/B/B-07/reading-log.tsv;agents/B/B-08/reading-log.tsv;root/reading-supplement.tsv	229	229	TRUE	仅认可所链接主审行为族与取证范围；整文件行段读完不等于每个分支/配置组合或运行结果已证。	-	agents/A/A-03/equivalence.tsv;agents/A/A-03/report.md;agents/A/A-03/source-coverage.tsv;agents/B/B-07/equivalence.tsv;agents/B/B-07/report.md;agents/B/B-07/source-coverage.tsv;agents/B/B-08/equivalence.tsv;agents/B/B-08/report.md;agents/B/B-08/source-coverage.tsv	targeted:1-82; fresh targeted reread:178–191; fresh full:1–229; full:1-229; reused-full:1-229; TARGETED_STATIC:1-162
reference	8c5911e4a4b07b07e832e4bb0d5d8859e88b4a9b	Data/Scripts/018_Alternate battle modes/002_Battle Frontier rules/005_Challenge_BattleRules.rb	script	WP53 §3–7＋WP54 §2–6＋WP55 §2–4＋WP56 §2–4＋WP57 §2–4＋WP58 §2–6＋WP76 §3–8	已覆盖（特殊模式/设施合同在案）	无具名行为剩余	MAPPED_REVIEWED_SCOPED; OPEN_REQUIRED_REVISION_LINKED	B;ROOT	agents/B/B-01/reading-log.tsv;agents/B/B-07/reading-log.tsv;agents/B/B-08/reading-log.tsv;root/peer-reading-log.tsv	103	103	TRUE	仅认可所链接主审行为族与取证范围；整文件行段读完不等于每个分支/配置组合或运行结果已证。	GIR-FD82-B003	agents/B/B-01/equivalence.tsv;agents/B/B-01/report.md;agents/B/B-01/source-coverage.tsv;agents/B/B-07/equivalence.tsv;agents/B/B-07/report.md;agents/B/B-07/source-coverage.tsv;agents/B/B-08/equivalence.tsv;agents/B/B-08/report.md;agents/B/B-08/source-coverage.tsv	full:1-103; bounded-substantive:1-28; reused-full:1-103; TARGETED_SECOND_REVIEW:1-5;31-103; TARGETED_SECOND_REVIEW:96-106
reference	8c5911e4a4b07b07e832e4bb0d5d8859e88b4a9b	Data/Scripts/018_Alternate battle modes/002_BugContest.rb	script	WP53 §3–7＋WP54 §2–6＋WP55 §2–4＋WP56 §2–4＋WP57 §2–4＋WP58 §2–6＋WP76 §3–8	已覆盖（特殊模式/设施合同在案）	无具名行为剩余	MAPPED_REVIEWED_SCOPED; OPEN_REQUIRED_REVISION_LINKED	A;B;C;ROOT	agents/A/A-02/reading-log.tsv;agents/A/A-03/reading-log.tsv;agents/A/A-04/reading-log.tsv;agents/A/A-05/reading-log.tsv;agents/A/X-A-C05-RECHECK/reading-log.tsv;agents/B/B-01/reading-log.tsv;agents/B/B-07/reading-log.tsv;agents/C/C-02/reading-log.tsv;agents/C/C-04/reading-log.tsv;agents/C/C-05/reading-log.tsv;agents/C/C-06/reading-log.tsv;root/peer-reading-log.tsv	441	441	TRUE	仅认可所链接主审行为族与取证范围；整文件行段读完不等于每个分支/配置组合或运行结果已证。	GIR-FD82-B026	agents/A/A-02/equivalence.tsv;agents/A/A-02/report.md;agents/A/A-02/source-coverage.tsv;agents/A/A-03/equivalence.tsv;agents/A/A-03/report.md;agents/A/A-03/source-coverage.tsv;agents/A/A-04/equivalence.tsv;agents/A/A-04/report.md;agents/A/A-04/source-coverage.tsv;agents/A/A-05/equivalence.tsv;agents/A/A-05/report.md;agents/A/A-05/source-coverage.tsv;agents/A/X-A-C05-RECHECK/equivalence.tsv;agents/A/X-A-C05-RECHECK/report.md;agents/A/X-A-C05-RECHECK/source-coverage.tsv;agents/B/B-01/equivalence.tsv;agents/B/B-01/report.md;agents/B/B-01/source-coverage.tsv;agents/B/B-07/equivalence.tsv;agents/B/B-07/report.md;agents/B/B-07/source-coverage.tsv;agents/C/C-02/equivalence.tsv;agents/C/C-02/report.md;agents/C/C-02/source-coverage.tsv;agents/C/C-04/equivalence.tsv;agents/C/C-04/report.md;agents/C/C-04/source-coverage.tsv;agents/C/C-05/equivalence.tsv;agents/C/C-05/report.md;agents/C/C-05/source-coverage.tsv;agents/C/C-06/equivalence.tsv;agents/C/C-06/report.md;agents/C/C-06/source-coverage.tsv	targeted:174-234; targeted:108-138;289-320;350-406; targeted:292-311; targeted_current:190-234; fresh static semantic reading:347-365; targeted:345-388; full:1-441; targeted:1-111; targeted:376-389; targeted:343-372; targeted:204-249;283-346;399-441; TARGETED_SECOND_REVIEW:171-196;350-404
reference	8c5911e4a4b07b07e832e4bb0d5d8859e88b4a9b	Data/Scripts/018_Alternate battle modes/003_Battle Frontier generator/001_ChallengeGenerator_Data.rb	script	WP53 §3–7＋WP54 §2–6＋WP55 §2–4＋WP56 §2–4＋WP57 §2–4＋WP58 §2–6＋WP76 §3–8	已覆盖（特殊模式/设施合同在案）	无具名行为剩余	MAPPED_REVIEWED_SCOPED	B	agents/B/B-09/reading-log.tsv	338	338	TRUE	仅认可所链接主审行为族与取证范围；整文件行段读完不等于每个分支/配置组合或运行结果已证。	-	agents/B/B-09/equivalence.tsv;agents/B/B-09/report.md;agents/B/B-09/source-coverage.tsv	full:1-338
reference	8c5911e4a4b07b07e832e4bb0d5d8859e88b4a9b	Data/Scripts/018_Alternate battle modes/003_Battle Frontier generator/002_ChallengeGenerator_Pokemon.rb	script	WP53 §3–7＋WP54 §2–6＋WP55 §2–4＋WP56 §2–4＋WP57 §2–4＋WP58 §2–6＋WP76 §3–8	已覆盖（特殊模式/设施合同在案）	无具名行为剩余	MAPPED_REVIEWED_SCOPED	A;B	agents/A/X-A-FACILITY-RESTORE/comparison-reading-log.tsv;agents/B/B-09/reading-log.tsv	359	359	TRUE	仅认可所链接主审行为族与取证范围；整文件行段读完不等于每个分支/配置组合或运行结果已证。	-	agents/B/B-09/equivalence.tsv;agents/B/B-09/report.md;agents/B/B-09/source-coverage.tsv	fresh targeted read only:1–20; full:1-359
reference	8c5911e4a4b07b07e832e4bb0d5d8859e88b4a9b	Data/Scripts/018_Alternate battle modes/003_Battle Frontier generator/003_ChallengeGenerator_Trainers.rb	script	WP53 §3–7＋WP54 §2–6＋WP55 §2–4＋WP56 §2–4＋WP57 §2–4＋WP58 §2–6＋WP76 §3–8	已覆盖（特殊模式/设施合同在案）	无具名行为剩余	MAPPED_REVIEWED_SCOPED	B	agents/B/B-09/reading-log.tsv	211	211	TRUE	仅认可所链接主审行为族与取证范围；整文件行段读完不等于每个分支/配置组合或运行结果已证。	-	agents/B/B-09/equivalence.tsv;agents/B/B-09/report.md;agents/B/B-09/source-coverage.tsv	full:1-211
reference	8c5911e4a4b07b07e832e4bb0d5d8859e88b4a9b	Data/Scripts/018_Alternate battle modes/003_Battle Frontier generator/004_ChallengeGenerator_BattleSim.rb	script	WP53 §3–7＋WP54 §2–6＋WP55 §2–4＋WP56 §2–4＋WP57 §2–4＋WP58 §2–6＋WP76 §3–8	已覆盖（特殊模式/设施合同在案）	无具名行为剩余	MAPPED_REVIEWED_SCOPED; OPEN_REQUIRED_REVISION_LINKED	B;ROOT	agents/B/B-09/reading-log.tsv;root/peer-reading-log.tsv	438	438	TRUE	仅认可所链接主审行为族与取证范围；整文件行段读完不等于每个分支/配置组合或运行结果已证。	GIR-FD82-B034	agents/B/B-09/equivalence.tsv;agents/B/B-09/report.md;agents/B/B-09/source-coverage.tsv	full:1-438; TARGETED_SECOND_REVIEW:377-419
reference	8c5911e4a4b07b07e832e4bb0d5d8859e88b4a9b	Data/Scripts/019_Utilities/001_Utilities.rb	script	WP76 §9（名称生成全段）＋WP15 §A（资源匹配引用）	已覆盖（工具函数合同在案）	无具名行为剩余	MAPPED_PARTIAL_SOURCE_REVIEW; OPEN_REQUIRED_REVISION_LINKED	A;B;C;ROOT	agents/A/A-01/reading-log.tsv;agents/A/A-02/reading-log.tsv;agents/A/A-03/reading-log.tsv;agents/A/A-05/reading-log.tsv;agents/A/A-06/reading-log.tsv;agents/A/A-08/reading-log.tsv;agents/B/B-07/reading-log.tsv;agents/B/B-09/reading-log.tsv;agents/B/X-B-C06-RECHECK/reading-log.tsv;agents/C/C-01-S1/reading-log.tsv;agents/C/C-04/reading-log.tsv;agents/C/C-05/reading-log.tsv;agents/C/C-06/reading-log.tsv;agents/C/C-07/reading-log.tsv;agents/C/C-08/reading-log.tsv;root/peer-reading-log.tsv	451	624	TRUE	具名主审/依赖行为已审；未读行段及未解析阅读描述保留，不能把整个脚本声明审完。	GIR-FD82-A013;GIR-FD82-A032;GIR-FD82-A044;GIR-FD82-C009	agents/A/A-01/equivalence.tsv;agents/A/A-01/report.md;agents/A/A-01/source-coverage.tsv;agents/A/A-02/equivalence.tsv;agents/A/A-02/report.md;agents/A/A-02/source-coverage.tsv;agents/A/A-03/equivalence.tsv;agents/A/A-03/report.md;agents/A/A-03/source-coverage.tsv;agents/A/A-05/equivalence.tsv;agents/A/A-05/report.md;agents/A/A-05/source-coverage.tsv;agents/A/A-06/equivalence.tsv;agents/A/A-06/report.md;agents/A/A-06/source-coverage.tsv;agents/A/A-08/equivalence.tsv;agents/A/A-08/report.md;agents/A/A-08/source-coverage.tsv;agents/B/B-07/equivalence.tsv;agents/B/B-07/report.md;agents/B/B-07/source-coverage.tsv;agents/B/B-09/equivalence.tsv;agents/B/B-09/report.md;agents/B/B-09/source-coverage.tsv;agents/B/X-B-C06-RECHECK/equivalence.tsv;agents/B/X-B-C06-RECHECK/report.md;agents/B/X-B-C06-RECHECK/source-coverage.tsv;agents/C/C-01-S1/equivalence.tsv;agents/C/C-01-S1/report.md;agents/C/C-01-S1/source-coverage.tsv;agents/C/C-04/equivalence.tsv;agents/C/C-04/report.md;agents/C/C-04/source-coverage.tsv;agents/C/C-05/equivalence.tsv;agents/C/C-05/report.md;agents/C/C-05/source-coverage.tsv;agents/C/C-06/equivalence.tsv;agents/C/C-06/report.md;agents/C/C-06/source-coverage.tsv;agents/C/C-07/equivalence.tsv;agents/C/C-07/report.md;agents/C/C-07/source-coverage.tsv;agents/C/C-08/equivalence.tsv;agents/C/C-08/report.md;agents/C/C-08/source-coverage.tsv	targeted:600-620; targeted:100-125;465-493; targeted:44-68; targeted_current:45-64;230-287;374-393; targeted_current:429-496; targeted:356-423; bounded-substantive:1-49; bounded-substantive:280-369; explicit-bounded-static-read:515-545; targeted-dependency:507-525; targeted:185-212; targeted:373-397; targeted:360-395;514-544; targeted_static_dependency:430-492; targeted:500-530; TARGETED_SECOND_REVIEW:114-122; TARGETED_SECOND_REVIEW:516-520; TARGETED_SECOND_REVIEW:247-282; TARGETED_SECOND_REVIEW:452-486
reference	8c5911e4a4b07b07e832e4bb0d5d8859e88b4a9b	Data/Scripts/019_Utilities/002_Utilities_Pokemon.rb	script	WP13 §D（NPC/跟随引用）＋WP24/WP38（宝可梦工具函数）	已覆盖（宝可梦工具合同在案）	无具名行为剩余	MAPPED_REVIEWED_SCOPED; OPEN_REQUIRED_REVISION_LINKED	A;B;C;ROOT	agents/A/A-03/reading-log.tsv;agents/A/A-04/reading-log.tsv;agents/A/A-05/reading-log.tsv;agents/A/A-07/reading-log.tsv;agents/A/A-08/reading-log.tsv;agents/A/X-A-C05-RECHECK/reading-log.tsv;agents/A/X-A-FORM-SHADOW-SUPPLEMENT/reading-log.tsv;agents/B/B-07/reading-log.tsv;agents/B/X-B-ITEM-UI/reading-log.tsv;agents/C/C-01-S1/reading-log.tsv;agents/C/C-05/reading-log.tsv;agents/C/C-07/reading-log.tsv;agents/C/X-C-FORM-SHADOW/reading-log.tsv;root/peer-reading-log.tsv;root/reading-supplement.tsv	292	292	TRUE	仅认可所链接主审行为族与取证范围；整文件行段读完不等于每个分支/配置组合或运行结果已证。	GIR-FD82-A037;GIR-FD82-A057;GIR-FD82-C083	agents/A/A-03/equivalence.tsv;agents/A/A-03/report.md;agents/A/A-03/source-coverage.tsv;agents/A/A-04/equivalence.tsv;agents/A/A-04/report.md;agents/A/A-04/source-coverage.tsv;agents/A/A-05/equivalence.tsv;agents/A/A-05/report.md;agents/A/A-05/source-coverage.tsv;agents/A/A-07/equivalence.tsv;agents/A/A-07/report.md;agents/A/A-07/source-coverage.tsv;agents/A/A-08/equivalence.tsv;agents/A/A-08/report.md;agents/A/A-08/source-coverage.tsv;agents/A/X-A-C05-RECHECK/equivalence.tsv;agents/A/X-A-C05-RECHECK/report.md;agents/A/X-A-C05-RECHECK/source-coverage.tsv;agents/B/B-07/equivalence.tsv;agents/B/B-07/report.md;agents/B/B-07/source-coverage.tsv;agents/B/X-B-ITEM-UI/equivalence.tsv;agents/B/X-B-ITEM-UI/report.md;agents/C/C-01-S1/equivalence.tsv;agents/C/C-01-S1/report.md;agents/C/C-01-S1/source-coverage.tsv;agents/C/C-05/equivalence.tsv;agents/C/C-05/report.md;agents/C/C-05/source-coverage.tsv;agents/C/C-07/equivalence.tsv;agents/C/C-07/report.md;agents/C/C-07/source-coverage.tsv;agents/C/X-C-FORM-SHADOW/source-coverage.tsv	targeted:1-210; targeted:1-46; full_current:1-292; full_reused:1-292; targeted:150-178;266-292; targeted:1-151; fresh static semantic reading:183-237; same_agent_named_reuse:1-292; targeted_current_reread:1-47; bounded-substantive:1-100; explicit-bounded-static-read:1-58; targeted-dependency:1-111; targeted:187-243; targeted_static_dependency:1-65; fresh-targeted:1-91; TARGETED_SECOND_REVIEW:78-90; TARGETED_ROOT_ADJUDICATION_AFTER_SOURCE_PEER:194-237; TARGETED_STATIC:1-62;149-179
reference	8c5911e4a4b07b07e832e4bb0d5d8859e88b4a9b	Data/Scripts/019_Utilities/003_Utilities_BattleAudio.rb	script	战斗音频辅助	不适用（具名理由）	战斗音频辅助——WP15 §D 音频行为已覆盖	OPEN_REQUIRED_REVISION_CONFIRMED	A;B;ROOT	agents/A/X-A-WP79-NA-AUDIT/reading-log.tsv;agents/B/B-09/reading-log.tsv;root/peer-reading-log.tsv	149	149	TRUE	B09读源记录不等同选曲合同承接；A059新增完整入口/回退向量。FromType只作直接入口，不声称普通开战会调用。	GIR-FD82-A059	agents/A/X-A-WP79-NA-AUDIT/report.md;agents/A/X-A-WP79-NA-AUDIT/source-coverage.tsv;agents/B/B-09/equivalence.tsv;agents/B/B-09/report.md;agents/B/B-09/source-coverage.tsv	full_current:1-149; full:1-149; TARGETED_ROOT_SOURCE_SECOND_REVIEW:1-149; TARGETED_ROOT_SECOND_REVIEW:1-149
reference	8c5911e4a4b07b07e832e4bb0d5d8859e88b4a9b	Data/Scripts/020_Debug/001_Editor screens/001_EditorScreens.rb	script	WP72 §3–9＋WP73-A §3–6＋WP73-B §3–8＋WP74 §3–10＋WP75 §3–10＋WP76 §3–8	已覆盖（调试/编辑器/工具合同在案）	无具名行为剩余	MAPPED_REVIEWED_SCOPED; OPEN_REQUIRED_REVISION_LINKED	A;C;ROOT	agents/A/X-A-EDIT-CACHE/reading-log.tsv;agents/C/C-01-S2/reading-log.tsv;agents/C/C-01/reading-log.tsv;agents/C/C-02/reading-log.tsv;agents/C/C-05/reading-log.tsv;root/peer-reading-log.tsv	1324	1324	TRUE	仅认可所链接主审行为族与取证范围；整文件行段读完不等于每个分支/配置组合或运行结果已证。	GIR-FD82-003;GIR-FD82-C004;GIR-FD82-C005;GIR-FD82-C017;GIR-FD82-C019;GIR-FD82-C021;GIR-FD82-C022;GIR-FD82-C023;GIR-FD82-C031	agents/C/C-01-S2/equivalence.tsv;agents/C/C-01-S2/report.md;agents/C/C-01-S2/source-coverage.tsv;agents/C/C-01/equivalence.tsv;agents/C/C-01/report.md;agents/C/C-01/source-coverage.tsv;agents/C/C-02/equivalence.tsv;agents/C/C-02/report.md;agents/C/C-02/source-coverage.tsv;agents/C/C-05/equivalence.tsv;agents/C/C-05/report.md;agents/C/C-05/source-coverage.tsv	SEMANTIC_TARGETED; exact cited ranges read:6–124,256–287; SEMANTIC_TARGETED; exact cited ranges read:926–987; SEMANTIC_TARGETED; exact cited ranges read:787–817; SEMANTIC_TARGETED; exact cited ranges read:448–599,604–680; targeted:1-125; targeted:345-443;448-599; targeted:604-821;926-1203; targeted:128-340; targeted:822-921; supplement-full-range:126-127;341-344;444-447;600-603;922-925;1204-1324; targeted-reread:614-629;643-680; targeted-reread:940-980; targeted-reread:604-615; targeted-reread:1250-1324; targeted:770-817; TARGETED_SECOND_REVIEW:926-987; TARGETED_SECOND_REVIEW:639-642; TARGETED_SECOND_REVIEW:604-654; TARGETED_SECOND_REVIEW:1306-1316; TARGETED_EXTENSION_REVIEW:898-903
reference	8c5911e4a4b07b07e832e4bb0d5d8859e88b4a9b	Data/Scripts/020_Debug/001_Editor screens/002_EditorScreens_TerrainTags.rb	script	WP72 §3–9＋WP73-A §3–6＋WP73-B §3–8＋WP74 §3–10＋WP75 §3–10＋WP76 §3–8	已覆盖（调试/编辑器/工具合同在案）	无具名行为剩余	MAPPED_REVIEWED_SCOPED	C	agents/C/C-01/reading-log.tsv	263	263	TRUE	仅认可所链接主审行为族与取证范围；整文件行段读完不等于每个分支/配置组合或运行结果已证。	-	agents/C/C-01/equivalence.tsv;agents/C/C-01/report.md;agents/C/C-01/source-coverage.tsv	full:1-263
reference	8c5911e4a4b07b07e832e4bb0d5d8859e88b4a9b	Data/Scripts/020_Debug/001_Editor screens/003_EditorScreens_MapConnections.rb	script	WP72 §3–9＋WP73-A §3–6＋WP73-B §3–8＋WP74 §3–10＋WP75 §3–10＋WP76 §3–8	已覆盖（调试/编辑器/工具合同在案）	无具名行为剩余	MAPPED_REVIEWED_SCOPED	C	agents/C/C-01/reading-log.tsv	578	578	TRUE	仅认可所链接主审行为族与取证范围；整文件行段读完不等于每个分支/配置组合或运行结果已证。	-	agents/C/C-01/equivalence.tsv;agents/C/C-01/report.md;agents/C/C-01/source-coverage.tsv	full:1-578
reference	8c5911e4a4b07b07e832e4bb0d5d8859e88b4a9b	Data/Scripts/020_Debug/001_Editor screens/004_EditorScreens_SpritePositioning.rb	script	WP72 §3–9＋WP73-A §3–6＋WP73-B §3–8＋WP74 §3–10＋WP75 §3–10＋WP76 §3–8	已覆盖（调试/编辑器/工具合同在案）	无具名行为剩余	MAPPED_REVIEWED_SCOPED; OPEN_REQUIRED_REVISION_LINKED	A;C;ROOT	agents/A/X-A-EDIT-CACHE/reading-log.tsv;agents/C/C-01-S2/reading-log.tsv;agents/C/C-01/reading-log.tsv;root/peer-reading-log.tsv	411	411	TRUE	仅认可所链接主审行为族与取证范围；整文件行段读完不等于每个分支/配置组合或运行结果已证。	GIR-FD82-C016	agents/C/C-01-S2/equivalence.tsv;agents/C/C-01-S2/report.md;agents/C/C-01-S2/source-coverage.tsv;agents/C/C-01/equivalence.tsv;agents/C/C-01/report.md;agents/C/C-01/source-coverage.tsv	SEMANTIC_TARGETED; exact cited ranges read:91–136,224–305; targeted:1-223; targeted:224-411; targeted-reread:91-136;246-300; TARGETED_EXTENSION_REVIEW:112-136;260-300
reference	8c5911e4a4b07b07e832e4bb0d5d8859e88b4a9b	Data/Scripts/020_Debug/001_Editor_Utilities.rb	script	WP72 §3–9＋WP73-A §3–6＋WP73-B §3–8＋WP74 §3–10＋WP75 §3–10＋WP76 §3–8	已覆盖（调试/编辑器/工具合同在案）	无具名行为剩余	MAPPED_REVIEWED_SCOPED; OPEN_REQUIRED_REVISION_LINKED	C;ROOT	agents/C/C-01-S2/reading-log.tsv;agents/C/C-01/reading-log.tsv;agents/C/C-02/reading-log.tsv;root/peer-reading-log.tsv	410	410	TRUE	仅认可所链接主审行为族与取证范围；整文件行段读完不等于每个分支/配置组合或运行结果已证。	GIR-FD82-C017;GIR-FD82-C023	agents/C/C-01-S2/equivalence.tsv;agents/C/C-01-S2/report.md;agents/C/C-01-S2/source-coverage.tsv;agents/C/C-01/equivalence.tsv;agents/C/C-01/report.md;agents/C/C-01/source-coverage.tsv;agents/C/C-02/equivalence.tsv;agents/C/C-02/report.md;agents/C/C-02/source-coverage.tsv	not-read:; full:1-410; targeted-reread:1-70; targeted-reread:315-401; TARGETED_SECOND_REVIEW:181-218; TARGETED_SECOND_REVIEW:4-13;181-189; TARGETED_SECOND_REVIEW:247-282
reference	8c5911e4a4b07b07e832e4bb0d5d8859e88b4a9b	Data/Scripts/020_Debug/002_Animation editor/001_AnimEditor_SceneElements.rb	script	WP72 §3–9＋WP73-A §3–6＋WP73-B §3–8＋WP74 §3–10＋WP75 §3–10＋WP76 §3–8	已覆盖（调试/编辑器/工具合同在案）	无具名行为剩余	MAPPED_REVIEWED_SCOPED; OPEN_REQUIRED_REVISION_LINKED	C;ROOT	agents/C/C-02/reading-log.tsv;root/peer-reading-log.tsv	1012	1012	TRUE	仅认可所链接主审行为族与取证范围；整文件行段读完不等于每个分支/配置组合或运行结果已证。	GIR-FD82-003;GIR-FD82-C025;GIR-FD82-C032;GIR-FD82-C033	agents/C/C-02/equivalence.tsv;agents/C/C-02/report.md;agents/C/C-02/source-coverage.tsv	full:1-1012; TARGETED_SECOND_REVIEW:47-63;579-625;660-669; TARGETED_SECOND_REVIEW:784-806;907-918; TARGETED_SECOND_REVIEW:729-778;784-791; TARGETED_SECOND_REVIEW:367; TARGETED_EXTENSION_REVIEW:47-63;252-284;592-605
reference	8c5911e4a4b07b07e832e4bb0d5d8859e88b4a9b	Data/Scripts/020_Debug/002_Animation editor/002_AnimEditor_ControlsButtons.rb	script	WP72 §3–9＋WP73-A §3–6＋WP73-B §3–8＋WP74 §3–10＋WP75 §3–10＋WP76 §3–8	已覆盖（调试/编辑器/工具合同在案）	无具名行为剩余	MAPPED_REVIEWED_SCOPED	C	agents/C/C-02/reading-log.tsv	942	942	TRUE	仅认可所链接主审行为族与取证范围；整文件行段读完不等于每个分支/配置组合或运行结果已证。	-	agents/C/C-02/equivalence.tsv;agents/C/C-02/report.md;agents/C/C-02/source-coverage.tsv	full:1-942
reference	8c5911e4a4b07b07e832e4bb0d5d8859e88b4a9b	Data/Scripts/020_Debug/002_Animation editor/003_AnimEditor_Interpolation.rb	script	WP72 §3–9＋WP73-A §3–6＋WP73-B §3–8＋WP74 §3–10＋WP75 §3–10＋WP76 §3–8	已覆盖（调试/编辑器/工具合同在案）	无具名行为剩余	MAPPED_REVIEWED_SCOPED; OPEN_REQUIRED_REVISION_LINKED	C;ROOT	agents/C/C-02/reading-log.tsv;root/peer-reading-log.tsv	436	436	TRUE	仅认可所链接主审行为族与取证范围；整文件行段读完不等于每个分支/配置组合或运行结果已证。	GIR-FD82-C032	agents/C/C-02/equivalence.tsv;agents/C/C-02/report.md;agents/C/C-02/source-coverage.tsv	full:1-436; TARGETED_SECOND_REVIEW:25-34;229-246;291-345;375-421; TARGETED_SECOND_REVIEW:84-228
reference	8c5911e4a4b07b07e832e4bb0d5d8859e88b4a9b	Data/Scripts/020_Debug/002_Animation editor/004_AnimEditor_ExportImport.rb	script	WP72 §3–9＋WP73-A §3–6＋WP73-B §3–8＋WP74 §3–10＋WP75 §3–10＋WP76 §3–8	已覆盖（调试/编辑器/工具合同在案）	无具名行为剩余	MAPPED_REVIEWED_SCOPED; OPEN_REQUIRED_REVISION_LINKED	C;ROOT	agents/C/C-02/reading-log.tsv;root/peer-reading-log.tsv	147	147	TRUE	仅认可所链接主审行为族与取证范围；整文件行段读完不等于每个分支/配置组合或运行结果已证。	GIR-FD82-C020;GIR-FD82-C025	agents/C/C-02/equivalence.tsv;agents/C/C-02/report.md;agents/C/C-02/source-coverage.tsv	full:1-147; TARGETED_SECOND_REVIEW:89-125; TARGETED_EXTENSION_REVIEW:7-9
reference	8c5911e4a4b07b07e832e4bb0d5d8859e88b4a9b	Data/Scripts/020_Debug/002_Animation editor/005_AnimEditor_Functions.rb	script	WP72 §3–9＋WP73-A §3–6＋WP73-B §3–8＋WP74 §3–10＋WP75 §3–10＋WP76 §3–8	已覆盖（调试/编辑器/工具合同在案）	无具名行为剩余	MAPPED_REVIEWED_SCOPED; OPEN_REQUIRED_REVISION_LINKED	C;ROOT	agents/C/C-02/reading-log.tsv;root/peer-reading-log.tsv	1170	1170	TRUE	仅认可所链接主审行为族与取证范围；整文件行段读完不等于每个分支/配置组合或运行结果已证。	GIR-FD82-C020;GIR-FD82-C025;GIR-FD82-C026	agents/C/C-02/equivalence.tsv;agents/C/C-02/report.md;agents/C/C-02/source-coverage.tsv	full:1-1170; TARGETED_SECOND_REVIEW:1016-1025;1069-1074; TARGETED_SECOND_REVIEW:624-676; TARGETED_EXTENSION_REVIEW:29-42;504-517;562-576
reference	8c5911e4a4b07b07e832e4bb0d5d8859e88b4a9b	Data/Scripts/020_Debug/002_Editor_DataTypes.rb	script	WP72 §3–9＋WP73-A §3–6＋WP73-B §3–8＋WP74 §3–10＋WP75 §3–10＋WP76 §3–8	已覆盖（调试/编辑器/工具合同在案）	无具名行为剩余	MAPPED_REVIEWED_SCOPED; OPEN_REQUIRED_REVISION_LINKED	A;C;ROOT	agents/A/X-A-EDIT-CACHE/reading-log.tsv;agents/C/C-01-S2/reading-log.tsv;agents/C/C-01/reading-log.tsv;agents/C/C-05/reading-log.tsv;root/peer-reading-log.tsv	1706	1706	TRUE	仅认可所链接主审行为族与取证范围；整文件行段读完不等于每个分支/配置组合或运行结果已证。	GIR-FD82-003;GIR-FD82-C003;GIR-FD82-C017;GIR-FD82-C018;GIR-FD82-C019;GIR-FD82-C021;GIR-FD82-C023	agents/C/C-01-S2/equivalence.tsv;agents/C/C-01-S2/report.md;agents/C/C-01-S2/source-coverage.tsv;agents/C/C-01/equivalence.tsv;agents/C/C-01/report.md;agents/C/C-01/source-coverage.tsv;agents/C/C-05/equivalence.tsv;agents/C/C-05/report.md;agents/C/C-05/source-coverage.tsv	SEMANTIC_TARGETED; exact cited ranges read:32–160,1624–1706; SEMANTIC_TARGETED; exact cited ranges read:1555–1557; SEMANTIC_TARGETED; exact cited ranges read:860–881,1673–1697; SEMANTIC_TARGETED; exact cited ranges read:607–690,1624–1706; targeted:1-160; targeted:1040-1068;1130-1186;1624-1706; targeted:1340-1426; supplement-full-range:161-606; supplement-full-range:607-1039; supplement-full-range:1069-1129;1187-1339;1427-1623; targeted-reread:1350-1379; targeted-reread:1365-1378; targeted:856-884; TARGETED_SECOND_REVIEW:1040-1068;1160-1182; TARGETED_SECOND_REVIEW:546-563; TARGETED_SECOND_REVIEW:290-327;1466-1526;1535-1552; TARGETED_SECOND_REVIEW:1350-1378; TARGETED_SECOND_REVIEW:546-553; TARGETED_EXTENSION_REVIEW:924-928
reference	8c5911e4a4b07b07e832e4bb0d5d8859e88b4a9b	Data/Scripts/020_Debug/003_Debug menus/001_Debug_Menus.rb	script	WP72 §3–9＋WP73-A §3–6＋WP73-B §3–8＋WP74 §3–10＋WP75 §3–10＋WP76 §3–8	已覆盖（调试/编辑器/工具合同在案）	无具名行为剩余	MAPPED_REVIEWED_SCOPED	A;C;ROOT	agents/A/X-A-EDIT-CACHE/reading-log.tsv;agents/C/C-01/reading-log.tsv;root/peer-reading-log.tsv	425	425	TRUE	仅认可所链接主审行为族与取证范围；整文件行段读完不等于每个分支/配置组合或运行结果已证。	-	agents/C/C-01/equivalence.tsv;agents/C/C-01/report.md;agents/C/C-01/source-coverage.tsv	SEMANTIC_TARGETED; exact cited ranges read:127–145; full:1-425; TARGETED_SECOND_REVIEW:1-65;67-104; TARGETED_SECOND_REVIEW:127-145
reference	8c5911e4a4b07b07e832e4bb0d5d8859e88b4a9b	Data/Scripts/020_Debug/003_Debug menus/002_Debug_MenuCommands.rb	script	WP72 §3–9＋WP73-A §3–6＋WP73-B §3–8＋WP74 §3–10＋WP75 §3–10＋WP76 §3–8	已覆盖（调试/编辑器/工具合同在案）	无具名行为剩余	MAPPED_REVIEWED_SCOPED; OPEN_REQUIRED_REVISION_LINKED	A;B;C;ROOT	agents/A/A-01/reading-log.tsv;agents/A/A-02/reading-log.tsv;agents/A/A-04/reading-log.tsv;agents/A/A-05/reading-log.tsv;agents/A/A-08/reading-log.tsv;agents/A/X-A-C05-RECHECK/reading-log.tsv;agents/A/X-A-EDIT-CACHE/reading-log.tsv;agents/B/B-07/reading-log.tsv;agents/C/C-01-S1/reading-log.tsv;agents/C/C-01/reading-log.tsv;agents/C/C-02/reading-log.tsv;agents/C/C-05/reading-log.tsv;agents/C/C-06/reading-log.tsv;root/peer-reading-log.tsv	1496	1496	TRUE	仅认可所链接主审行为族与取证范围；整文件行段读完不等于每个分支/配置组合或运行结果已证。	GIR-FD82-A006;GIR-FD82-C005;GIR-FD82-C008;GIR-FD82-C010;GIR-FD82-C013;GIR-FD82-C096	agents/A/A-01/equivalence.tsv;agents/A/A-01/report.md;agents/A/A-01/source-coverage.tsv;agents/A/A-02/equivalence.tsv;agents/A/A-02/report.md;agents/A/A-02/source-coverage.tsv;agents/A/A-04/equivalence.tsv;agents/A/A-04/report.md;agents/A/A-04/source-coverage.tsv;agents/A/A-05/equivalence.tsv;agents/A/A-05/report.md;agents/A/A-05/source-coverage.tsv;agents/A/A-08/equivalence.tsv;agents/A/A-08/report.md;agents/A/A-08/source-coverage.tsv;agents/A/X-A-C05-RECHECK/equivalence.tsv;agents/A/X-A-C05-RECHECK/report.md;agents/A/X-A-C05-RECHECK/source-coverage.tsv;agents/B/B-07/equivalence.tsv;agents/B/B-07/report.md;agents/B/B-07/source-coverage.tsv;agents/C/C-01-S1/equivalence.tsv;agents/C/C-01-S1/report.md;agents/C/C-01-S1/source-coverage.tsv;agents/C/C-01/equivalence.tsv;agents/C/C-01/report.md;agents/C/C-01/source-coverage.tsv;agents/C/C-02/equivalence.tsv;agents/C/C-02/report.md;agents/C/C-02/source-coverage.tsv;agents/C/C-05/equivalence.tsv;agents/C/C-05/report.md;agents/C/C-05/source-coverage.tsv;agents/C/C-06/equivalence.tsv;agents/C/C-06/report.md;agents/C/C-06/source-coverage.tsv	targeted:1365-1405;1410-1478; targeted:1410-1478; targeted:745-770; targeted_current:520-533;560-595;847-965;1064-1076; targeted:691-706; targeted:600-634;907-951;1476-1490; fresh static semantic reading:476-495; SEMANTIC_TARGETED; exact cited ranges read:1163–1170,1335–1345; SEMANTIC_TARGETED; exact cited ranges read:1076–1099; bounded-substantive:60-140; targeted:1148-1200;1330-1350; targeted:276-366; supplement-full-range:1-275; supplement-full-range:367-654; supplement-full-range:655-909; supplement-full-range:910-1147; supplement-full-range:1201-1329;1351-1496; targeted-reread:1265-1307;1405-1420; targeted:478-501; targeted:33-52;145-172; TARGETED_SECOND_REVIEW:1423-1455; TARGETED_SECOND_REVIEW:41-48;705-716; TARGETED_SECOND_REVIEW:654-693; TARGETED_SECOND_REVIEW:1-10; TARGETED_SECOND_REVIEW:1076-1099; TARGETED_EXTENSION_REVIEW:1423-1455; TARGETED_SECOND_REVIEW:393-419
reference	8c5911e4a4b07b07e832e4bb0d5d8859e88b4a9b	Data/Scripts/020_Debug/003_Debug menus/003_Debug_MenuExtraCode.rb	script	WP72 §3–9＋WP73-A §3–6＋WP73-B §3–8＋WP74 §3–10＋WP75 §3–10＋WP76 §3–8	已覆盖（调试/编辑器/工具合同在案）	无具名行为剩余	MAPPED_REVIEWED_SCOPED; OPEN_REQUIRED_REVISION_LINKED	A;C;ROOT	agents/A/A-02/reading-log.tsv;agents/A/A-08/reading-log.tsv;agents/A/X-A-EDIT-CACHE/reading-log.tsv;agents/C/C-01-S1/reading-log.tsv;agents/C/C-01/reading-log.tsv;agents/C/C-02/reading-log.tsv;agents/C/C-05/reading-log.tsv;root/peer-reading-log.tsv	869	869	TRUE	仅认可所链接主审行为族与取证范围；整文件行段读完不等于每个分支/配置组合或运行结果已证。	GIR-FD82-C002;GIR-FD82-C003;GIR-FD82-C009;WP80-INTAKE-R01	agents/A/A-02/equivalence.tsv;agents/A/A-02/report.md;agents/A/A-02/source-coverage.tsv;agents/A/A-08/equivalence.tsv;agents/A/A-08/report.md;agents/A/A-08/source-coverage.tsv;agents/C/C-01-S1/equivalence.tsv;agents/C/C-01-S1/report.md;agents/C/C-01-S1/source-coverage.tsv;agents/C/C-01/equivalence.tsv;agents/C/C-01/report.md;agents/C/C-01/source-coverage.tsv;agents/C/C-02/equivalence.tsv;agents/C/C-02/report.md;agents/C/C-02/source-coverage.tsv;agents/C/C-05/equivalence.tsv;agents/C/C-05/report.md;agents/C/C-05/source-coverage.tsv	targeted:1-95; targeted:219-380; SEMANTIC_TARGETED; exact cited ranges read:79–118,188–194; targeted:44-227; targeted:668-739; targeted:277-322; supplement-full-range:1-43;228-276;323-380; supplement-full-range:381-548; supplement-full-range:549-667; supplement-full-range:740-869; targeted-reread:550-663; targeted:379-548; TARGETED_SECOND_REVIEW:353-368; TARGETED_SECOND_REVIEW:174-226; TARGETED_EXTENSION_REVIEW:615-640
reference	8c5911e4a4b07b07e832e4bb0d5d8859e88b4a9b	Data/Scripts/020_Debug/003_Debug menus/004_Debug_BattleCommands.rb	script	WP72 §3–9＋WP73-A §3–6＋WP73-B §3–8＋WP74 §3–10＋WP75 §3–10＋WP76 §3–8	已覆盖（调试/编辑器/工具合同在案）	无具名行为剩余	MAPPED_REVIEWED_SCOPED; OPEN_REQUIRED_REVISION_LINKED	C;ROOT	agents/C/C-01-S1/reading-log.tsv;root/peer-reading-log.tsv	490	490	TRUE	仅认可所链接主审行为族与取证范围；整文件行段读完不等于每个分支/配置组合或运行结果已证。	GIR-FD82-C015	agents/C/C-01-S1/equivalence.tsv;agents/C/C-01-S1/report.md;agents/C/C-01-S1/source-coverage.tsv	supplement-full-range:1-240; supplement-full-range:241-490; TARGETED_SECOND_REVIEW:399-418
reference	8c5911e4a4b07b07e832e4bb0d5d8859e88b4a9b	Data/Scripts/020_Debug/003_Debug menus/005_Debug_BattlePkmnCommands.rb	script	WP72 §3–9＋WP73-A §3–6＋WP73-B §3–8＋WP74 §3–10＋WP75 §3–10＋WP76 §3–8	已覆盖（调试/编辑器/工具合同在案）	无具名行为剩余	MAPPED_REVIEWED_SCOPED; OPEN_REQUIRED_REVISION_LINKED	A;C;ROOT	agents/A/A-04/reading-log.tsv;agents/C/C-01-S1/reading-log.tsv;agents/C/C-01/reading-log.tsv;root/peer-reading-log.tsv	876	876	TRUE	仅认可所链接主审行为族与取证范围；整文件行段读完不等于每个分支/配置组合或运行结果已证。	GIR-FD82-003;GIR-FD82-C011;GIR-FD82-C012;GIR-FD82-C014	agents/A/A-04/equivalence.tsv;agents/A/A-04/report.md;agents/A/A-04/source-coverage.tsv;agents/C/C-01-S1/equivalence.tsv;agents/C/C-01-S1/report.md;agents/C/C-01-S1/source-coverage.tsv;agents/C/C-01/equivalence.tsv;agents/C/C-01/report.md;agents/C/C-01/source-coverage.tsv	targeted:746-800; targeted:1-140;590-876; supplement-full-range:141-589; TARGETED_SECOND_REVIEW:179-240; TARGETED_SECOND_REVIEW:468-488; TARGETED_SECOND_REVIEW:336-350
reference	8c5911e4a4b07b07e832e4bb0d5d8859e88b4a9b	Data/Scripts/020_Debug/003_Debug menus/006_Debug_BattleExtraCode.rb	script	WP72 §3–9＋WP73-A §3–6＋WP73-B §3–8＋WP74 §3–10＋WP75 §3–10＋WP76 §3–8	已覆盖（调试/编辑器/工具合同在案）	无具名行为剩余	MAPPED_REVIEWED_SCOPED; OPEN_REQUIRED_REVISION_LINKED	A;C	agents/A/X-A-EDIT-CACHE/reading-log.tsv;agents/C/C-01/reading-log.tsv	452	452	TRUE	仅认可所链接主审行为族与取证范围；整文件行段读完不等于每个分支/配置组合或运行结果已证。	GIR-FD82-C007	agents/C/C-01/equivalence.tsv;agents/C/C-01/report.md;agents/C/C-01/source-coverage.tsv	SEMANTIC_TARGETED; exact cited ranges read:4–177,215–246,252–452; full:1-452
reference	8c5911e4a4b07b07e832e4bb0d5d8859e88b4a9b	Data/Scripts/020_Debug/003_Debug menus/007_Debug_PokemonCommands.rb	script	WP72 §3–9＋WP73-A §3–6＋WP73-B §3–8＋WP74 §3–10＋WP75 §3–10＋WP76 §3–8	已覆盖（调试/编辑器/工具合同在案）	无具名行为剩余	MAPPED_REVIEWED_SCOPED; OPEN_REQUIRED_REVISION_LINKED	A;C;ROOT	agents/A/A-03/reading-log.tsv;agents/A/A-04/reading-log.tsv;agents/A/A-05/reading-log.tsv;agents/A/A-07/reading-log.tsv;agents/A/A-08/reading-log.tsv;agents/C/C-01-S1/reading-log.tsv;agents/C/C-01/reading-log.tsv;agents/C/C-06/reading-log.tsv;root/peer-reading-log.tsv	1151	1151	TRUE	仅认可所链接主审行为族与取证范围；整文件行段读完不等于每个分支/配置组合或运行结果已证。	GIR-FD82-A025;GIR-FD82-C012;GIR-FD82-C014	agents/A/A-03/equivalence.tsv;agents/A/A-03/report.md;agents/A/A-03/source-coverage.tsv;agents/A/A-04/equivalence.tsv;agents/A/A-04/report.md;agents/A/A-04/source-coverage.tsv;agents/A/A-05/equivalence.tsv;agents/A/A-05/report.md;agents/A/A-05/source-coverage.tsv;agents/A/A-07/equivalence.tsv;agents/A/A-07/report.md;agents/A/A-07/source-coverage.tsv;agents/A/A-08/equivalence.tsv;agents/A/A-08/report.md;agents/A/A-08/source-coverage.tsv;agents/C/C-01-S1/equivalence.tsv;agents/C/C-01-S1/report.md;agents/C/C-01-S1/source-coverage.tsv;agents/C/C-01/equivalence.tsv;agents/C/C-01/report.md;agents/C/C-01/source-coverage.tsv;agents/C/C-06/equivalence.tsv;agents/C/C-06/report.md;agents/C/C-06/source-coverage.tsv	targeted:216-313;455-486;554-581;930-965;1088-1130; targeted:342-453;742-808;870-914; targeted_current:1095-1151; targeted:430-481; targeted:1003-1055; targeted:1084-1103; targeted:1101-1151; targeted:940-973; supplement-full-range:1-319; supplement-full-range:320-575; supplement-full-range:576-939;974-1100; targeted:109-147; TARGETED_SECOND_REVIEW:473-483; TARGETED_SECOND_REVIEW:460-470; TARGETED_SECOND_REVIEW:255-269
reference	8c5911e4a4b07b07e832e4bb0d5d8859e88b4a9b	Data/Scripts/020_Debug/003_Debug menus/008_Debug_FilenameUpdater.rb	script	WP72 §3–9＋WP73-A §3–6＋WP73-B §3–8＋WP74 §3–10＋WP75 §3–10＋WP76 §3–8	已覆盖（调试/编辑器/工具合同在案）	无具名行为剩余	MAPPED_REVIEWED_SCOPED	C	agents/C/C-02/reading-log.tsv	89	89	TRUE	仅认可所链接主审行为族与取证范围；整文件行段读完不等于每个分支/配置组合或运行结果已证。	-	agents/C/C-02/equivalence.tsv;agents/C/C-02/report.md;agents/C/C-02/source-coverage.tsv	full:1-89
reference	8c5911e4a4b07b07e832e4bb0d5d8859e88b4a9b	Data/Scripts/020_Debug/003_Editor_Listers.rb	script	WP72 §3–9＋WP73-A §3–6＋WP73-B §3–8＋WP74 §3–10＋WP75 §3–10＋WP76 §3–8	已覆盖（调试/编辑器/工具合同在案）	无具名行为剩余	MAPPED_REVIEWED_SCOPED; OPEN_REQUIRED_REVISION_LINKED	C;ROOT	agents/C/C-01-S2/reading-log.tsv;agents/C/C-01/reading-log.tsv;root/peer-reading-log.tsv	647	647	TRUE	仅认可所链接主审行为族与取证范围；整文件行段读完不等于每个分支/配置组合或运行结果已证。	GIR-FD82-C020	agents/C/C-01-S2/equivalence.tsv;agents/C/C-01-S2/report.md;agents/C/C-01-S2/source-coverage.tsv;agents/C/C-01/equivalence.tsv;agents/C/C-01/report.md;agents/C/C-01/source-coverage.tsv	targeted:4-112; supplement-full-range:1-3;113-647; TARGETED_SECOND_REVIEW:117-179;185-244;516-527;615-627; TARGETED_SECOND_REVIEW:13-58
reference	8c5911e4a4b07b07e832e4bb0d5d8859e88b4a9b	Data/Scripts/021_Compiler/001_Compiler.rb	script	WP04 §3–7＋WP75 §3–10＋WP76 §8	已覆盖（编译/转换/生成合同在案）	无具名行为剩余	MAPPED_PARTIAL_SOURCE_REVIEW; OPEN_REQUIRED_REVISION_LINKED	A;B;C;ROOT	agents/A/A-01/reading-log.tsv;agents/A/A-02/reading-log.tsv;agents/A/A-06/reading-log.tsv;agents/A/A-08/reading-log.tsv;agents/A/X-A-C05-RECHECK/reading-log.tsv;agents/A/X-A-EDIT-CACHE/reading-log.tsv;agents/B/B-09/reading-log.tsv;agents/C/C-01/reading-log.tsv;agents/C/C-02/reading-log.tsv;agents/C/C-03/reading-log.tsv;agents/C/C-05/reading-log.tsv;agents/C/C-06/reading-log.tsv;root/peer-reading-log.tsv	878	1117	TRUE	具名主审/依赖行为已审；未读行段及未解析阅读描述保留，不能把整个脚本声明审完。	GIR-FD82-A001;GIR-FD82-A002;GIR-FD82-A013;GIR-FD82-C005;GIR-FD82-C047;GIR-FD82-C080	agents/A/A-01/equivalence.tsv;agents/A/A-01/report.md;agents/A/A-01/source-coverage.tsv;agents/A/A-02/equivalence.tsv;agents/A/A-02/report.md;agents/A/A-02/source-coverage.tsv;agents/A/A-06/equivalence.tsv;agents/A/A-06/report.md;agents/A/A-06/source-coverage.tsv;agents/A/A-08/equivalence.tsv;agents/A/A-08/report.md;agents/A/A-08/source-coverage.tsv;agents/A/X-A-C05-RECHECK/equivalence.tsv;agents/A/X-A-C05-RECHECK/report.md;agents/A/X-A-C05-RECHECK/source-coverage.tsv;agents/B/B-09/equivalence.tsv;agents/B/B-09/report.md;agents/B/B-09/source-coverage.tsv;agents/C/C-01/equivalence.tsv;agents/C/C-01/report.md;agents/C/C-01/source-coverage.tsv;agents/C/C-02/equivalence.tsv;agents/C/C-02/report.md;agents/C/C-02/source-coverage.tsv;agents/C/C-03/equivalence.tsv;agents/C/C-03/report.md;agents/C/C-03/source-coverage.tsv;agents/C/C-05/equivalence.tsv;agents/C/C-05/report.md;agents/C/C-05/source-coverage.tsv;agents/C/C-06/equivalence.tsv;agents/C/C-06/report.md;agents/C/C-06/source-coverage.tsv	targeted:12-293;384-513;690-1116; targeted_with_same_agent_reuse:155-185;A-01:12-293,384-513,690-1116; targeted_current:386-397; targeted:384-407; fresh static semantic reading:384-414;690-743; fresh static semantic reading:95-153;225-247; fresh static semantic reading:70-94; SEMANTIC_TARGETED; exact cited ranges read:993–1037; bounded-substantive:990-1020; targeted:965-1105; targeted:1015-1085; targeted:375-405; targeted:345-406;690-736; targeted:381-403; TARGETED_SECOND_REVIEW:255-293; TARGETED_SECOND_REVIEW:690-735; TARGETED_SECOND_REVIEW:1057-1088; TARGETED_SECOND_REVIEW:155-181; TARGETED_SECOND_REVIEW:422-454; TARGETED_SECOND_REVIEW:391-403; TARGETED_SECOND_REVIEW:95-149
reference	8c5911e4a4b07b07e832e4bb0d5d8859e88b4a9b	Data/Scripts/021_Compiler/002_Compiler_CompilePBS.rb	script	WP04 §3–7＋WP75 §3–10＋WP76 §8	已覆盖（编译/转换/生成合同在案）	无具名行为剩余	MAPPED_REVIEWED_SCOPED; OPEN_REQUIRED_REVISION_LINKED	A;B;C;ROOT	agents/A/A-01/reading-log.tsv;agents/A/A-02/reading-log.tsv;agents/A/A-03/reading-log.tsv;agents/A/A-06/reading-log.tsv;agents/A/A-08/reading-log.tsv;agents/A/X-A-C05-RECHECK/reading-log.tsv;agents/A/X-A-EDIT-CACHE/reading-log.tsv;agents/B/B-07/reading-log.tsv;agents/B/B-09/reading-log.tsv;agents/B/X-B-C06-RECHECK/reading-log.tsv;agents/C/C-01-S2/reading-log.tsv;agents/C/C-01/reading-log.tsv;agents/C/C-02/reading-log.tsv;agents/C/C-03/reading-log.tsv;agents/C/C-05/reading-log.tsv;agents/C/C-06/reading-log.tsv;agents/C/C-07/reading-log.tsv;root/peer-reading-log.tsv	1321	1321	TRUE	仅认可所链接主审行为族与取证范围；整文件行段读完不等于每个分支/配置组合或运行结果已证。	GIR-FD82-A001;GIR-FD82-A054;GIR-FD82-C004;GIR-FD82-C016;GIR-FD82-C022;GIR-FD82-C047;GIR-FD82-C080;GIR-FD82-C111;GIR-FD82-C121;WP80-INTAKE-R01	agents/A/A-01/equivalence.tsv;agents/A/A-01/report.md;agents/A/A-01/source-coverage.tsv;agents/A/A-02/equivalence.tsv;agents/A/A-02/report.md;agents/A/A-02/source-coverage.tsv;agents/A/A-03/equivalence.tsv;agents/A/A-03/report.md;agents/A/A-03/source-coverage.tsv;agents/A/A-06/equivalence.tsv;agents/A/A-06/report.md;agents/A/A-06/source-coverage.tsv;agents/A/A-08/equivalence.tsv;agents/A/A-08/report.md;agents/A/A-08/source-coverage.tsv;agents/A/X-A-C05-RECHECK/equivalence.tsv;agents/A/X-A-C05-RECHECK/report.md;agents/A/X-A-C05-RECHECK/source-coverage.tsv;agents/B/B-07/equivalence.tsv;agents/B/B-07/report.md;agents/B/B-07/source-coverage.tsv;agents/B/B-09/equivalence.tsv;agents/B/B-09/report.md;agents/B/B-09/source-coverage.tsv;agents/B/X-B-C06-RECHECK/equivalence.tsv;agents/B/X-B-C06-RECHECK/report.md;agents/B/X-B-C06-RECHECK/source-coverage.tsv;agents/C/C-01-S2/equivalence.tsv;agents/C/C-01-S2/report.md;agents/C/C-01-S2/source-coverage.tsv;agents/C/C-01/equivalence.tsv;agents/C/C-01/report.md;agents/C/C-01/source-coverage.tsv;agents/C/C-02/equivalence.tsv;agents/C/C-02/report.md;agents/C/C-02/source-coverage.tsv;agents/C/C-03/equivalence.tsv;agents/C/C-03/report.md;agents/C/C-03/source-coverage.tsv;agents/C/C-05/equivalence.tsv;agents/C/C-05/report.md;agents/C/C-05/source-coverage.tsv;agents/C/C-06/equivalence.tsv;agents/C/C-06/report.md;agents/C/C-06/source-coverage.tsv;agents/C/C-07/equivalence.tsv;agents/C/C-07/report.md;agents/C/C-07/source-coverage.tsv	full:1-1321; same_agent_full_reuse:A-01:1-1321; targeted_current:235-263; targeted:437-489; targeted:575-642; full_reused:1-1321; fresh static semantic reading:650-770; SEMANTIC_TARGETED; exact cited ranges read:658–680,730–765; SEMANTIC_TARGETED; exact cited ranges read:4–68,543–563; SEMANTIC_TARGETED; exact cited ranges read:283–365; bounded-substantive:680-742;941-1077; bounded-substantive:951-1063; explicit-bounded-static-read:73-99; targeted:663-750; targeted:743-771; targeted:540-584; targeted:1-83; targeted:284-367; targeted:1270-1321; targeted:1170-1237; targeted:658-769; targeted:68-109;259-289;1231-1279; targeted_static_dependency:300-314; TARGETED_SECOND_REVIEW:30-60; TARGETED_SECOND_REVIEW:1211-1232; TARGETED_EXTENSION_REVIEW:1301-1312; TARGETED_SECOND_REVIEW:460-470; TARGETED_ROOT_ADJUDICATION_AFTER_SOURCE_PEER:673-737; TARGETED_ROOT_SECOND_REVIEW:308-310
reference	8c5911e4a4b07b07e832e4bb0d5d8859e88b4a9b	Data/Scripts/021_Compiler/003_Compiler_WritePBS.rb	script	WP04 §3–7＋WP75 §3–10＋WP76 §8	已覆盖（编译/转换/生成合同在案）	无具名行为剩余	MAPPED_REVIEWED_SCOPED; OPEN_REQUIRED_REVISION_LINKED	A;B;C	agents/A/A-01/reading-log.tsv;agents/A/A-08/reading-log.tsv;agents/A/X-A-EDIT-CACHE/reading-log.tsv;agents/B/B-07/reading-log.tsv;agents/B/B-09/reading-log.tsv;agents/C/C-01-S2/reading-log.tsv;agents/C/C-01/reading-log.tsv	821	821	TRUE	仅认可所链接主审行为族与取证范围；整文件行段读完不等于每个分支/配置组合或运行结果已证。	GIR-FD82-C004;GIR-FD82-C016;GIR-FD82-C022	agents/A/A-01/equivalence.tsv;agents/A/A-01/report.md;agents/A/A-01/source-coverage.tsv;agents/A/A-08/equivalence.tsv;agents/A/A-08/report.md;agents/A/A-08/source-coverage.tsv;agents/B/B-07/equivalence.tsv;agents/B/B-07/report.md;agents/B/B-07/source-coverage.tsv;agents/B/B-09/equivalence.tsv;agents/B/B-09/report.md;agents/B/B-09/source-coverage.tsv;agents/C/C-01-S2/equivalence.tsv;agents/C/C-01-S2/report.md;agents/C/C-01-S2/source-coverage.tsv;agents/C/C-01/equivalence.tsv;agents/C/C-01/report.md;agents/C/C-01/source-coverage.tsv	full:1-821; targeted:354-390; SEMANTIC_TARGETED; exact cited ranges read:403–442; SEMANTIC_TARGETED; exact cited ranges read:291–351; SEMANTIC_TARGETED; exact cited ranges read:174–223; bounded-substantive:504-550; bounded-substantive:505-619;805-821; targeted:568-635; targeted:100-158;403-453; targeted:291-323; targeted:291-339; targeted:331-355; targeted:174-229
reference	8c5911e4a4b07b07e832e4bb0d5d8859e88b4a9b	Data/Scripts/021_Compiler/004_Compiler_MapsAndEvents.rb	script	WP04 §3–7＋WP75 §3–10＋WP76 §8	已覆盖（编译/转换/生成合同在案）	无具名行为剩余	MAPPED_REVIEWED_SCOPED; OPEN_REQUIRED_REVISION_LINKED	A;C;ROOT	agents/A/A-01/reading-log.tsv;agents/A/A-05/reading-log.tsv;agents/A/A-08/reading-log.tsv;agents/C/C-02/reading-log.tsv;agents/C/C-03/reading-log.tsv;agents/C/C-06/reading-log.tsv;root/peer-reading-log.tsv	1751	1751	TRUE	仅认可所链接主审行为族与取证范围；整文件行段读完不等于每个分支/配置组合或运行结果已证。	GIR-FD82-C003;GIR-FD82-C007;GIR-FD82-C027;GIR-FD82-C030;GIR-FD82-C034;GIR-FD82-C051;WP80-INTAKE-R01	agents/A/A-01/equivalence.tsv;agents/A/A-01/report.md;agents/A/A-01/source-coverage.tsv;agents/A/A-05/equivalence.tsv;agents/A/A-05/report.md;agents/A/A-05/source-coverage.tsv;agents/A/A-08/equivalence.tsv;agents/A/A-08/report.md;agents/A/A-08/source-coverage.tsv;agents/C/C-02/equivalence.tsv;agents/C/C-02/report.md;agents/C/C-02/source-coverage.tsv;agents/C/C-03/equivalence.tsv;agents/C/C-03/report.md;agents/C/C-03/source-coverage.tsv;agents/C/C-06/equivalence.tsv;agents/C/C-06/report.md;agents/C/C-06/source-coverage.tsv	targeted:45-83;473-512;771-800;1683-1750; targeted_current:433-475; targeted:1-43; full:1-1751; targeted:825-915; targeted:645-674;1590-1625;1638-1657; TARGETED_SECOND_REVIEW:1434-1498; TARGETED_SECOND_REVIEW:1713-1729; TARGETED_SECOND_REVIEW:493-499;633-645;727-760; TARGETED_SECOND_REVIEW:997-1074; TARGETED_SECOND_REVIEW:1075-1133; TARGETED_SECOND_REVIEW:847-887; TARGETED_EXTENSION_REVIEW:487;503-505;780-785;832-841;1192-1197; TARGETED_EXTENSION_REVIEW:523-565;1419-1428; TARGETED_EXTENSION_REVIEW:2-38;951-974;1150-1191; TARGETED_SECOND_REVIEW:475-493
reference	8c5911e4a4b07b07e832e4bb0d5d8859e88b4a9b	Data/Scripts/999_Main/999_Main.rb	script	WP09 §B（启动阶段与新游戏/继续）＋WP05 §6.3（启动顺序：核心消息→插件→编译检查→初始化）＋WP77 §4.1（系统起始位置边界）	已覆盖（启动入口合同在案）	无具名行为剩余	MAPPED_REVIEWED_SCOPED	A;C	agents/A/A-01/reading-log.tsv;agents/A/A-02/reading-log.tsv;agents/C/C-06/reading-log.tsv	60	60	TRUE	仅认可所链接主审行为族与取证范围；整文件行段读完不等于每个分支/配置组合或运行结果已证。	-	agents/A/A-01/equivalence.tsv;agents/A/A-01/report.md;agents/A/A-01/source-coverage.tsv;agents/A/A-02/equivalence.tsv;agents/A/A-02/report.md;agents/A/A-02/source-coverage.tsv;agents/C/C-06/equivalence.tsv;agents/C/C-06/report.md;agents/C/C-06/source-coverage.tsv	full:1-60
reference	8c5911e4a4b07b07e832e4bb0d5d8859e88b4a9b	Data/messages_core.dat	supporting-material	-	-	-	UNOPENED_BINARY; MATERIAL_LIMIT	-	-	0		TRUE	仅固定仓库身份；未执行、反序列化或运行观察。字体/图像/音色/宿主可执行及打包数据不能视作已验证。	-	-	NONE
reference	8c5911e4a4b07b07e832e4bb0d5d8859e88b4a9b	Essentials Engine wiki.url	supporting-material	-	-	-	OUTSIDE_BEHAVIOR_SPEC_REVIEW	-	-	0	5	TRUE	外部文档快捷入口，不证明网页内容或默认行为；未跟随未知外部版本。	-	-	NONE
reference	8c5911e4a4b07b07e832e4bb0d5d8859e88b4a9b	Fonts/power clear bold.ttf	supporting-material	-	-	-	UNOPENED_BINARY; MATERIAL_LIMIT	-	-	0		TRUE	仅固定仓库身份；未执行、反序列化或运行观察。字体/图像/音色/宿主可执行及打包数据不能视作已验证。	-	-	NONE
reference	8c5911e4a4b07b07e832e4bb0d5d8859e88b4a9b	Fonts/power clear.ttf	supporting-material	-	-	-	UNOPENED_BINARY; MATERIAL_LIMIT	-	-	0		TRUE	仅固定仓库身份；未执行、反序列化或运行观察。字体/图像/音色/宿主可执行及打包数据不能视作已验证。	-	-	NONE
reference	8c5911e4a4b07b07e832e4bb0d5d8859e88b4a9b	Fonts/power green narrow.ttf	supporting-material	-	-	-	UNOPENED_BINARY; MATERIAL_LIMIT	-	-	0		TRUE	仅固定仓库身份；未执行、反序列化或运行观察。字体/图像/音色/宿主可执行及打包数据不能视作已验证。	-	-	NONE
reference	8c5911e4a4b07b07e832e4bb0d5d8859e88b4a9b	Fonts/power green small.ttf	supporting-material	-	-	-	UNOPENED_BINARY; MATERIAL_LIMIT	-	-	0		TRUE	仅固定仓库身份；未执行、反序列化或运行观察。字体/图像/音色/宿主可执行及打包数据不能视作已验证。	-	-	NONE
reference	8c5911e4a4b07b07e832e4bb0d5d8859e88b4a9b	Fonts/power green.ttf	supporting-material	-	-	-	UNOPENED_BINARY; MATERIAL_LIMIT	-	-	0		TRUE	仅固定仓库身份；未执行、反序列化或运行观察。字体/图像/音色/宿主可执行及打包数据不能视作已验证。	-	-	NONE
reference	8c5911e4a4b07b07e832e4bb0d5d8859e88b4a9b	Fonts/power red and blue intl.ttf	supporting-material	-	-	-	UNOPENED_BINARY; MATERIAL_LIMIT	-	-	0		TRUE	仅固定仓库身份；未执行、反序列化或运行观察。字体/图像/音色/宿主可执行及打包数据不能视作已验证。	-	-	NONE
reference	8c5911e4a4b07b07e832e4bb0d5d8859e88b4a9b	Fonts/power red and blue.ttf	supporting-material	-	-	-	UNOPENED_BINARY; MATERIAL_LIMIT	-	-	0		TRUE	仅固定仓库身份；未执行、反序列化或运行观察。字体/图像/音色/宿主可执行及打包数据不能视作已验证。	-	-	NONE
reference	8c5911e4a4b07b07e832e4bb0d5d8859e88b4a9b	Fonts/power red and green.ttf	supporting-material	-	-	-	UNOPENED_BINARY; MATERIAL_LIMIT	-	-	0		TRUE	仅固定仓库身份；未执行、反序列化或运行观察。字体/图像/音色/宿主可执行及打包数据不能视作已验证。	-	-	NONE
reference	8c5911e4a4b07b07e832e4bb0d5d8859e88b4a9b	Game.exe	supporting-material	-	-	-	UNOPENED_BINARY; MATERIAL_LIMIT	-	-	0		TRUE	仅固定仓库身份；未执行、反序列化或运行观察。字体/图像/音色/宿主可执行及打包数据不能视作已验证。	-	-	NONE
reference	8c5911e4a4b07b07e832e4bb0d5d8859e88b4a9b	LICENSE	supporting-material	-	-	-	OUTSIDE_BEHAVIOR_SPEC_REVIEW	-	-	0	436	TRUE	本轮不作许可法律评审；文件身份保留，不由行为审查作许可结论。	-	-	NONE
reference	8c5911e4a4b07b07e832e4bb0d5d8859e88b4a9b	PBS/Gen 5 backup/abilities.txt	data	-	-	-	UNREAD_OPTIONAL_BACKUP_CONTENT; ACTIVATION_UNVERIFIED	-	-	0	659	TRUE	四代各九文本仅具名存在性；普通发现不递归，不证明内容等价、自动切换或实际启用。	-	-	NONE
reference	8c5911e4a4b07b07e832e4bb0d5d8859e88b4a9b	PBS/Gen 5 backup/berry_plants.txt	data	-	-	-	UNREAD_OPTIONAL_BACKUP_CONTENT; ACTIVATION_UNVERIFIED	-	-	0	321	TRUE	四代各九文本仅具名存在性；普通发现不递归，不证明内容等价、自动切换或实际启用。	-	-	NONE
reference	8c5911e4a4b07b07e832e4bb0d5d8859e88b4a9b	PBS/Gen 5 backup/encounters.txt	data	-	-	-	UNREAD_OPTIONAL_BACKUP_CONTENT; ACTIVATION_UNVERIFIED	-	-	0	311	TRUE	四代各九文本仅具名存在性；普通发现不递归，不证明内容等价、自动切换或实际启用。	-	-	NONE
reference	8c5911e4a4b07b07e832e4bb0d5d8859e88b4a9b	PBS/Gen 5 backup/items.txt	data	-	-	-	UNREAD_OPTIONAL_BACKUP_CONTENT; ACTIVATION_UNVERIFIED	-	-	0	4807	TRUE	四代各九文本仅具名存在性；普通发现不递归，不证明内容等价、自动切换或实际启用。	-	-	NONE
reference	8c5911e4a4b07b07e832e4bb0d5d8859e88b4a9b	PBS/Gen 5 backup/moves.txt	data	-	-	-	UNREAD_OPTIONAL_BACKUP_CONTENT; ACTIVATION_UNVERIFIED	-	-	0	6562	TRUE	四代各九文本仅具名存在性；普通发现不递归，不证明内容等价、自动切换或实际启用。	-	-	NONE
reference	8c5911e4a4b07b07e832e4bb0d5d8859e88b4a9b	PBS/Gen 5 backup/pokemon.txt	data	-	-	-	UNREAD_OPTIONAL_BACKUP_CONTENT; ACTIVATION_UNVERIFIED	-	-	0	16902	TRUE	四代各九文本仅具名存在性；普通发现不递归，不证明内容等价、自动切换或实际启用。	-	-	NONE
reference	8c5911e4a4b07b07e832e4bb0d5d8859e88b4a9b	PBS/Gen 5 backup/pokemon_forms.txt	data	-	-	-	UNREAD_OPTIONAL_BACKUP_CONTENT; ACTIVATION_UNVERIFIED	-	-	0	381	TRUE	四代各九文本仅具名存在性；普通发现不递归，不证明内容等价、自动切换或实际启用。	-	-	NONE
reference	8c5911e4a4b07b07e832e4bb0d5d8859e88b4a9b	PBS/Gen 5 backup/pokemon_metrics.txt	data	-	-	-	UNREAD_OPTIONAL_BACKUP_CONTENT; ACTIVATION_UNVERIFIED	-	-	0	4045	TRUE	四代各九文本仅具名存在性；普通发现不递归，不证明内容等价、自动切换或实际启用。	-	-	NONE
reference	8c5911e4a4b07b07e832e4bb0d5d8859e88b4a9b	PBS/Gen 5 backup/types.txt	data	-	-	-	UNREAD_OPTIONAL_BACKUP_CONTENT; ACTIVATION_UNVERIFIED	-	-	0	121	TRUE	四代各九文本仅具名存在性；普通发现不递归，不证明内容等价、自动切换或实际启用。	-	-	NONE
reference	8c5911e4a4b07b07e832e4bb0d5d8859e88b4a9b	PBS/Gen 6 backup/abilities.txt	data	-	-	-	UNREAD_OPTIONAL_BACKUP_CONTENT; ACTIVATION_UNVERIFIED	-	-	0	767	TRUE	四代各九文本仅具名存在性；普通发现不递归，不证明内容等价、自动切换或实际启用。	-	-	NONE
reference	8c5911e4a4b07b07e832e4bb0d5d8859e88b4a9b	PBS/Gen 6 backup/berry_plants.txt	data	-	-	-	UNREAD_OPTIONAL_BACKUP_CONTENT; ACTIVATION_UNVERIFIED	-	-	0	336	TRUE	四代各九文本仅具名存在性；普通发现不递归，不证明内容等价、自动切换或实际启用。	-	-	NONE
reference	8c5911e4a4b07b07e832e4bb0d5d8859e88b4a9b	PBS/Gen 6 backup/encounters.txt	data	-	-	-	UNREAD_OPTIONAL_BACKUP_CONTENT; ACTIVATION_UNVERIFIED	-	-	0	311	TRUE	四代各九文本仅具名存在性；普通发现不递归，不证明内容等价、自动切换或实际启用。	-	-	NONE
reference	8c5911e4a4b07b07e832e4bb0d5d8859e88b4a9b	PBS/Gen 6 backup/items.txt	data	-	-	-	UNREAD_OPTIONAL_BACKUP_CONTENT; ACTIVATION_UNVERIFIED	-	-	0	5490	TRUE	四代各九文本仅具名存在性；普通发现不递归，不证明内容等价、自动切换或实际启用。	-	-	NONE
reference	8c5911e4a4b07b07e832e4bb0d5d8859e88b4a9b	PBS/Gen 6 backup/moves.txt	data	-	-	-	UNREAD_OPTIONAL_BACKUP_CONTENT; ACTIVATION_UNVERIFIED	-	-	0	7273	TRUE	四代各九文本仅具名存在性；普通发现不递归，不证明内容等价、自动切换或实际启用。	-	-	NONE
reference	8c5911e4a4b07b07e832e4bb0d5d8859e88b4a9b	PBS/Gen 6 backup/pokemon.txt	data	-	-	-	UNREAD_OPTIONAL_BACKUP_CONTENT; ACTIVATION_UNVERIFIED	-	-	0	18640	TRUE	四代各九文本仅具名存在性；普通发现不递归，不证明内容等价、自动切换或实际启用。	-	-	NONE
reference	8c5911e4a4b07b07e832e4bb0d5d8859e88b4a9b	PBS/Gen 6 backup/pokemon_forms.txt	data	-	-	-	UNREAD_OPTIONAL_BACKUP_CONTENT; ACTIVATION_UNVERIFIED	-	-	0	1123	TRUE	四代各九文本仅具名存在性；普通发现不递归，不证明内容等价、自动切换或实际启用。	-	-	NONE
reference	8c5911e4a4b07b07e832e4bb0d5d8859e88b4a9b	PBS/Gen 6 backup/pokemon_metrics.txt	data	-	-	-	UNREAD_OPTIONAL_BACKUP_CONTENT; ACTIVATION_UNVERIFIED	-	-	0	4045	TRUE	四代各九文本仅具名存在性；普通发现不递归，不证明内容等价、自动切换或实际启用。	-	-	NONE
reference	8c5911e4a4b07b07e832e4bb0d5d8859e88b4a9b	PBS/Gen 6 backup/types.txt	data	-	-	-	UNREAD_OPTIONAL_BACKUP_CONTENT; ACTIVATION_UNVERIFIED	-	-	0	129	TRUE	四代各九文本仅具名存在性；普通发现不递归，不证明内容等价、自动切换或实际启用。	-	-	NONE
reference	8c5911e4a4b07b07e832e4bb0d5d8859e88b4a9b	PBS/Gen 7 backup/abilities.txt	data	-	-	-	UNREAD_OPTIONAL_BACKUP_CONTENT; ACTIVATION_UNVERIFIED	-	-	0	935	TRUE	四代各九文本仅具名存在性；普通发现不递归，不证明内容等价、自动切换或实际启用。	-	-	NONE
reference	8c5911e4a4b07b07e832e4bb0d5d8859e88b4a9b	PBS/Gen 7 backup/berry_plants.txt	data	-	-	-	UNREAD_OPTIONAL_BACKUP_CONTENT; ACTIVATION_UNVERIFIED	-	-	0	336	TRUE	四代各九文本仅具名存在性；普通发现不递归，不证明内容等价、自动切换或实际启用。	-	-	NONE
reference	8c5911e4a4b07b07e832e4bb0d5d8859e88b4a9b	PBS/Gen 7 backup/encounters.txt	data	-	-	-	UNREAD_OPTIONAL_BACKUP_CONTENT; ACTIVATION_UNVERIFIED	-	-	0	311	TRUE	四代各九文本仅具名存在性；普通发现不递归，不证明内容等价、自动切换或实际启用。	-	-	NONE
reference	8c5911e4a4b07b07e832e4bb0d5d8859e88b4a9b	PBS/Gen 7 backup/items.txt	data	-	-	-	UNREAD_OPTIONAL_BACKUP_CONTENT; ACTIVATION_UNVERIFIED	-	-	0	5702	TRUE	四代各九文本仅具名存在性；普通发现不递归，不证明内容等价、自动切换或实际启用。	-	-	NONE
reference	8c5911e4a4b07b07e832e4bb0d5d8859e88b4a9b	PBS/Gen 7 backup/moves.txt	data	-	-	-	UNREAD_OPTIONAL_BACKUP_CONTENT; ACTIVATION_UNVERIFIED	-	-	0	7930	TRUE	四代各九文本仅具名存在性；普通发现不递归，不证明内容等价、自动切换或实际启用。	-	-	NONE
reference	8c5911e4a4b07b07e832e4bb0d5d8859e88b4a9b	PBS/Gen 7 backup/pokemon.txt	data	-	-	-	UNREAD_OPTIONAL_BACKUP_CONTENT; ACTIVATION_UNVERIFIED	-	-	0	20863	TRUE	四代各九文本仅具名存在性；普通发现不递归，不证明内容等价、自动切换或实际启用。	-	-	NONE
reference	8c5911e4a4b07b07e832e4bb0d5d8859e88b4a9b	PBS/Gen 7 backup/pokemon_forms.txt	data	-	-	-	UNREAD_OPTIONAL_BACKUP_CONTENT; ACTIVATION_UNVERIFIED	-	-	0	1745	TRUE	四代各九文本仅具名存在性；普通发现不递归，不证明内容等价、自动切换或实际启用。	-	-	NONE
reference	8c5911e4a4b07b07e832e4bb0d5d8859e88b4a9b	PBS/Gen 7 backup/pokemon_metrics.txt	data	-	-	-	UNREAD_OPTIONAL_BACKUP_CONTENT; ACTIVATION_UNVERIFIED	-	-	0	4045	TRUE	四代各九文本仅具名存在性；普通发现不递归，不证明内容等价、自动切换或实际启用。	-	-	NONE
reference	8c5911e4a4b07b07e832e4bb0d5d8859e88b4a9b	PBS/Gen 7 backup/types.txt	data	-	-	-	UNREAD_OPTIONAL_BACKUP_CONTENT; ACTIVATION_UNVERIFIED	-	-	0	129	TRUE	四代各九文本仅具名存在性；普通发现不递归，不证明内容等价、自动切换或实际启用。	-	-	NONE
reference	8c5911e4a4b07b07e832e4bb0d5d8859e88b4a9b	PBS/Gen 8 backup/abilities.txt	data	-	-	-	UNREAD_OPTIONAL_BACKUP_CONTENT; ACTIVATION_UNVERIFIED	-	-	0	1072	TRUE	四代各九文本仅具名存在性；普通发现不递归，不证明内容等价、自动切换或实际启用。	-	-	NONE
reference	8c5911e4a4b07b07e832e4bb0d5d8859e88b4a9b	PBS/Gen 8 backup/berry_plants.txt	data	-	-	-	UNREAD_OPTIONAL_BACKUP_CONTENT; ACTIVATION_UNVERIFIED	-	-	0	336	TRUE	四代各九文本仅具名存在性；普通发现不递归，不证明内容等价、自动切换或实际启用。	-	-	NONE
reference	8c5911e4a4b07b07e832e4bb0d5d8859e88b4a9b	PBS/Gen 8 backup/encounters.txt	data	-	-	-	UNREAD_OPTIONAL_BACKUP_CONTENT; ACTIVATION_UNVERIFIED	-	-	0	311	TRUE	四代各九文本仅具名存在性；普通发现不递归，不证明内容等价、自动切换或实际启用。	-	-	NONE
reference	8c5911e4a4b07b07e832e4bb0d5d8859e88b4a9b	PBS/Gen 8 backup/items.txt	data	-	-	-	UNREAD_OPTIONAL_BACKUP_CONTENT; ACTIVATION_UNVERIFIED	-	-	0	6565	TRUE	四代各九文本仅具名存在性；普通发现不递归，不证明内容等价、自动切换或实际启用。	-	-	NONE
reference	8c5911e4a4b07b07e832e4bb0d5d8859e88b4a9b	PBS/Gen 8 backup/moves.txt	data	-	-	-	UNREAD_OPTIONAL_BACKUP_CONTENT; ACTIVATION_UNVERIFIED	-	-	0	8712	TRUE	四代各九文本仅具名存在性；普通发现不递归，不证明内容等价、自动切换或实际启用。	-	-	NONE
reference	8c5911e4a4b07b07e832e4bb0d5d8859e88b4a9b	PBS/Gen 8 backup/pokemon.txt	data	-	-	-	UNREAD_OPTIONAL_BACKUP_CONTENT; ACTIVATION_UNVERIFIED	-	-	0	23115	TRUE	四代各九文本仅具名存在性；普通发现不递归，不证明内容等价、自动切换或实际启用。	-	-	NONE
reference	8c5911e4a4b07b07e832e4bb0d5d8859e88b4a9b	PBS/Gen 8 backup/pokemon_forms.txt	data	-	-	-	UNREAD_OPTIONAL_BACKUP_CONTENT; ACTIVATION_UNVERIFIED	-	-	0	2314	TRUE	四代各九文本仅具名存在性；普通发现不递归，不证明内容等价、自动切换或实际启用。	-	-	NONE
reference	8c5911e4a4b07b07e832e4bb0d5d8859e88b4a9b	PBS/Gen 8 backup/pokemon_metrics.txt	data	-	-	-	UNREAD_OPTIONAL_BACKUP_CONTENT; ACTIVATION_UNVERIFIED	-	-	0	4045	TRUE	四代各九文本仅具名存在性；普通发现不递归，不证明内容等价、自动切换或实际启用。	-	-	NONE
reference	8c5911e4a4b07b07e832e4bb0d5d8859e88b4a9b	PBS/Gen 8 backup/types.txt	data	-	-	-	UNREAD_OPTIONAL_BACKUP_CONTENT; ACTIVATION_UNVERIFIED	-	-	0	129	TRUE	四代各九文本仅具名存在性；普通发现不递归，不证明内容等价、自动切换或实际启用。	-	-	NONE
reference	8c5911e4a4b07b07e832e4bb0d5d8859e88b4a9b	PBS/Shadow Pokémon backup/items_shadow_pkmn.txt	data	-	-	-	OPTIONAL_DATA_FIELDS_REVIEWED; ACTIVATION_UNVERIFIED	A	agents/A/A-04/reading-log.tsv	0	42	TRUE	A04读取131条Gauge/有序Moves、四物品、类型及18招式指定字段；不宣称全部注释/翻译字段全文。ROOT必要字段对照与A030保留，U06启用及组合不变。	-	agents/A/A-04/equivalence.tsv;agents/A/A-04/report.md;agents/A/A-04/source-coverage.tsv	data_fields_full:1-42 (all noncomment data fields)
reference	8c5911e4a4b07b07e832e4bb0d5d8859e88b4a9b	PBS/Shadow Pokémon backup/moves_shadow_pkmn.txt	data	-	-	-	OPTIONAL_DATA_FIELDS_REVIEWED; ACTIVATION_UNVERIFIED	A;ROOT	agents/A/A-04/reading-log.tsv;root/peer-reading-log.tsv	35	213	TRUE	A04读取131条Gauge/有序Moves、四物品、类型及18招式指定字段；不宣称全部注释/翻译字段全文。ROOT必要字段对照与A030保留，U06启用及组合不变。	GIR-FD82-A030	agents/A/A-04/equivalence.tsv;agents/A/A-04/report.md;agents/A/A-04/source-coverage.tsv	selected_data_fields:1-213 (section/Type/Category/Power/Accuracy/TotalPP/Target/FunctionCode/Flags/EffectChance); TARGETED_SECOND_REVIEW:102-136
reference	8c5911e4a4b07b07e832e4bb0d5d8859e88b4a9b	PBS/Shadow Pokémon backup/shadow_pokemon.txt	data	-	-	-	OPTIONAL_DATA_FIELDS_REVIEWED; ACTIVATION_UNVERIFIED	A;ROOT	agents/A/A-04/reading-log.tsv;root/peer-reading-log.tsv	6	525	TRUE	A04读取131条Gauge/有序Moves、四物品、类型及18招式指定字段；不宣称全部注释/翻译字段全文。ROOT必要字段对照与A030保留，U06启用及组合不变。	GIR-FD82-A030	agents/A/A-04/equivalence.tsv;agents/A/A-04/report.md;agents/A/A-04/source-coverage.tsv	data_fields_full:1-525 (all noncomment data fields); TARGETED_SECOND_REVIEW:55-57; TARGETED_SECOND_REVIEW:511-513
reference	8c5911e4a4b07b07e832e4bb0d5d8859e88b4a9b	PBS/Shadow Pokémon backup/types_shadow_pkmn.txt	data	-	-	-	OPTIONAL_DATA_FIELDS_REVIEWED; ACTIVATION_UNVERIFIED	A	agents/A/A-04/reading-log.tsv	0	7	TRUE	A04读取131条Gauge/有序Moves、四物品、类型及18招式指定字段；不宣称全部注释/翻译字段全文。ROOT必要字段对照与A030保留，U06启用及组合不变。	-	agents/A/A-04/equivalence.tsv;agents/A/A-04/report.md;agents/A/A-04/source-coverage.tsv	data_fields_full:1-7 (all noncomment data fields)
reference	8c5911e4a4b07b07e832e4bb0d5d8859e88b4a9b	PBS/abilities.txt	data	-	-	-	DATA_FIELDS_OR_SAMPLES_REVIEWED	A;B;C	agents/A/A-08/reading-log.tsv;agents/A/X-A-C05-RECHECK/reading-log.tsv;agents/A/X-A-CONFIG-UI-COVERAGE/reading-log.tsv;agents/B/B-04/reading-log.tsv;agents/C/C-05/reading-log.tsv	88	1072	TRUE	机制、具名数据字段/样本、逐条内容和实际启用分别登记；未读条目及配置组合保留，默认文件名不证明运行装载。 三层战斗机制和三个孵化样本仍是有效入口；不得等同整个特性配置族闭合。非战斗遭遇消费另接WP36，已有HUSTLE/GUTS身份误述；WP48族标签计数问题另按B018。样本标记精确身份为FasterEggHatching，旧表FastEggHatching仅作导航措辞校正，不另开根因。 UNCHANGED_UNVERIFIED: 机制/配置/阅读/实际启用分层；运行观察0、已证Demo事件链0。	GIR-FD82-B018;GIR-FD82-C079	agents/A/A-08/equivalence.tsv;agents/A/A-08/report.md;agents/A/A-08/source-coverage.tsv;agents/A/X-A-C05-RECHECK/equivalence.tsv;agents/A/X-A-C05-RECHECK/report.md;agents/A/X-A-C05-RECHECK/source-coverage.tsv;agents/A/X-A-CONFIG-UI-COVERAGE/report.md;agents/B/B-04/equivalence.tsv;agents/B/B-04/report.md;agents/B/B-04/source-coverage.tsv;agents/C/C-05/equivalence.tsv;agents/C/C-05/report.md;agents/C/C-05/source-coverage.tsv	data_samples:159-163;196-200;973-977; fresh static semantic reading:217-227;245-255;285-295; fresh static semantic reading:181-188; FRESH_STATIC_TEXT:159-163;196-200;973-977; bounded-full-sections:99-102;123-126;397-400;405-408;717-720;925-928;1010-1013;1026-1029; targeted:218-226;246-254;286-294
reference	8c5911e4a4b07b07e832e4bb0d5d8859e88b4a9b	PBS/battle_facility_lists.txt	data	-	-	-	DATA_TEXT_REVIEWED_SCOPED	A;B;C	agents/A/A-01/reading-log.tsv;agents/A/A-03/reading-log.tsv;agents/A/X-A-CONFIG-UI-COVERAGE/reading-log.tsv;agents/B/B-07/reading-log.tsv;agents/B/B-08/reading-log.tsv;agents/B/B-09/reading-log.tsv;agents/C/C-02/reading-log.tsv	25	25	TRUE	机制、具名数据字段/样本、逐条内容和实际启用分别登记；未读条目及配置组合保留，默认文件名不证明运行装载。 五节名单及默认/四杯赛、八挑战身份的引用关系成立；两个fancy挑战都消费_single。专用名单发现、会话消费与生成写出合同具名存在；25行不是设施全生命周期通过证据。 UNCHANGED_UNVERIFIED: 机制/配置/阅读/实际启用分层；运行观察0、已证Demo事件链0。	-	agents/A/A-01/equivalence.tsv;agents/A/A-01/report.md;agents/A/A-01/source-coverage.tsv;agents/A/A-03/equivalence.tsv;agents/A/A-03/report.md;agents/A/A-03/source-coverage.tsv;agents/A/X-A-CONFIG-UI-COVERAGE/report.md;agents/B/B-07/equivalence.tsv;agents/B/B-07/report.md;agents/B/B-07/source-coverage.tsv;agents/B/B-08/equivalence.tsv;agents/B/B-08/report.md;agents/B/B-08/source-coverage.tsv;agents/B/B-09/equivalence.tsv;agents/B/B-09/report.md;agents/B/B-09/source-coverage.tsv;agents/C/C-02/equivalence.tsv;agents/C/C-02/report.md;agents/C/C-02/source-coverage.tsv	full:1-EOF; data_sample:1-25; FRESH_STATIC_TEXT:1-25; full:1-25; full-reread:1-25
reference	8c5911e4a4b07b07e832e4bb0d5d8859e88b4a9b	PBS/battle_tower_pokemon.txt	data	-	-	-	DATA_FIELDS_OR_SAMPLES_REVIEWED	A;B;ROOT	agents/A/A-03/reading-log.tsv;agents/A/A-06/reading-log.tsv;agents/B/B-07/reading-log.tsv;agents/B/B-08/reading-log.tsv;agents/B/B-09/reading-log.tsv;root/peer-reading-log.tsv	23	884	TRUE	机制、具名数据字段/样本、逐条内容和实际启用分别登记；未读条目及配置组合保留，默认文件名不证明运行装载。 设施候选个体读取/构建合同成立；头部样本不能推成所有条目正确或已启用。A-03另读双EV与三EV样本，说明该数据与普通培养写入的数值范围必须分层。 UNCHANGED_UNVERIFIED: 机制/配置/阅读/实际启用分层；运行观察0、已证Demo事件链0。	GIR-FD82-A040	agents/A/A-03/equivalence.tsv;agents/A/A-03/report.md;agents/A/A-03/source-coverage.tsv;agents/A/A-06/equivalence.tsv;agents/A/A-06/report.md;agents/A/A-06/source-coverage.tsv;agents/B/B-07/equivalence.tsv;agents/B/B-07/report.md;agents/B/B-07/source-coverage.tsv;agents/B/B-08/equivalence.tsv;agents/B/B-08/report.md;agents/B/B-08/source-coverage.tsv;agents/B/B-09/equivalence.tsv;agents/B/B-09/report.md;agents/B/B-09/source-coverage.tsv	data_sample:1-6;114-120; selected_data_sample:1-16; bounded-substantive:1-15; bounded-substantive:1-16; data-sample:1-12; TARGETED_SECOND_REVIEW:5-5
reference	8c5911e4a4b07b07e832e4bb0d5d8859e88b4a9b	PBS/battle_tower_trainers.txt	data	-	-	-	DATA_FIELDS_OR_SAMPLES_REVIEWED	B	agents/B/B-07/reading-log.tsv;agents/B/B-08/reading-log.tsv;agents/B/B-09/reading-log.tsv	20	2401	TRUE	机制、具名数据字段/样本、逐条内容和实际启用分别登记；未读条目及配置组合保留，默认文件名不证明运行装载。 默认训练家池经专用列表消费；旧头部格式阅读限定可保留。NPC普通训练家文件与设施训练家池不混同。 UNCHANGED_UNVERIFIED: 机制/配置/阅读/实际启用分层；运行观察0、已证Demo事件链0。	-	agents/B/B-07/equivalence.tsv;agents/B/B-07/report.md;agents/B/B-07/source-coverage.tsv;agents/B/B-08/equivalence.tsv;agents/B/B-08/report.md;agents/B/B-08/source-coverage.tsv;agents/B/B-09/equivalence.tsv;agents/B/B-09/report.md;agents/B/B-09/source-coverage.tsv	bounded-substantive:1-20; data-sample:1-20
reference	8c5911e4a4b07b07e832e4bb0d5d8859e88b4a9b	PBS/berry_plants.txt	data	-	-	-	DATA_TEXT_REVIEWED_SCOPED	B;C	agents/B/X-B-C06-RECHECK/reading-log.tsv;agents/C/C-06/reading-log.tsv	336	336	TRUE	机制、具名数据字段/样本、逐条内容和实际启用分别登记；未读条目及配置组合保留，默认文件名不证明运行装载。 种植/生长/收获机制存在，但不能继续作为机制已闭合判断：显式更新旧机制覆盖物仍生效，浇水反馈与成熟/重植闪光边界有既有缺口。 UNCHANGED_UNVERIFIED: 机制/配置/阅读/实际启用分层；运行观察0、已证Demo事件链0。	GIR-FD82-C007;GIR-FD82-C100;GIR-FD82-C101;GIR-FD82-C102	agents/B/X-B-C06-RECHECK/equivalence.tsv;agents/B/X-B-C06-RECHECK/report.md;agents/B/X-B-C06-RECHECK/source-coverage.tsv;agents/C/C-06/equivalence.tsv;agents/C/C-06/report.md;agents/C/C-06/source-coverage.tsv	explicit-bounded-static-read:3-336; full:1-336
reference	8c5911e4a4b07b07e832e4bb0d5d8859e88b4a9b	PBS/cup_fancy_pkmn.txt	data	-	-	-	UNREAD_DATA_CONTENT; MECHANISM_MAPPING_ONLY	-	-	0	620	TRUE	机制、具名数据字段/样本、逐条内容和实际启用分别登记；未读条目及配置组合保留，默认文件名不证明运行装载。 只保留“当前名单未引用非_single文件”；本次PBS与Scripts精确字面检索仅命中_single字段。删除“无机制消费者/全局未启用”的无条件读法；动态拼接、外部输入、插件与实际档案不在该检索证明内。 UNCHANGED_UNVERIFIED: 机制/配置/阅读/实际启用分层；运行观察0、已证Demo事件链0。	-	-	NONE
reference	8c5911e4a4b07b07e832e4bb0d5d8859e88b4a9b	PBS/cup_fancy_pkmn_single.txt	data	-	-	-	UNREAD_DATA_CONTENT; MECHANISM_MAPPING_ONLY	-	-	0	256	TRUE	机制、具名数据字段/样本、逐条内容和实际启用分别登记；未读条目及配置组合保留，默认文件名不证明运行装载。 fancycup单双打都显式引用此个体文件；专用读取机制在案，文件名出现不是数据样本阅读。 UNCHANGED_UNVERIFIED: 机制/配置/阅读/实际启用分层；运行观察0、已证Demo事件链0。	-	-	NONE
reference	8c5911e4a4b07b07e832e4bb0d5d8859e88b4a9b	PBS/cup_fancy_trainers.txt	data	-	-	-	UNREAD_DATA_CONTENT; MECHANISM_MAPPING_ONLY	-	-	0	2401	TRUE	机制、具名数据字段/样本、逐条内容和实际启用分别登记；未读条目及配置组合保留，默认文件名不证明运行装载。 与非_single个体文件同样，只证当前名单及已搜字面形式不引用；不能由此宣称所有可能消费者不存在或实际绝未启用。 UNCHANGED_UNVERIFIED: 机制/配置/阅读/实际启用分层；运行观察0、已证Demo事件链0。	-	-	NONE
reference	8c5911e4a4b07b07e832e4bb0d5d8859e88b4a9b	PBS/cup_fancy_trainers_single.txt	data	-	-	-	DATA_FIELDS_OR_SAMPLES_REVIEWED	B	agents/B/B-07/reading-log.tsv	22	2401	TRUE	机制、具名数据字段/样本、逐条内容和实际启用分别登记；未读条目及配置组合保留，默认文件名不证明运行装载。 fancycup单双打都显式引用此训练家池；机制引用可留，样本未读不得因名单出现而升级。 UNCHANGED_UNVERIFIED: 机制/配置/阅读/实际启用分层；运行观察0、已证Demo事件链0。	-	agents/B/B-07/equivalence.tsv;agents/B/B-07/report.md;agents/B/B-07/source-coverage.tsv	bounded-substantive:1-22; text-structure-only:1-EOF
reference	8c5911e4a4b07b07e832e4bb0d5d8859e88b4a9b	PBS/cup_little_pkmn.txt	data	-	-	-	UNREAD_DATA_CONTENT; MECHANISM_MAPPING_ONLY	-	-	0	371	TRUE	机制、具名数据字段/样本、逐条内容和实际启用分别登记；未读条目及配置组合保留，默认文件名不证明运行装载。 littlecup单双打共用本个体文件的引用成立；列表/会话/生成机制存在不等同本文件逐条内容已核。 UNCHANGED_UNVERIFIED: 机制/配置/阅读/实际启用分层；运行观察0、已证Demo事件链0。	-	-	NONE
reference	8c5911e4a4b07b07e832e4bb0d5d8859e88b4a9b	PBS/cup_little_trainers.txt	data	-	-	-	UNREAD_DATA_CONTENT; MECHANISM_MAPPING_ONLY	-	-	0	1601	TRUE	机制、具名数据字段/样本、逐条内容和实际启用分别登记；未读条目及配置组合保留，默认文件名不证明运行装载。 littlecup训练家池引用成立，继续分开文件名、数据内容和实际启用。 UNCHANGED_UNVERIFIED: 机制/配置/阅读/实际启用分层；运行观察0、已证Demo事件链0。	-	-	NONE
reference	8c5911e4a4b07b07e832e4bb0d5d8859e88b4a9b	PBS/cup_pika_pkmn.txt	data	-	-	-	DATA_FIELDS_OR_SAMPLES_REVIEWED	B	agents/B/B-07/reading-log.tsv	16	286	TRUE	机制、具名数据字段/样本、逐条内容和实际启用分别登记；未读条目及配置组合保留，默认文件名不证明运行装载。 pikacup单双打共用本个体文件；专用编译与名单消费者可链接，不能扩大至该文件样本已读。 UNCHANGED_UNVERIFIED: 机制/配置/阅读/实际启用分层；运行观察0、已证Demo事件链0。	-	agents/B/B-07/equivalence.tsv;agents/B/B-07/report.md;agents/B/B-07/source-coverage.tsv	bounded-substantive:1-16
reference	8c5911e4a4b07b07e832e4bb0d5d8859e88b4a9b	PBS/cup_pika_trainers.txt	data	-	-	-	DATA_FIELDS_OR_SAMPLES_REVIEWED	B	agents/B/B-07/reading-log.tsv	70	2401	TRUE	机制、具名数据字段/样本、逐条内容和实际启用分别登记；未读条目及配置组合保留，默认文件名不证明运行装载。 pikacup训练家池引用成立；本辅助没有读取池内容，不以引用关系关闭样本缺口。 UNCHANGED_UNVERIFIED: 机制/配置/阅读/实际启用分层；运行观察0、已证Demo事件链0。	-	agents/B/B-07/equivalence.tsv;agents/B/B-07/report.md;agents/B/B-07/source-coverage.tsv	bounded-substantive:1-70; text-structure-only:1-EOF
reference	8c5911e4a4b07b07e832e4bb0d5d8859e88b4a9b	PBS/cup_poke_pkmn.txt	data	-	-	-	UNREAD_DATA_CONTENT; MECHANISM_MAPPING_ONLY	-	-	0	365	TRUE	机制、具名数据字段/样本、逐条内容和实际启用分别登记；未读条目及配置组合保留，默认文件名不证明运行装载。 pokecup单双打共用本个体文件；文件引用与作者输入合同成立，样本未读状态保留。 UNCHANGED_UNVERIFIED: 机制/配置/阅读/实际启用分层；运行观察0、已证Demo事件链0。	-	-	NONE
reference	8c5911e4a4b07b07e832e4bb0d5d8859e88b4a9b	PBS/cup_poke_trainers.txt	data	-	-	-	DATA_FIELDS_OR_SAMPLES_REVIEWED	B	agents/B/B-07/reading-log.tsv	22	1601	TRUE	机制、具名数据字段/样本、逐条内容和实际启用分别登记；未读条目及配置组合保留，默认文件名不证明运行装载。 pokecup训练家池明确被引用；不将该名字所在名单行作为训练家记录内容证据。 UNCHANGED_UNVERIFIED: 机制/配置/阅读/实际启用分层；运行观察0、已证Demo事件链0。	-	agents/B/B-07/equivalence.tsv;agents/B/B-07/report.md;agents/B/B-07/source-coverage.tsv	bounded-substantive:1-22; text-structure-only:1-EOF
reference	8c5911e4a4b07b07e832e4bb0d5d8859e88b4a9b	PBS/dungeon_parameters.txt	data	-	-	-	DATA_TEXT_REVIEWED_SCOPED	C;ROOT	agents/C/C-02/reading-log.tsv;agents/C/C-03/reading-log.tsv;root/peer-reading-log.tsv	30	30	TRUE	机制、具名数据字段/样本、逐条内容和实际启用分别登记；未读条目及配置组合保留，默认文件名不证明运行装载。 cave/forest参数事实及区域/版本选择限定仍成立；零密度合法输入的失败阶段、图样/数量/布局确定性缺口使生成机制不能判闭合。 UNCHANGED_UNVERIFIED: 机制/配置/阅读/实际启用分层；运行观察0、已证Demo事件链0。	GIR-FD82-C003;GIR-FD82-C043;GIR-FD82-C044;GIR-FD82-C045;GIR-FD82-C046;GIR-FD82-C047;GIR-FD82-C048	agents/C/C-02/equivalence.tsv;agents/C/C-02/report.md;agents/C/C-02/source-coverage.tsv;agents/C/C-03/equivalence.tsv;agents/C/C-03/report.md;agents/C/C-03/source-coverage.tsv	full:1-30; TARGETED_EXTENSION_REVIEW:3-5
reference	8c5911e4a4b07b07e832e4bb0d5d8859e88b4a9b	PBS/dungeon_tilesets.txt	data	-	-	-	DATA_TEXT_REVIEWED_SCOPED	C	agents/C/C-03/reading-log.tsv	28	28	TRUE	机制、具名数据字段/样本、逐条内容和实际启用分别登记；未读条目及配置组合保留，默认文件名不证明运行装载。 两种图块集样本不能替代邻接、墙种、自动图块及布局映射的可计算合同；C048已指出明确遗漏。 UNCHANGED_UNVERIFIED: 机制/配置/阅读/实际启用分层；运行观察0、已证Demo事件链0。	GIR-FD82-C047;GIR-FD82-C048	agents/C/C-03/equivalence.tsv;agents/C/C-03/report.md;agents/C/C-03/source-coverage.tsv	full:1-28
reference	8c5911e4a4b07b07e832e4bb0d5d8859e88b4a9b	PBS/encounters.txt	data	-	-	-	DATA_TEXT_REVIEWED_SCOPED	B;C;ROOT	agents/B/B-07/reading-log.tsv;agents/C/C-02/reading-log.tsv;agents/C/C-05/reading-log.tsv;root/peer-reading-log.tsv	311	311	TRUE	机制、具名数据字段/样本、逐条内容和实际启用分别登记；未读条目及配置组合保留，默认文件名不证明运行装载。 遭遇/雷达/编辑器主责关系成立；专用解析覆盖、零率反写再编译、登记表与当前地图快照、同值版本早退均须链接既有缺口，不能以311行全文作为完备性结论。 UNCHANGED_UNVERIFIED: 机制/配置/阅读/实际启用分层；运行观察0、已证Demo事件链0。	GIR-FD82-B026;GIR-FD82-C004;GIR-FD82-C005;GIR-FD82-C079;GIR-FD82-C080;GIR-FD82-C096	agents/B/B-07/equivalence.tsv;agents/B/B-07/report.md;agents/B/B-07/source-coverage.tsv;agents/C/C-02/equivalence.tsv;agents/C/C-02/report.md;agents/C/C-02/source-coverage.tsv;agents/C/C-05/equivalence.tsv;agents/C/C-05/report.md;agents/C/C-05/source-coverage.tsv	bounded-substantive:84-120; full:1-311; TARGETED_SECOND_REVIEW:85-119
reference	8c5911e4a4b07b07e832e4bb0d5d8859e88b4a9b	PBS/items.txt	data	-	-	-	DATA_FIELDS_OR_SAMPLES_REVIEWED	A;B;C;ROOT	agents/A/A-04/reading-log.tsv;agents/A/A-06/reading-log.tsv;agents/A/A-08/reading-log.tsv;agents/A/X-A-CAPTURE-PARTNER/reading-log.tsv;agents/B/B-01/reading-log.tsv;agents/B/B-02/reading-log.tsv;agents/B/B-04/reading-log.tsv;agents/B/B-05/reading-log.tsv;agents/B/B-06/reading-log.tsv;agents/B/B-07/reading-log.tsv;agents/B/B-09/reading-log.tsv;agents/B/X-B-ITEM-UI/reading-log.tsv;agents/C/C-05/reading-log.tsv;agents/C/C-08/reading-log.tsv;root/peer-reading-log.tsv	1058	6565	TRUE	机制、具名数据字段/样本、逐条内容和实际启用分别登记；未读条目及配置组合保留，默认文件名不证明运行装载。 原引用以招式持物/终局为主，不能代表物品全消费面；补导航到WP27/28主动使用、WP29商店、WP50被动物品。已知回复量、EV上限、仅混乱、TR记录、进化取消与效果存在门问题仍开放。 UNCHANGED_UNVERIFIED: 机制/配置/阅读/实际启用分层；运行观察0、已证Demo事件链0。	GIR-FD82-A028;GIR-FD82-A038;GIR-FD82-A039;GIR-FD82-A040;GIR-FD82-A041;GIR-FD82-A044;GIR-FD82-A045;GIR-FD82-A046;GIR-FD82-B008;GIR-FD82-B020;GIR-FD82-B024;GIR-FD82-B032;GIR-FD82-B035	agents/A/A-04/equivalence.tsv;agents/A/A-04/report.md;agents/A/A-04/source-coverage.tsv;agents/A/A-06/equivalence.tsv;agents/A/A-06/report.md;agents/A/A-06/source-coverage.tsv;agents/A/A-08/equivalence.tsv;agents/A/A-08/report.md;agents/A/A-08/source-coverage.tsv;agents/B/B-01/equivalence.tsv;agents/B/B-01/report.md;agents/B/B-01/source-coverage.tsv;agents/B/B-02/equivalence.tsv;agents/B/B-02/report.md;agents/B/B-02/source-coverage.tsv;agents/B/B-04/equivalence.tsv;agents/B/B-04/report.md;agents/B/B-04/source-coverage.tsv;agents/B/B-05/equivalence.tsv;agents/B/B-05/report.md;agents/B/B-05/source-coverage.tsv;agents/B/B-06/equivalence.tsv;agents/B/B-06/report.md;agents/B/B-06/source-coverage.tsv;agents/B/B-07/equivalence.tsv;agents/B/B-07/report.md;agents/B/B-07/source-coverage.tsv;agents/B/B-09/equivalence.tsv;agents/B/B-09/report.md;agents/B/B-09/source-coverage.tsv;agents/B/X-B-ITEM-UI/equivalence.tsv;agents/B/X-B-ITEM-UI/report.md;agents/C/C-05/equivalence.tsv;agents/C/C-05/report.md;agents/C/C-05/source-coverage.tsv;agents/C/C-08/equivalence.tsv;agents/C/C-08/report.md;agents/C/C-08/source-coverage.tsv	selected_data_fields:2501,2507;2510,2516;2519,2525;2528,2534;2537,2543;2546,2552;2555,2561;2564,2570;2573,2579;2582,2588;2591,2597;2600,2606;2609,2615;2618,2624;2627,2633;2636,2642;2645,2651;2654,2660;2663,2669;2672,2678;2681,2687;2690,2696;2699,2705;2708,2714;2717,2723;2726,2732;2735,2741;2744,2750;2753,2759;2762,2768;2771,2777;2780,2786;2789,2795;2798,2804;2807,2813;2816,2822;2825,2831;2834,2840;2843,2849;2852,2858;2861,2867;2870,2876;2879,2885;2888,2894;2897,2903;2906,2912;2915,2921;6535,6540;2798-2806;2924-2941;6533-6543; selected_data_sections:3-10;50-59;93-101;2942-2950;2983-2991;3054-3062;3294-3303;3358-3367;3478-3488;3748-3755;3793-3801;3830-3837;3911-3919;4654-4663;5281-5289;5371-5378;5873-5880;6127-6134;6298-6305;6427-6434;6436-6443; data_samples:5753-5872; discovery_only:2942;2952;2962;2972;2983;3014;3146;3156; full-relevant-sections-static-parse:3803-4037 (all26 active PokeBall/SnagBall-matching sections); identity-only-static-search:27 selected item section identifiers, see description; structured-property-comparison:1-EOF; bounded-reread:5252-5260; bounded-sections:1056-1065;1260-1290;2942-2953;3294-3326;5242-5252;6199-6232;6316-6327; bounded-section:1883-1895; bounded-substantive:3830-3858; data-sample:6535-6542; explicit-bounded-static-read:2942-2952;3369-3381; explicit-bounded-static-read:5753-5761; targeted:6277-6290; targeted:61-68;69-76;77-84;85-92;93-102;103-112;113-122;123-132;133-142;143-152;311-318;319-326;327-334;335-342;343-350;351-358;359-366;497-504;529-536;544-551;672-679;960-968;969-977;978-986;987-995;1005-1015;1395-1403;1674-1682;1730-1738;1739-1747;1748-1756;1757-1765;1766-1774;1775-1783;1784-1792;1793-1801;1802-1810;1811-1819;1820-1828;1829-1837;1838-1846;1847-1855;1856-1864;1865-1873;2315-2323;2406-2415;3146-3155;3156-3166;6307-6315; TARGETED_SECOND_REVIEW:2798-2805; TARGETED_SECOND_REVIEW:2942-2950;3294-3313;5242-5250; TARGETED_SECOND_REVIEW:1883-1889; TARGETED_SECOND_REVIEW:2942-2950; TARGETED_SECOND_REVIEW:5371-5378; TARGETED_SECOND_REVIEW:2983-2991; TARGETED_SECOND_REVIEW:3054-3062; TARGETED_SECOND_REVIEW:4654-4663; TARGETED_SECOND_REVIEW:3793-3801; TARGETED_SECOND_REVIEW:5281-5289; TARGETED_SECOND_REVIEW:6535-6542
reference	8c5911e4a4b07b07e832e4bb0d5d8859e88b4a9b	PBS/map_connections.txt	data	-	-	-	DATA_TEXT_REVIEWED_SCOPED	C	agents/C/C-02/reading-log.tsv;agents/C/C-03/reading-log.tsv	40	40	TRUE	机制、具名数据字段/样本、逐条内容和实际启用分别登记；未读条目及配置组合保留，默认文件名不证明运行装载。 连接记录与编辑器合同具名存在；配置边表不证明通行性、几何可达或边缘转换完整。边缘目标单向阻挡的消费者边界接C052。 UNCHANGED_UNVERIFIED: 机制/配置/阅读/实际启用分层；运行观察0、已证Demo事件链0。	GIR-FD82-C052	agents/C/C-02/equivalence.tsv;agents/C/C-02/report.md;agents/C/C-02/source-coverage.tsv;agents/C/C-03/equivalence.tsv;agents/C/C-03/report.md;agents/C/C-03/source-coverage.tsv	full:1-40
reference	8c5911e4a4b07b07e832e4bb0d5d8859e88b4a9b	PBS/map_metadata.txt	data	-	-	-	DATA_TEXT_REVIEWED_SCOPED	A;B;C;ROOT	agents/A/A-07/reading-log.tsv;agents/A/A-08/reading-log.tsv;agents/A/X-A-C05-RECHECK/reading-log.tsv;agents/B/B-03/reading-log.tsv;agents/B/B-07/reading-log.tsv;agents/C/C-02/reading-log.tsv;agents/C/C-05/reading-log.tsv;agents/C/C-08/reading-log.tsv;root/peer-reading-log.tsv	398	398	TRUE	机制、具名数据字段/样本、逐条内容和实际启用分别登记；未读条目及配置组合保留，默认文件名不证明运行装载。 天气三例与元数据登记仍有效；消费者远多于天气/编辑器。跨连接天气渐变、旅行落位/逃生点、扭曲世界物种/物品身份，以及战斗音频选择均有现存缺口。 UNCHANGED_UNVERIFIED: 机制/配置/阅读/实际启用分层；运行观察0、已证Demo事件链0。	GIR-FD82-A059;GIR-FD82-B026;GIR-FD82-C029;GIR-FD82-C088;GIR-FD82-C094;GIR-FD82-C097;WP80-INTAKE-R01	agents/A/A-07/equivalence.tsv;agents/A/A-07/report.md;agents/A/A-07/source-coverage.tsv;agents/A/A-08/equivalence.tsv;agents/A/A-08/report.md;agents/A/A-08/source-coverage.tsv;agents/A/X-A-C05-RECHECK/equivalence.tsv;agents/A/X-A-C05-RECHECK/report.md;agents/A/X-A-C05-RECHECK/source-coverage.tsv;agents/B/B-03/equivalence.tsv;agents/B/B-03/report.md;agents/B/B-03/source-coverage.tsv;agents/B/B-07/equivalence.tsv;agents/B/B-07/report.md;agents/B/B-07/source-coverage.tsv;agents/C/C-02/equivalence.tsv;agents/C/C-02/report.md;agents/C/C-02/source-coverage.tsv;agents/C/C-05/equivalence.tsv;agents/C/C-05/report.md;agents/C/C-05/source-coverage.tsv;agents/C/C-08/equivalence.tsv;agents/C/C-08/report.md;agents/C/C-08/source-coverage.tsv	literal_data_sample:96-102;128-134;155-162;228-234;238-265;372-382; data_rows:3;6;10;13;16;18;20;22;26;29;31;33;37-38;40;42;44;47;49;51;56;58;60;62;64;66;68;70;72;74;76;78;80;82;84;86;88;90;92;94;96;101;103;105;109;111;114;116;118;120;122;124;126;128;132;136;139;142;144;147;151;153;155;158;163; fresh static semantic reading:91-104;225-237;368-380; sample:96-104;372-380; bounded-substantive:128-149;340-354; full:1-398; sample:56-71; TARGETED_SECOND_REVIEW:238-262;372-387; TARGETED_SECOND_REVIEW:128-146; TARGETED_SECOND_REVIEW:100;232;376
reference	8c5911e4a4b07b07e832e4bb0d5d8859e88b4a9b	PBS/metadata.txt	data	-	-	-	DATA_TEXT_REVIEWED_SCOPED	A;C	agents/A/A-05/reading-log.tsv;agents/A/A-06/reading-log.tsv;agents/C/C-02/reading-log.tsv;agents/C/C-06/reading-log.tsv	33	33	TRUE	机制、具名数据字段/样本、逐条内容和实际启用分别登记；未读条目及配置组合保留，默认文件名不证明运行装载。 初始资源、Home与两玩家元数据的样本和编辑器入口仍成立；补WP09/WP24真实消费导航。全局战斗音乐/胜利/捕获回退字段的选择合同挂A059。 UNCHANGED_UNVERIFIED: 机制/配置/阅读/实际启用分层；运行观察0、已证Demo事件链0。	GIR-FD82-A059	agents/A/A-05/equivalence.tsv;agents/A/A-05/report.md;agents/A/A-05/source-coverage.tsv;agents/A/A-06/equivalence.tsv;agents/A/A-06/report.md;agents/A/A-06/source-coverage.tsv;agents/C/C-02/equivalence.tsv;agents/C/C-02/report.md;agents/C/C-02/source-coverage.tsv;agents/C/C-06/equivalence.tsv;agents/C/C-06/report.md;agents/C/C-06/source-coverage.tsv	full_current:1-33; same_agent_named_reuse:1-33; full:1-33; targeted:1-30
reference	8c5911e4a4b07b07e832e4bb0d5d8859e88b4a9b	PBS/moves.txt	data	-	-	-	DATA_FIELDS_OR_SAMPLES_REVIEWED	A;B;C;ROOT	agents/A/A-03/reading-log.tsv;agents/A/A-04/reading-log.tsv;agents/A/X-A-CAPTURE-PARTNER/reading-log.tsv;agents/A/X-A-FACILITY-RESTORE/reading-log.tsv;agents/B/B-02/reading-log.tsv;agents/B/B-03/reading-log.tsv;agents/B/B-04/reading-log.tsv;agents/B/B-05/reading-log.tsv;agents/B/B-06/reading-log.tsv;agents/B/B-07/reading-log.tsv;agents/B/B-08/reading-log.tsv;agents/B/B-09/reading-log.tsv;agents/B/X-B-TARGET-NEARNESS/reading-log.tsv;agents/C/X-C-FORM-SHADOW/reading-log.tsv;root/peer-reading-log.tsv	974	8712	TRUE	机制、具名数据字段/样本、逐条内容和实际启用分别登记；未读条目及配置组合保留，默认文件名不证明运行装载。 招式槽、属性、控制与条款的导航有效；“属性/控制合同在案”不能消去动态目标被误当静态目标、HP平均执行合同移交未接收等已知缺口。 UNCHANGED_UNVERIFIED: 机制/配置/阅读/实际启用分层；运行观察0、已证Demo事件链0。	GIR-FD82-A023;GIR-FD82-A024;GIR-FD82-A026;GIR-FD82-A027;GIR-FD82-B010;GIR-FD82-B014;GIR-FD82-B016;GIR-FD82-B017;GIR-FD82-B019;GIR-FD82-B022;GIR-FD82-B023;GIR-FD82-B024;GIR-FD82-B025;GIR-FD82-B028;GIR-FD82-B029;GIR-FD82-B031;GIR-FD82-B033	agents/A/A-03/equivalence.tsv;agents/A/A-03/report.md;agents/A/A-03/source-coverage.tsv;agents/A/A-04/equivalence.tsv;agents/A/A-04/report.md;agents/A/A-04/source-coverage.tsv;agents/B/B-02/equivalence.tsv;agents/B/B-02/report.md;agents/B/B-02/source-coverage.tsv;agents/B/B-03/equivalence.tsv;agents/B/B-03/report.md;agents/B/B-03/source-coverage.tsv;agents/B/B-04/equivalence.tsv;agents/B/B-04/report.md;agents/B/B-04/source-coverage.tsv;agents/B/B-05/equivalence.tsv;agents/B/B-05/report.md;agents/B/B-05/source-coverage.tsv;agents/B/B-06/equivalence.tsv;agents/B/B-06/report.md;agents/B/B-06/source-coverage.tsv;agents/B/B-07/equivalence.tsv;agents/B/B-07/report.md;agents/B/B-07/source-coverage.tsv;agents/B/B-08/equivalence.tsv;agents/B/B-08/report.md;agents/B/B-08/source-coverage.tsv;agents/B/B-09/equivalence.tsv;agents/B/B-09/report.md;agents/B/B-09/source-coverage.tsv;agents/B/X-B-TARGET-NEARNESS/report.md;agents/C/X-C-FORM-SHADOW/source-coverage.tsv	data_sample:5289-5300;5314-5339;5961-5973;6055-6066;6552-6563;7324-7336; selected_data_fields:1411,1417;2476,2482;3150,3156;3186,3192;4334,4340;5326,5332;7253,7259;7979,7985;7991,7997;8016,8022; data_sample:522-534; fresh data sample:1–12 navigation sample;5326–5337 semantic; full-selected-sections-static-parse:128-139;620-631;766-776;1026-1038;1174-1186;1323-1334;1993-2004;2091-2103;4562-4573;5326-5337;5718-5727;6309-6320;6616-6627;6950-6960;7673-7683;8540-8551; sample-behavior-fields:53-64;632-643;821-831;1039-1050;1076-1087;1512-1521;1633-1644;1846-1857;1871-1882;2243-2254;2268-2279;2326-2336;2426-2437;3508-3519;4562-4573;4594-4603;5593-5604;5707-5717;5728-5737;5961-5971;6214-6224;6258-6267;6363-6372;6509-6519;6541-6551;6648-6658;6950-6960;7620-7629;7955-7966;8227-8236;8269-8278;8639-8651; bounded-full-sections:153-164;644-655;1480-1490;3372-3381;3392-3401;5581-5592;5802-5821;5874-5884;5896-5906;5928-5938;6415-6424;6478-6487;6574-6583;7127-7138;7460-7470;7640-7650;7743-7754;8683-8693; bounded-full-sections:3372-3382;5326-5337; bounded-sections:52-65;534-547;1746-1781;2117-2130;2782-2795;4462-4475;5686-5699;5800-5815;6012-6025;6455-6468;7406-7419;7450-7472; bounded-substantive:5961-5973;6225-6237; bounded-substantive:2819-2833;5718-5732;5961-5972;6648-6662;8673-8686; data-sample:2865-2876;2990-3001;5141-5152;5326-5337;5874-5884;6013-6025;6395-6404; informed-bounded-source-recheck:6013-6024; fresh-sample:1411-1423;2476-2488; TARGETED_SECOND_REVIEW:4562-4572; TARGETED_SECOND_REVIEW:128-137; TARGETED_SECOND_REVIEW:5289-5300; TARGETED_SECOND_REVIEW:5314-5337; TARGETED_SECOND_REVIEW:5961-5971; TARGETED_SECOND_REVIEW:6055-6064; TARGETED_SECOND_REVIEW:6552-6562; TARGETED_SECOND_REVIEW:7324-7332; TARGETED_SECOND_REVIEW:8269-8277;6214-6223; TARGETED_SECOND_REVIEW:3372-3380;5928-5937;7127-7137; TARGETED_SECOND_REVIEW:8016-8022; TARGETED_SECOND_REVIEW:2476-2482; TARGETED_SECOND_REVIEW:534-544;2117-2128;6013-6022;7450-7458; TARGETED_SECOND_REVIEW:1768-1776; TARGETED_SECOND_REVIEW:2782-2793; TARGETED_SECOND_REVIEW:5961-5971;6225-6235; TARGETED_SECOND_REVIEW:5961-5970; TARGETED_SECOND_REVIEW:5718-5726; TARGETED_SECOND_REVIEW:2819-2827;6648-6657; TARGETED_SECOND_REVIEW:5326-5337;5874-5884; TARGETED_SECOND_REVIEW:6013-6023
reference	8c5911e4a4b07b07e832e4bb0d5d8859e88b4a9b	PBS/phone.txt	data	-	-	-	DATA_TEXT_REVIEWED_SCOPED	C;ROOT	agents/C/C-02/reading-log.tsv;agents/C/C-06/reading-log.tsv;root/peer-reading-log.tsv	48	48	TRUE	机制、具名数据字段/样本、逐条内容和实际启用分别登记；未读条目及配置组合保留，默认文件名不证明运行装载。 数据/联系人/对话机制确有承接；WP77占位符解释、普通注册部分提交失败、零公共事件ID、每通固定抽样粒度分别已报，不能继续以“已覆盖”隐去。 UNCHANGED_UNVERIFIED: 机制/配置/阅读/实际启用分层；运行观察0、已证Demo事件链0。	GIR-FD82-C028;GIR-FD82-C107;GIR-FD82-C108;GIR-FD82-C112	agents/C/C-02/equivalence.tsv;agents/C/C-02/report.md;agents/C/C-02/source-coverage.tsv;agents/C/C-06/equivalence.tsv;agents/C/C-06/report.md;agents/C/C-06/source-coverage.tsv	full:1-48; TARGETED_SECOND_REVIEW:4-23;25-48
reference	8c5911e4a4b07b07e832e4bb0d5d8859e88b4a9b	PBS/pokemon.txt	data	-	-	-	DATA_FIELDS_OR_SAMPLES_REVIEWED	A;B;C;ROOT	agents/A/A-03/reading-log.tsv;agents/A/A-04/reading-log.tsv;agents/A/A-06/reading-log.tsv;agents/A/A-07/reading-log.tsv;agents/A/A-08/reading-log.tsv;agents/A/X-A-C05-RECHECK/reading-log.tsv;agents/A/X-A-FACILITY-RESTORE/reading-log.tsv;agents/A/X-A-FORM-SHADOW-SUPPLEMENT/reading-log.tsv;agents/B/B-04/reading-log.tsv;agents/B/B-05/reading-log.tsv;agents/B/B-06/reading-log.tsv;agents/B/B-07/reading-log.tsv;agents/B/B-08/reading-log.tsv;agents/B/B-09/reading-log.tsv;agents/B/X-B-LIFE-STEP/comparison-reading-log.tsv;agents/B/X-B-TARGET-NEARNESS/reading-log.tsv;agents/C/C-02/reading-log.tsv;agents/C/C-07/reading-log.tsv;agents/C/C-08/reading-log.tsv;agents/C/X-C-FORM-SHADOW/reading-log.tsv;root/peer-reading-log.tsv	1280	23115	TRUE	机制、具名数据字段/样本、逐条内容和实际启用分别登记；未读条目及配置组合保留，默认文件名不证明运行装载。 应加WP18/19物种默认字段与属性、WP20招式派生导航；进化/繁殖/设施消费者列表仅是选取的交界。默认值、Ditto资格测试、孵化动态形态的已知问题继续挂接。 UNCHANGED_UNVERIFIED: 机制/配置/阅读/实际启用分层；运行观察0、已证Demo事件链0。	GIR-FD82-A020;GIR-FD82-A021;GIR-FD82-A022;GIR-FD82-A024;GIR-FD82-A044;GIR-FD82-A045;GIR-FD82-A047;GIR-FD82-A048;GIR-FD82-A052;GIR-FD82-A053;GIR-FD82-A054;GIR-FD82-A057;GIR-FD82-B021;GIR-FD82-B023;GIR-FD82-B025;GIR-FD82-B028;GIR-FD82-B029;GIR-FD82-B031;GIR-FD82-B032;GIR-FD82-B033;GIR-FD82-C121	agents/A/A-03/equivalence.tsv;agents/A/A-03/report.md;agents/A/A-03/source-coverage.tsv;agents/A/A-04/equivalence.tsv;agents/A/A-04/report.md;agents/A/A-04/source-coverage.tsv;agents/A/A-06/equivalence.tsv;agents/A/A-06/report.md;agents/A/A-06/source-coverage.tsv;agents/A/A-07/equivalence.tsv;agents/A/A-07/report.md;agents/A/A-07/source-coverage.tsv;agents/A/A-08/equivalence.tsv;agents/A/A-08/report.md;agents/A/A-08/source-coverage.tsv;agents/A/X-A-C05-RECHECK/equivalence.tsv;agents/A/X-A-C05-RECHECK/report.md;agents/A/X-A-C05-RECHECK/source-coverage.tsv;agents/B/B-04/equivalence.tsv;agents/B/B-04/report.md;agents/B/B-04/source-coverage.tsv;agents/B/B-05/equivalence.tsv;agents/B/B-05/report.md;agents/B/B-05/source-coverage.tsv;agents/B/B-06/equivalence.tsv;agents/B/B-06/report.md;agents/B/B-06/source-coverage.tsv;agents/B/B-07/equivalence.tsv;agents/B/B-07/report.md;agents/B/B-07/source-coverage.tsv;agents/B/B-08/equivalence.tsv;agents/B/B-08/report.md;agents/B/B-08/source-coverage.tsv;agents/B/B-09/equivalence.tsv;agents/B/B-09/report.md;agents/B/B-09/source-coverage.tsv;agents/B/X-B-LIFE-STEP/report.md;agents/B/X-B-LIFE-STEP/source-coverage.tsv;agents/B/X-B-TARGET-NEARNESS/report.md;agents/C/C-02/equivalence.tsv;agents/C/C-02/report.md;agents/C/C-02/source-coverage.tsv;agents/C/C-07/equivalence.tsv;agents/C/C-07/report.md;agents/C/C-07/source-coverage.tsv;agents/C/C-08/equivalence.tsv;agents/C/C-08/report.md;agents/C/C-08/source-coverage.tsv;agents/C/X-C-FORM-SHADOW/source-coverage.tsv	data_sample:1-29;629-655;5299-5324; selected_data_fields:56,59;134,137;212,215;365,368;444,447;1698,1701;2099,2102;2475,2478;3028,3031;3351,3354;3428,3431;3749,3752;3963,3966;4778,4781;5480,5483;5585,5588;5639,5642;6036,6039;6539,6542;6700,6703;6778,6781;6856,6859;7443,7446;7972,7975;7999,8002;8081,8084;8134,8137;8186,8189;8433,8436;8538,8541;8826,8829;9354,9357;9487,9490;9569,9572;9863,9866;9943,9946;10047,10050;10072,10075;10147,10150;11267,11270;11700,11703;11780,11783;12086,12089;12453,12456;13852,13855;18590,18593;469-486;9244;10097-10106;10122-10131; selected_data_sections:237-267;2125-2156; literal_data_sample:30-83;237-263;3508-3545;6215-6244;6990-7018;7416-7446;7653-7684;22208-22234;22923-22949; literal_data_sample:1615;1696;1777;1990;2097;2178;2473;2524;2971;3107;3270;3322;3349;3537;3539;3541;3542;3643;5478;5691;6163;7917;9243;9433;9699;9700;10728;11413;11596;11778;12057;13724;13928;15330;16029;17489;17689;17739;18037;18087;18263;18338;18389;18991;19067;19117;19480;20418;20419;22469;22946; data_samples:629-680;735-762;814-841;3482-3507;4538-4564;4829-4880;7863-7890;8265-8320;12796-12844;15229-15255;21982-22007; data_rows:752;831;7880;8282;8310;9529;10719;10879;10907;11138;11165;11404;11533;11560;11587;11741;12049;12835;14364;17358;17385;17412;18388;18414;19168;22206;22232;22258;22284;22311;22336; data_samples:22370-22394; fresh static semantic reading:391-416;469-494; fresh static semantic reading:2125-2150; fresh data sample:175–225 navigation sample;237–260 semantic; targeted_current_reread:469-495; bounded-reread:629-642;19917-19930; bounded-sections:1-27;159-186; bounded-section:18516-18548; bounded-substantive:3453-3481; bounded-substantive:1-30;629-658;3508-3538; data-sample:3508-3543;5610-5638;6191-6214;10147-10171; post-freeze-comparison:15229-15255; informed-bounded-source-recheck:3508-3543; targeted:2177-2179;3536-3540;7916-7918;19066-19068;19116-19118; targeted_static_dependency:469-479;3400-3435; sample:1-28; fresh-sample:469-480;12551-12566; TARGETED_SECOND_REVIEW:3-17; TARGETED_SECOND_REVIEW:5299-5322; TARGETED_SECOND_REVIEW:3-18; TARGETED_SECOND_REVIEW:159-184; TARGETED_SECOND_REVIEW:18516-18539; TARGETED_SECOND_REVIEW:2125-2150; TARGETED_SECOND_REVIEW:237-261; TARGETED_SECOND_REVIEW:3453-3466; TARGETED_SECOND_REVIEW:3-28;629-654;3508-3538; TARGETED_SECOND_REVIEW:3508-3538; TARGETED_SECOND_REVIEW:3482-3496; TARGETED_SECOND_REVIEW:4538-4554; TARGETED_SECOND_REVIEW:15229-15255; TARGETED_SECOND_REVIEW:22370-22394; TARGETED_SECOND_REVIEW:4538-4564; TARGETED_SECOND_REVIEW:3508-3543;5610-5638; TARGETED_SECOND_REVIEW:10147-10171; TARGETED_SECOND_REVIEW:3508-3543; TARGETED_ROOT_SECOND_REVIEW:3418-3419
reference	8c5911e4a4b07b07e832e4bb0d5d8859e88b4a9b	PBS/pokemon_forms.txt	data	-	-	-	DATA_FIELDS_OR_SAMPLES_REVIEWED	A;B;C;ROOT	agents/A/A-04/reading-log.tsv;agents/A/A-07/reading-log.tsv;agents/A/A-08/reading-log.tsv;agents/B/B-09/reading-log.tsv;agents/B/X-B-LIFE-STEP/comparison-reading-log.tsv;agents/C/C-07/reading-log.tsv;agents/C/X-C-FORM-SHADOW/reading-log.tsv;root/peer-reading-log.tsv	769	2314	TRUE	机制、具名数据字段/样本、逐条内容和实际启用分别登记；未读条目及配置组合保留，默认文件名不证明运行装载。 Mega/Primal与进化条件引用有效，但动态形态/展示映射还要接WP21/WP62。BANETTE石身份、ALCREMIE原形/展示名判断、孵化动态提交与扭曲世界具名条件已有问题。 UNCHANGED_UNVERIFIED: 机制/配置/阅读/实际启用分层；运行观察0、已证Demo事件链0。	GIR-FD82-A026;GIR-FD82-A028;GIR-FD82-A053;GIR-FD82-A054;GIR-FD82-B032;GIR-FD82-C029;GIR-FD82-C122	agents/A/A-04/equivalence.tsv;agents/A/A-04/report.md;agents/A/A-04/source-coverage.tsv;agents/A/A-07/equivalence.tsv;agents/A/A-07/report.md;agents/A/A-07/source-coverage.tsv;agents/A/A-08/equivalence.tsv;agents/A/A-08/report.md;agents/A/A-08/source-coverage.tsv;agents/B/B-09/equivalence.tsv;agents/B/B-09/report.md;agents/B/B-09/source-coverage.tsv;agents/B/X-B-LIFE-STEP/report.md;agents/B/X-B-LIFE-STEP/source-coverage.tsv;agents/C/C-07/equivalence.tsv;agents/C/C-07/report.md;agents/C/C-07/source-coverage.tsv;agents/C/X-C-FORM-SHADOW/source-coverage.tsv	selected_data_sections:3-14;15-27;28-38;39-49;50-61;62-73;250-260;358-370;416-426;468-478;497-510;511-522;523-534;579-591;592-603;609-619;716-726;727-738;739-750;767-778;779-789;790-801;802-809;810-820;842-850;851-861;862-873;874-884;885-892;893-904;905-916;917-927;928-938;957-968;969-979;980-991;992-1003;1004-1015;1016-1025;1026-1035;1036-1044;1045-1054;1055-1066;1129-1141;1142-1151;1152-1163;1164-1173;1174-1183;1313-1325;1765-1774; literal_data_sample:87;385;441;840;1395;1807; data_samples:821-831;1397-1450;2029-2073; data_rows:85;100;131;147;160;176;190;203;216;232;248;273;287;302;318;332;342;356;383;400;414;494;631;764;830;839;1343;1367;1394;1431;1806;1829;1920;1930;1940;1950;1960;1970;1980; data-sample:1055-1066; post-freeze-comparison:1397-1408; targeted_static_dependency:74-91; fresh-sample:3-12;1036-1054;1184-1218; TARGETED_SECOND_REVIEW:957-960; TARGETED_SECOND_REVIEW:1397-1408; TARGETED_SECOND_REVIEW:2059-2065; TARGETED_SECOND_REVIEW:1055-1066; TARGETED_ROOT_SECOND_REVIEW:74-87
reference	8c5911e4a4b07b07e832e4bb0d5d8859e88b4a9b	PBS/pokemon_metrics.txt	data	-	-	-	UNREAD_DATA_CONTENT; MECHANISM_MAPPING_ONLY	-	-	0	4045	TRUE	机制、具名数据字段/样本、逐条内容和实际启用分别登记；未读条目及配置组合保留，默认文件名不证明运行装载。 旧样本未读限定仍可留；但指标编辑/保存机制本身不能称闭合：只有基础形态记录时档案可更新而PBS不写，且即时预览、登记表与已有布局消费者不同。 UNCHANGED_UNVERIFIED: 机制/配置/阅读/实际启用分层；运行观察0、已证Demo事件链0。	GIR-FD82-C005;GIR-FD82-C016	-	NONE
reference	8c5911e4a4b07b07e832e4bb0d5d8859e88b4a9b	PBS/regional_dexes.txt	data	-	-	-	DATA_TEXT_REVIEWED_SCOPED	A;ROOT	agents/A/A-08/reading-log.tsv;root/peer-reading-log.tsv	212	212	TRUE	机制、具名数据字段/样本、逐条内容和实际启用分别登记；未读条目及配置组合保留，默认文件名不证明运行装载。 区域有序内容与图鉴机制确有承接；A-08已全文读两区数据，但搜索取消不复位和区域长度误列可见值仍需修订。读完数据不能关闭消费者问题。 UNCHANGED_UNVERIFIED: 机制/配置/阅读/实际启用分层；运行观察0、已证Demo事件链0。	GIR-FD82-A055;GIR-FD82-A056	agents/A/A-08/equivalence.tsv;agents/A/A-08/report.md;agents/A/A-08/source-coverage.tsv	full_data:1-212; TARGETED_SECOND_REVIEW:3-6; TARGETED_SECOND_REVIEW:83-87
reference	8c5911e4a4b07b07e832e4bb0d5d8859e88b4a9b	PBS/ribbons.txt	data	-	-	-	DATA_FIELDS_OR_SAMPLES_REVIEWED	A	agents/A/A-04/reading-log.tsv	12	401	TRUE	机制、具名数据字段/样本、逐条内容和实际启用分别登记；未读条目及配置组合保留，默认文件名不证明运行装载。 WP21缎带存储/升级/移除及摘要滚动合同可保持；图标字段是裁切位置而非排序规则。A-04额外具名读NATIONAL相关数据，不能把旧文件级定位状态继续误称为本轮完全未读，也不升级全文。 UNCHANGED_UNVERIFIED: 机制/配置/阅读/实际启用分层；运行观察0、已证Demo事件链0。	-	agents/A/A-04/equivalence.tsv;agents/A/A-04/report.md;agents/A/A-04/source-coverage.tsv	targeted_data:360-371
reference	8c5911e4a4b07b07e832e4bb0d5d8859e88b4a9b	PBS/town_map.txt	data	-	-	-	DATA_TEXT_REVIEWED_SCOPED	A;C	agents/A/A-08/reading-log.tsv;agents/C/C-02/reading-log.tsv;agents/C/C-06/reading-log.tsv	36	36	TRUE	机制、具名数据字段/样本、逐条内容和实际启用分别登记；未读条目及配置组合保留，默认文件名不证明运行装载。 区域地图/转换/飞行点导航有效；子格定位、同格多点首条优先、区域参数回退与旅行落位已有缺口。配置飞行点不证明解锁事件或真实可飞。 UNCHANGED_UNVERIFIED: 机制/配置/阅读/实际启用分层；运行观察0、已证Demo事件链0。	GIR-FD82-C088;GIR-FD82-C109;GIR-FD82-C110;GIR-FD82-C111	agents/A/A-08/equivalence.tsv;agents/A/A-08/report.md;agents/A/A-08/source-coverage.tsv;agents/C/C-02/equivalence.tsv;agents/C/C-02/report.md;agents/C/C-02/source-coverage.tsv;agents/C/C-06/equivalence.tsv;agents/C/C-06/report.md;agents/C/C-06/source-coverage.tsv	data_rows:3-31;33-36; full:1-36
reference	8c5911e4a4b07b07e832e4bb0d5d8859e88b4a9b	PBS/trainer_types.txt	data	-	-	-	DATA_FIELDS_OR_SAMPLES_REVIEWED	A;B;C;ROOT	agents/A/A-05/reading-log.tsv;agents/B/B-05/reading-log.tsv;agents/B/B-09/reading-log.tsv;agents/C/C-02/reading-log.tsv;root/peer-reading-log.tsv	154	401	TRUE	机制、具名数据字段/样本、逐条内容和实际启用分别登记；未读条目及配置组合保留，默认文件名不证明运行装载。 技能/编辑器/设施消费只是部分导航，还应接WP24身份、性别、基础金钱/资源与WP15战斗音频。下一战覆盖、数组末非空/空文本、直接类型辅助差异由A059承接。 UNCHANGED_UNVERIFIED: 机制/配置/阅读/实际启用分层；运行观察0、已证Demo事件链0。	GIR-FD82-A059;GIR-FD82-B021	agents/A/A-05/equivalence.tsv;agents/A/A-05/report.md;agents/A/A-05/source-coverage.tsv;agents/B/B-05/equivalence.tsv;agents/B/B-05/report.md;agents/B/B-05/source-coverage.tsv;agents/B/B-09/equivalence.tsv;agents/B/B-09/report.md;agents/B/B-09/source-coverage.tsv;agents/C/C-02/equivalence.tsv;agents/C/C-02/report.md;agents/C/C-02/source-coverage.tsv	targeted_current:1-80; bounded-sections:58-64;126-132;191-196; data-sample:191-195; targeted-text-records:18-28;38-43;79-84;95-100;171-181;191-201;239-244;269-274;297-307;312-317;396-401; TARGETED_SECOND_REVIEW:58-62
reference	8c5911e4a4b07b07e832e4bb0d5d8859e88b4a9b	PBS/trainers.txt	data	-	-	-	DATA_TEXT_REVIEWED_SCOPED	A;B;C	agents/A/A-04/reading-log.tsv;agents/A/A-05/reading-log.tsv;agents/B/B-04/reading-log.tsv;agents/B/B-05/reading-log.tsv;agents/B/B-06/reading-log.tsv;agents/C/C-02/reading-log.tsv	118	118	TRUE	机制、具名数据字段/样本、逐条内容和实际启用分别登记；未读条目及配置组合保留，默认文件名不证明运行装载。 普通训练家版本/队伍/持物/Shadow装载主责应接WP24；设施池是不同文件与消费者。检查入口未知类型并非都报错，编辑器的空槽与取消/省略值边界已有问题。 UNCHANGED_UNVERIFIED: 机制/配置/阅读/实际启用分层；运行观察0、已证Demo事件链0。	GIR-FD82-A033;GIR-FD82-C021;GIR-FD82-C023	agents/A/A-04/equivalence.tsv;agents/A/A-04/report.md;agents/A/A-04/source-coverage.tsv;agents/A/A-05/equivalence.tsv;agents/A/A-05/report.md;agents/A/A-05/source-coverage.tsv;agents/B/B-04/equivalence.tsv;agents/B/B-04/report.md;agents/B/B-04/source-coverage.tsv;agents/B/B-05/equivalence.tsv;agents/B/B-05/report.md;agents/B/B-05/source-coverage.tsv;agents/B/B-06/equivalence.tsv;agents/B/B-06/report.md;agents/B/B-06/source-coverage.tsv;agents/C/C-02/equivalence.tsv;agents/C/C-02/report.md;agents/C/C-02/source-coverage.tsv	targeted_data_and_search:18-41; named Shadow/item header search; targeted_current:1-70; text-search-only:1-EOF; full:1-118
reference	8c5911e4a4b07b07e832e4bb0d5d8859e88b4a9b	PBS/types.txt	data	-	-	-	DATA_TEXT_REVIEWED_SCOPED	A;B;C	agents/A/A-04/reading-log.tsv;agents/B/B-02/reading-log.tsv;agents/B/B-03/reading-log.tsv;agents/B/B-04/reading-log.tsv;agents/B/B-05/reading-log.tsv;agents/C/C-07/reading-log.tsv;agents/C/C-08/reading-log.tsv	129	129	TRUE	机制、具名数据字段/样本、逐条内容和实际启用分别登记；未读条目及配置组合保留，默认文件名不证明运行装载。 类型schema与相性主责还应显式接WP03/WP43；AI/卡牌/编辑器只是其它消费者。B-02明确读当前types全文，原表更窄的具名读取并不错误；不外推可选SHADOW类型已启用。 UNCHANGED_UNVERIFIED: 机制/配置/阅读/实际启用分层；运行观察0、已证Demo事件链0。	-	agents/A/A-04/equivalence.tsv;agents/A/A-04/report.md;agents/A/A-04/source-coverage.tsv;agents/B/B-02/equivalence.tsv;agents/B/B-02/report.md;agents/B/B-02/source-coverage.tsv;agents/B/B-03/equivalence.tsv;agents/B/B-03/report.md;agents/B/B-03/source-coverage.tsv;agents/B/B-04/equivalence.tsv;agents/B/B-04/report.md;agents/B/B-04/source-coverage.tsv;agents/B/B-05/equivalence.tsv;agents/B/B-05/report.md;agents/B/B-05/source-coverage.tsv;agents/C/C-07/equivalence.tsv;agents/C/C-07/report.md;agents/C/C-07/source-coverage.tsv;agents/C/C-08/equivalence.tsv;agents/C/C-08/report.md;agents/C/C-08/source-coverage.tsv	targeted_data:1-7;66-85; full:1-129; reused-full:1-129; targeted_static_dependency:114-129
reference	8c5911e4a4b07b07e832e4bb0d5d8859e88b4a9b	README.md	supporting-material	-	-	-	MAPPED_REVIEWED_SCOPED	A;C;ROOT	agents/A/A-01/reading-log.tsv;agents/A/X-A-EDIT-CACHE/reading-log.tsv;agents/C/C-02/reading-log.tsv;root/peer-reading-log.tsv	42	42	TRUE	仅认可所链接主审行为族与取证范围；整文件行段读完不等于每个分支/配置组合或运行结果已证。	GIR-FD82-001;GIR-FD82-C024	agents/A/A-01/equivalence.tsv;agents/A/A-01/report.md;agents/A/A-01/source-coverage.tsv;agents/C/C-02/equivalence.tsv;agents/C/C-02/report.md;agents/C/C-02/source-coverage.tsv	full:1-EOF; SEMANTIC_TARGETED; exact cited ranges read:15–28; full:1-42; TARGETED_SECOND_REVIEW:23-28
reference	8c5911e4a4b07b07e832e4bb0d5d8859e88b4a9b	Text_english_core/ABILITY_DESCRIPTIONS.txt	data	-	-	-	UNREAD_LOCALIZATION_CONTENT	-	-	0	508	TRUE	WP08格式/选择/回退机制已审；仅TYPE_NAMES具名样本，不宣称译文/文本全集正确或已读。	-	-	NONE
reference	8c5911e4a4b07b07e832e4bb0d5d8859e88b4a9b	Text_english_core/ABILITY_NAMES.txt	data	-	-	-	UNREAD_LOCALIZATION_CONTENT	-	-	0	536	TRUE	WP08格式/选择/回退机制已审；仅TYPE_NAMES具名样本，不宣称译文/文本全集正确或已读。	-	-	NONE
reference	8c5911e4a4b07b07e832e4bb0d5d8859e88b4a9b	Text_english_core/ITEM_DESCRIPTIONS.txt	data	-	-	-	UNREAD_LOCALIZATION_CONTENT	-	-	0	1334	TRUE	WP08格式/选择/回退机制已审；仅TYPE_NAMES具名样本，不宣称译文/文本全集正确或已读。	-	-	NONE
reference	8c5911e4a4b07b07e832e4bb0d5d8859e88b4a9b	Text_english_core/ITEM_NAMES.txt	data	-	-	-	UNREAD_LOCALIZATION_CONTENT	-	-	0	1464	TRUE	WP08格式/选择/回退机制已审；仅TYPE_NAMES具名样本，不宣称译文/文本全集正确或已读。	-	-	NONE
reference	8c5911e4a4b07b07e832e4bb0d5d8859e88b4a9b	Text_english_core/ITEM_NAME_PLURALS.txt	data	-	-	-	UNREAD_LOCALIZATION_CONTENT	-	-	0	1464	TRUE	WP08格式/选择/回退机制已审；仅TYPE_NAMES具名样本，不宣称译文/文本全集正确或已读。	-	-	NONE
reference	8c5911e4a4b07b07e832e4bb0d5d8859e88b4a9b	Text_english_core/ITEM_PORTION_NAMES.txt	data	-	-	-	UNREAD_LOCALIZATION_CONTENT	-	-	0	208	TRUE	WP08格式/选择/回退机制已审；仅TYPE_NAMES具名样本，不宣称译文/文本全集正确或已读。	-	-	NONE
reference	8c5911e4a4b07b07e832e4bb0d5d8859e88b4a9b	Text_english_core/ITEM_PORTION_NAME_PLURALS.txt	data	-	-	-	UNREAD_LOCALIZATION_CONTENT	-	-	0	208	TRUE	WP08格式/选择/回退机制已审；仅TYPE_NAMES具名样本，不宣称译文/文本全集正确或已读。	-	-	NONE
reference	8c5911e4a4b07b07e832e4bb0d5d8859e88b4a9b	Text_english_core/MOVE_DESCRIPTIONS.txt	data	-	-	-	UNREAD_LOCALIZATION_CONTENT	-	-	0	1454	TRUE	WP08格式/选择/回退机制已审；仅TYPE_NAMES具名样本，不宣称译文/文本全集正确或已读。	-	-	NONE
reference	8c5911e4a4b07b07e832e4bb0d5d8859e88b4a9b	Text_english_core/MOVE_NAMES.txt	data	-	-	-	UNREAD_LOCALIZATION_CONTENT	-	-	0	1526	TRUE	WP08格式/选择/回退机制已审；仅TYPE_NAMES具名样本，不宣称译文/文本全集正确或已读。	-	-	NONE
reference	8c5911e4a4b07b07e832e4bb0d5d8859e88b4a9b	Text_english_core/POKEDEX_ENTRIES.txt	data	-	-	-	UNREAD_LOCALIZATION_CONTENT	-	-	0	2060	TRUE	WP08格式/选择/回退机制已审；仅TYPE_NAMES具名样本，不宣称译文/文本全集正确或已读。	-	-	NONE
reference	8c5911e4a4b07b07e832e4bb0d5d8859e88b4a9b	Text_english_core/RIBBON_DESCRIPTIONS.txt	data	-	-	-	UNREAD_LOCALIZATION_CONTENT	-	-	0	160	TRUE	WP08格式/选择/回退机制已审；仅TYPE_NAMES具名样本，不宣称译文/文本全集正确或已读。	-	-	NONE
reference	8c5911e4a4b07b07e832e4bb0d5d8859e88b4a9b	Text_english_core/RIBBON_NAMES.txt	data	-	-	-	UNREAD_LOCALIZATION_CONTENT	-	-	0	144	TRUE	WP08格式/选择/回退机制已审；仅TYPE_NAMES具名样本，不宣称译文/文本全集正确或已读。	-	-	NONE
reference	8c5911e4a4b07b07e832e4bb0d5d8859e88b4a9b	Text_english_core/SCRIPT_TEXTS.txt	data	-	-	-	UNREAD_LOCALIZATION_CONTENT	-	-	0	6614	TRUE	WP08格式/选择/回退机制已审；仅TYPE_NAMES具名样本，不宣称译文/文本全集正确或已读。	-	-	NONE
reference	8c5911e4a4b07b07e832e4bb0d5d8859e88b4a9b	Text_english_core/SPECIES_CATEGORIES.txt	data	-	-	-	UNREAD_LOCALIZATION_CONTENT	-	-	0	1304	TRUE	WP08格式/选择/回退机制已审；仅TYPE_NAMES具名样本，不宣称译文/文本全集正确或已读。	-	-	NONE
reference	8c5911e4a4b07b07e832e4bb0d5d8859e88b4a9b	Text_english_core/SPECIES_FORM_NAMES.txt	data	-	-	-	UNREAD_LOCALIZATION_CONTENT	-	-	0	540	TRUE	WP08格式/选择/回退机制已审；仅TYPE_NAMES具名样本，不宣称译文/文本全集正确或已读。	-	-	NONE
reference	8c5911e4a4b07b07e832e4bb0d5d8859e88b4a9b	Text_english_core/SPECIES_NAMES.txt	data	-	-	-	UNREAD_LOCALIZATION_CONTENT	-	-	0	1800	TRUE	WP08格式/选择/回退机制已审；仅TYPE_NAMES具名样本，不宣称译文/文本全集正确或已读。	-	-	NONE
reference	8c5911e4a4b07b07e832e4bb0d5d8859e88b4a9b	Text_english_core/TRAINER_TYPE_NAMES.txt	data	-	-	-	UNREAD_LOCALIZATION_CONTENT	-	-	0	100	TRUE	WP08格式/选择/回退机制已审；仅TYPE_NAMES具名样本，不宣称译文/文本全集正确或已读。	-	-	NONE
reference	8c5911e4a4b07b07e832e4bb0d5d8859e88b4a9b	Text_english_core/TYPE_NAMES.txt	data	-	-	-	LOCALIZATION_SAMPLE_ONLY	A	agents/A/A-02/reading-log.tsv	12	42	TRUE	WP08格式/选择/回退机制已审；仅TYPE_NAMES具名样本，不宣称译文/文本全集正确或已读。	-	agents/A/A-02/equivalence.tsv;agents/A/A-02/report.md;agents/A/A-02/source-coverage.tsv	data_sample:1-12
reference	8c5911e4a4b07b07e832e4bb0d5d8859e88b4a9b	animmaker.exe	supporting-material	-	-	-	UNOPENED_BINARY; MATERIAL_LIMIT	-	-	0		TRUE	仅固定仓库身份；未执行、反序列化或运行观察。字体/图像/音色/宿主可执行及打包数据不能视作已验证。	-	-	NONE
reference	8c5911e4a4b07b07e832e4bb0d5d8859e88b4a9b	animmaker.txt	supporting-material	-	-	-	MAPPED_REVIEWED_SCOPED	C	agents/C/C-02/reading-log.tsv	26	26	TRUE	仅认可所链接主审行为族与取证范围；整文件行段读完不等于每个分支/配置组合或运行结果已证。	-	agents/C/C-02/equivalence.tsv;agents/C/C-02/report.md;agents/C/C-02/source-coverage.tsv	full:1-26
reference	8c5911e4a4b07b07e832e4bb0d5d8859e88b4a9b	extendtext.exe	supporting-material	-	-	-	UNOPENED_BINARY; MATERIAL_LIMIT	-	-	0		TRUE	仅固定仓库身份；未执行、反序列化或运行观察。字体/图像/音色/宿主可执行及打包数据不能视作已验证。	-	-	NONE
reference	8c5911e4a4b07b07e832e4bb0d5d8859e88b4a9b	extendtext.txt	supporting-material	-	-	-	MAPPED_REVIEWED_SCOPED	C	agents/C/C-02/reading-log.tsv	4	4	TRUE	仅认可所链接主审行为族与取证范围；整文件行段读完不等于每个分支/配置组合或运行结果已证。	-	agents/C/C-02/equivalence.tsv;agents/C/C-02/report.md;agents/C/C-02/source-coverage.tsv	full:1-4
reference	8c5911e4a4b07b07e832e4bb0d5d8859e88b4a9b	knownpoint.bmp	supporting-material	-	-	-	UNOPENED_BINARY; MATERIAL_LIMIT	-	-	0		TRUE	仅固定仓库身份；未执行、反序列化或运行观察。字体/图像/音色/宿主可执行及打包数据不能视作已验证。	-	-	NONE
reference	8c5911e4a4b07b07e832e4bb0d5d8859e88b4a9b	mkxp.json	supporting-material	-	-	-	MAPPED_REVIEWED_SCOPED	ROOT	root/peer-reading-log.tsv	159	159	TRUE	仅认可所链接主审行为族与取证范围；整文件行段读完不等于每个分支/配置组合或运行结果已证。	-	-	TARGETED_ROOT_ADJUDICATION_AFTER_SOURCE_PEER:1-159
reference	8c5911e4a4b07b07e832e4bb0d5d8859e88b4a9b	scripts_combine.rb	script	-	-	-	MAPPED_REVIEWED_SCOPED; OPEN_REQUIRED_REVISION_LINKED	C;ROOT	agents/C/C-02/reading-log.tsv;root/peer-reading-log.tsv	183	183	TRUE	仅认可所链接主审行为族与取证范围；整文件行段读完不等于每个分支/配置组合或运行结果已证。	GIR-FD82-C003;GIR-FD82-C024	agents/C/C-02/equivalence.tsv;agents/C/C-02/report.md;agents/C/C-02/source-coverage.tsv	full-text-opaque-payload:1-183; TARGETED_SECOND_REVIEW:76-117;182-183; TARGETED_EXTENSION_REVIEW:119-137
reference	8c5911e4a4b07b07e832e4bb0d5d8859e88b4a9b	scripts_extract.rb	script	-	-	-	MAPPED_REVIEWED_SCOPED; OPEN_REQUIRED_REVISION_LINKED	C;ROOT	agents/C/C-02/reading-log.tsv;root/peer-reading-log.tsv	183	183	TRUE	仅认可所链接主审行为族与取证范围；整文件行段读完不等于每个分支/配置组合或运行结果已证。	GIR-FD82-C024	agents/C/C-02/equivalence.tsv;agents/C/C-02/report.md;agents/C/C-02/source-coverage.tsv	full-text-opaque-payload:1-183; TARGETED_SECOND_REVIEW:12-19;61-88;182-183
reference	8c5911e4a4b07b07e832e4bb0d5d8859e88b4a9b	selpoint.bmp	supporting-material	-	-	-	UNOPENED_BINARY; MATERIAL_LIMIT	-	-	0		TRUE	仅固定仓库身份；未执行、反序列化或运行观察。字体/图像/音色/宿主可执行及打包数据不能视作已验证。	-	-	NONE
reference	8c5911e4a4b07b07e832e4bb0d5d8859e88b4a9b	soundfont.sf2	supporting-material	-	-	-	UNOPENED_BINARY; MATERIAL_LIMIT	-	-	0		TRUE	仅固定仓库身份；未执行、反序列化或运行观察。字体/图像/音色/宿主可执行及打包数据不能视作已验证。	-	-	NONE
reference	8c5911e4a4b07b07e832e4bb0d5d8859e88b4a9b	townmapgen.html	supporting-material	-	-	-	MAPPED_REVIEWED_SCOPED	C	agents/C/C-02/reading-log.tsv	414	414	TRUE	仅认可所链接主审行为族与取证范围；整文件行段读完不等于每个分支/配置组合或运行结果已证。	-	agents/C/C-02/equivalence.tsv;agents/C/C-02/report.md;agents/C/C-02/source-coverage.tsv	full-static-text:1-414
reference	8c5911e4a4b07b07e832e4bb0d5d8859e88b4a9b	x64-msvcrt-ruby310.dll	supporting-material	-	-	-	UNOPENED_BINARY; MATERIAL_LIMIT	-	-	0		TRUE	仅固定仓库身份；未执行、反序列化或运行观察。字体/图像/音色/宿主可执行及打包数据不能视作已验证。	-	-	NONE
reference	8c5911e4a4b07b07e832e4bb0d5d8859e88b4a9b	zlib1.dll	supporting-material	-	-	-	UNOPENED_BINARY; MATERIAL_LIMIT	-	-	0		TRUE	仅固定仓库身份；未执行、反序列化或运行观察。字体/图像/音色/宿主可执行及打包数据不能视作已验证。	-	-	NONE
