finding_id	path	classification	exists_at_review_base
WP80-INTAKE-R01	deliverables/final-specification-set/demo-dx/wp72-debug-contexts-and-controls.md	FINAL_FINDING_LINKED_CLAUSES_ONLY	True
WP80-INTAKE-R01	deliverables/final-specification-set/demo-dx/wp74-battle-animation-authoring-and-exchange.md	FINAL_FINDING_LINKED_CLAUSES_ONLY	True
WP80-INTAKE-R01	deliverables/final-specification-set/demo-dx/wp75-project-conversion-and-authoring-tools.md	FINAL_FINDING_LINKED_CLAUSES_ONLY	True
WP80-INTAKE-R01	deliverables/final-specification-set/engine-overworld/wp13-map-events-npc-followers.md	FINAL_FINDING_LINKED_CLAUSES_ONLY	True
WP80-INTAKE-R01	deliverables/final-specification-set/engine-overworld/wp14-random-dungeons.md	FINAL_FINDING_LINKED_CLAUSES_ONLY	True
WP80-INTAKE-R01	deliverables/final-specification-set/engine-overworld/wp59-world-time-weather-field-moves.md	FINAL_FINDING_LINKED_CLAUSES_ONLY	True
WP80-INTAKE-R01	deliverables/final-specification-set/test-catalog/demo-dx-wp72-73-74-75-76-77.md	SHARED_TEST_FAMILY_SERIAL_FILE_LOCK	True
WP80-INTAKE-R01	deliverables/final-specification-set/test-catalog/engine-overworld-wp11-15-59-60.md	SHARED_TEST_FAMILY_SERIAL_FILE_LOCK	True
WP80-INTAKE-R01	review/wp80-delivery-2026-10-03/batch-15/clause-disposition.md	IMMUTABLE_EVIDENCE_SUCCESSOR_ERRATA_ONLY	True
WP80-INTAKE-R01	specs/demo/wp72-debug-contexts-and-controls.md	IMMUTABLE_EVIDENCE_SUCCESSOR_ERRATA_ONLY	True
WP80-INTAKE-R01	specs/overworld/wp59-world-time-weather-field-moves.md	IMMUTABLE_EVIDENCE_SUCCESSOR_ERRATA_ONLY	True
WP80-INTAKE-R02	audit/source-traceability.md	PUBLIC_SINGLE_AUTHOR_OR_SUCCESSOR	True
WP80-INTAKE-R02	deliverables/final-specification-set/creature-rpg/wp68-triple-triad.md	FINAL_FINDING_LINKED_CLAUSES_ONLY	True
WP80-INTAKE-R02	deliverables/final-specification-set/pokemon-rules/wp69-voltorb-flip.md	FINAL_FINDING_LINKED_CLAUSES_ONLY	True
WP80-INTAKE-R02	deliverables/final-specification-set/pokemon-rules/wp70-lottery.md	FINAL_FINDING_LINKED_CLAUSES_ONLY	True
WP80-INTAKE-R02	deliverables/final-specification-set/user-interface/wp68-duel.md	FINAL_FINDING_LINKED_CLAUSES_ONLY	True
WP80-INTAKE-R02	deliverables/final-specification-set/user-interface/wp69-slot-machine.md	FINAL_FINDING_LINKED_CLAUSES_ONLY	True
WP80-INTAKE-R02	deliverables/final-specification-set/user-interface/wp69-slot-reels.md	FINAL_FINDING_LINKED_CLAUSES_ONLY	True
WP80-INTAKE-R02	deliverables/final-specification-set/user-interface/wp70-mining-data.md	FINAL_FINDING_LINKED_CLAUSES_ONLY	True
WP80-INTAKE-R02	deliverables/final-specification-set/user-interface/wp70-mining.md	FINAL_FINDING_LINKED_CLAUSES_ONLY	True
WP80-INTAKE-R02	review/wp80-delivery-2026-10-03/batch-08/checks.json	IMMUTABLE_EVIDENCE_SUCCESSOR_ERRATA_ONLY	True
WP80-INTAKE-R02	review/wp80-delivery-2026-10-03/batch-08/clause-disposition.md	IMMUTABLE_EVIDENCE_SUCCESSOR_ERRATA_ONLY	True
WP80-INTAKE-R02	review/wp80-delivery-2026-10-03/batch-09c/checks.json	IMMUTABLE_EVIDENCE_SUCCESSOR_ERRATA_ONLY	True
WP80-INTAKE-R02	review/wp80-delivery-2026-10-03/batch-09c/clause-disposition.md	IMMUTABLE_EVIDENCE_SUCCESSOR_ERRATA_ONLY	True
WP80-INTAKE-R02	review/wp80-delivery-2026-10-03/batch-14/checks.json	IMMUTABLE_EVIDENCE_SUCCESSOR_ERRATA_ONLY	True
WP80-INTAKE-R02	review/wp80-delivery-2026-10-03/batch-14/clause-disposition.md	IMMUTABLE_EVIDENCE_SUCCESSOR_ERRATA_ONLY	True
WP80-INTAKE-R02	review/wp80-delivery-2026-10-03/batch-14/round-169-final-checks.json	IMMUTABLE_EVIDENCE_SUCCESSOR_ERRATA_ONLY	True
WP80-INTAKE-R02	review/wp80-delivery-2026-10-03/wp80-completion-report.md	IMMUTABLE_EVIDENCE_SUCCESSOR_ERRATA_ONLY	True
WP80-INTAKE-C01	review/wp80-delivery-2026-10-03/wp80-completion-report.md	IMMUTABLE_EVIDENCE_SUCCESSOR_ERRATA_ONLY	True
WP80-B02-R01	deliverables/final-specification-set/generic-kernel/wp02-rule-configuration-and-data-variants.md	FINAL_FINDING_LINKED_CLAUSES_ONLY	True
WP80-B02-R01	review/wp80-delivery-2026-10-03/batch-02/revision-v2/revision-response.md	IMMUTABLE_EVIDENCE_SUCCESSOR_ERRATA_ONLY	True
WP80-B02-R02	audit/source-traceability.md	PUBLIC_SINGLE_AUTHOR_OR_SUCCESSOR	True
WP80-B02-R02	review/wp80-delivery-2026-10-03/batch-02/revision-v2/clause-disposition.md	IMMUTABLE_EVIDENCE_SUCCESSOR_ERRATA_ONLY	True
GIR-FD82-001	audit/source-traceability.md	PUBLIC_SINGLE_AUTHOR_OR_SUCCESSOR	True
GIR-FD82-001	deliverables/final-specification-set/README.md	PUBLIC_SINGLE_AUTHOR_OR_SUCCESSOR	True
GIR-FD82-001	deliverables/final-specification-set/creature-rpg/wp68-triple-triad.md	FINAL_FINDING_LINKED_CLAUSES_ONLY	True
GIR-FD82-001	deliverables/final-specification-set/pokemon-rules/wp69-voltorb-layouts.md	FINAL_FINDING_LINKED_CLAUSES_ONLY	True
GIR-FD82-001	deliverables/final-specification-set/scope-statement.md	PUBLIC_SINGLE_AUTHOR_OR_SUCCESSOR	True
GIR-FD82-001	deliverables/final-specification-set/user-interface/wp68-duel.md	FINAL_FINDING_LINKED_CLAUSES_ONLY	True
GIR-FD82-001	deliverables/final-specification-set/user-interface/wp69-slot-machine.md	FINAL_FINDING_LINKED_CLAUSES_ONLY	True
GIR-FD82-001	deliverables/final-specification-set/user-interface/wp69-slot-reels.md	FINAL_FINDING_LINKED_CLAUSES_ONLY	True
GIR-FD82-001	deliverables/final-specification-set/user-interface/wp70-mining-data.md	FINAL_FINDING_LINKED_CLAUSES_ONLY	True
GIR-FD82-001	deliverables/final-specification-set/user-interface/wp70-mining.md	FINAL_FINDING_LINKED_CLAUSES_ONLY	True
GIR-FD82-001	deliverables/final-specification-set/user-interface/wp71-tile-puzzles.md	FINAL_FINDING_LINKED_CLAUSES_ONLY	True
GIR-FD82-001	review/wp80-delivery-readiness-review-2026-10-03/global-review-handoff.md	IMMUTABLE_EVIDENCE_SUCCESSOR_ERRATA_ONLY	True
GIR-FD82-002	deliverables/final-specification-set/engine-overworld/wp16-world-rendering-and-visual-transitions.md	FINAL_FINDING_LINKED_CLAUSES_ONLY	True
GIR-FD82-002	review/wp79-coverage-review-2026-10-03/revision-v6/source-judgments.json	IMMUTABLE_EVIDENCE_SUCCESSOR_ERRATA_ONLY	True
GIR-FD82-002	specs/overworld/wp16-world-rendering-and-visual-transitions.md	IMMUTABLE_EVIDENCE_SUCCESSOR_ERRATA_ONLY	True
GIR-FD82-A001	deliverables/final-specification-set/generic-kernel/wp04-pbs-lifecycle.md	FINAL_FINDING_LINKED_CLAUSES_ONLY	True
GIR-FD82-A001	deliverables/final-specification-set/test-catalog/generic-kernel-wp02-03-04.md	SHARED_TEST_FAMILY_SERIAL_FILE_LOCK	True
GIR-FD82-A001	specs/kernel/wp04-pbs-lifecycle.md	IMMUTABLE_EVIDENCE_SUCCESSOR_ERRATA_ONLY	True
GIR-FD82-A002	deliverables/final-specification-set/generic-kernel/wp04-pbs-lifecycle.md	FINAL_FINDING_LINKED_CLAUSES_ONLY	True
GIR-FD82-A002	specs/kernel/wp04-pbs-lifecycle.md	IMMUTABLE_EVIDENCE_SUCCESSOR_ERRATA_ONLY	True
GIR-FD82-A003	deliverables/final-specification-set/generic-kernel/wp05-events-extensions-plugins.md	FINAL_FINDING_LINKED_CLAUSES_ONLY	True
GIR-FD82-A003	deliverables/final-specification-set/test-catalog/generic-kernel-wp05-06-07-08-09-10.md	SHARED_TEST_FAMILY_SERIAL_FILE_LOCK	True
GIR-FD82-A003	specs/kernel/wp05-events-extensions-plugins.md	IMMUTABLE_EVIDENCE_SUCCESSOR_ERRATA_ONLY	True
GIR-FD82-A004	deliverables/final-specification-set/generic-kernel/wp05-events-extensions-plugins.md	FINAL_FINDING_LINKED_CLAUSES_ONLY	True
GIR-FD82-A004	specs/kernel/wp05-events-extensions-plugins.md	IMMUTABLE_EVIDENCE_SUCCESSOR_ERRATA_ONLY	True
GIR-FD82-A006	deliverables/final-specification-set/generic-kernel/wp02-rule-configuration-and-data-variants.md	FINAL_FINDING_LINKED_CLAUSES_ONLY	True
GIR-FD82-A006	deliverables/final-specification-set/generic-kernel/wp08-localization.md	FINAL_FINDING_LINKED_CLAUSES_ONLY	True
GIR-FD82-A006	specs/kernel/wp02-rule-configuration-and-data-variants.md	IMMUTABLE_EVIDENCE_SUCCESSOR_ERRATA_ONLY	True
GIR-FD82-A006	specs/kernel/wp02-settings-inventory-appendix.md	IMMUTABLE_EVIDENCE_SUCCESSOR_ERRATA_ONLY	True
GIR-FD82-A006	specs/kernel/wp08-localization.md	IMMUTABLE_EVIDENCE_SUCCESSOR_ERRATA_ONLY	True
GIR-FD82-A009	deliverables/final-specification-set/test-catalog/generic-kernel-wp05-06-07-08-09-10.md	SHARED_TEST_FAMILY_SERIAL_FILE_LOCK	True
GIR-FD82-A009	specs/kernel/wp05-events-extensions-plugins.md	IMMUTABLE_EVIDENCE_SUCCESSOR_ERRATA_ONLY	True
GIR-FD82-A010	deliverables/final-specification-set/generic-kernel/wp06-stats-directory.md	FINAL_FINDING_LINKED_CLAUSES_ONLY	True
GIR-FD82-A010	deliverables/final-specification-set/test-catalog/generic-kernel-wp05-06-07-08-09-10.md	SHARED_TEST_FAMILY_SERIAL_FILE_LOCK	True
GIR-FD82-A010	specs/kernel/wp06-stats-directory.md	IMMUTABLE_EVIDENCE_SUCCESSOR_ERRATA_ONLY	True
GIR-FD82-A010	specs/kernel/wp06-time-random-steps-stats.md	IMMUTABLE_EVIDENCE_SUCCESSOR_ERRATA_ONLY	True
GIR-FD82-A011	deliverables/final-specification-set/generic-kernel/wp06-stats-directory.md	FINAL_FINDING_LINKED_CLAUSES_ONLY	True
GIR-FD82-A011	specs/kernel/wp06-stats-directory.md	IMMUTABLE_EVIDENCE_SUCCESSOR_ERRATA_ONLY	True
GIR-FD82-A012	deliverables/final-specification-set/generic-kernel/wp07-diagnostics-files-http.md	FINAL_FINDING_LINKED_CLAUSES_ONLY	True
GIR-FD82-A012	specs/kernel/wp07-diagnostics-files-http.md	IMMUTABLE_EVIDENCE_SUCCESSOR_ERRATA_ONLY	True
GIR-FD82-A013	deliverables/final-specification-set/generic-kernel/wp08-localization.md	FINAL_FINDING_LINKED_CLAUSES_ONLY	True
GIR-FD82-A013	specs/kernel/wp08-localization.md	IMMUTABLE_EVIDENCE_SUCCESSOR_ERRATA_ONLY	True
GIR-FD82-A014	deliverables/final-specification-set/generic-kernel/wp09-save-startup-continue.md	FINAL_FINDING_LINKED_CLAUSES_ONLY	True
GIR-FD82-A014	deliverables/final-specification-set/generic-kernel/wp10-migration-failure-recovery.md	FINAL_FINDING_LINKED_CLAUSES_ONLY	True
GIR-FD82-A014	deliverables/final-specification-set/test-catalog/generic-kernel-wp05-06-07-08-09-10.md	SHARED_TEST_FAMILY_SERIAL_FILE_LOCK	True
GIR-FD82-A014	specs/kernel/wp09-save-startup-continue.md	IMMUTABLE_EVIDENCE_SUCCESSOR_ERRATA_ONLY	True
GIR-FD82-A014	specs/kernel/wp10-migration-failure-recovery.md	IMMUTABLE_EVIDENCE_SUCCESSOR_ERRATA_ONLY	True
GIR-FD82-A015	deliverables/final-specification-set/generic-kernel/wp09-save-startup-continue.md	FINAL_FINDING_LINKED_CLAUSES_ONLY	True
GIR-FD82-A015	deliverables/final-specification-set/test-catalog/generic-kernel-wp05-06-07-08-09-10.md	SHARED_TEST_FAMILY_SERIAL_FILE_LOCK	True
GIR-FD82-A015	deliverables/final-specification-set/test-catalog/user-interface-wp17-63-65-66-67-68-69-70-71.md	SHARED_TEST_FAMILY_SERIAL_FILE_LOCK	True
GIR-FD82-A015	deliverables/final-specification-set/user-interface/wp65-title-load-options-pause-and-pc.md	FINAL_FINDING_LINKED_CLAUSES_ONLY	True
GIR-FD82-A015	specs/kernel/wp09-save-startup-continue.md	IMMUTABLE_EVIDENCE_SUCCESSOR_ERRATA_ONLY	True
GIR-FD82-A016	deliverables/final-specification-set/generic-kernel/wp10-migration-failure-recovery.md	FINAL_FINDING_LINKED_CLAUSES_ONLY	True
GIR-FD82-A016	specs/kernel/wp06-stats-directory.md	IMMUTABLE_EVIDENCE_SUCCESSOR_ERRATA_ONLY	True
GIR-FD82-A016	specs/kernel/wp10-migration-failure-recovery.md	IMMUTABLE_EVIDENCE_SUCCESSOR_ERRATA_ONLY	True
GIR-FD82-A017	audit/source-traceability.md	PUBLIC_SINGLE_AUTHOR_OR_SUCCESSOR	True
GIR-FD82-A018	deliverables/final-specification-set/test-catalog/generic-kernel-wp05-06-07-08-09-10.md	SHARED_TEST_FAMILY_SERIAL_FILE_LOCK	True
GIR-FD82-A018	specs/kernel/wp08-localization.md	IMMUTABLE_EVIDENCE_SUCCESSOR_ERRATA_ONLY	True
GIR-FD82-A020	deliverables/final-specification-set/creature-rpg/wp28-item-use-and-training.md	FINAL_FINDING_LINKED_CLAUSES_ONLY	True
GIR-FD82-A020	deliverables/final-specification-set/generic-kernel/wp03-content-identity-and-schema.md	FINAL_FINDING_LINKED_CLAUSES_ONLY	True
GIR-FD82-A020	deliverables/final-specification-set/pokemon-rules/wp19-attributes-ability-and-stats.md	FINAL_FINDING_LINKED_CLAUSES_ONLY	True
GIR-FD82-A020	deliverables/final-specification-set/test-catalog/pokemon-rules-wp19-21-22-23-34.md	SHARED_TEST_FAMILY_SERIAL_FILE_LOCK	True
GIR-FD82-A020	specs/pokemon-rules/wp19-attributes-ability-and-stats.md	IMMUTABLE_EVIDENCE_SUCCESSOR_ERRATA_ONLY	True
GIR-FD82-A021	deliverables/final-specification-set/creature-rpg/wp18-creature-identity-species-ownership.md	FINAL_FINDING_LINKED_CLAUSES_ONLY	True
GIR-FD82-A021	specs/creature-rpg/wp18-creature-identity-species-ownership.md	IMMUTABLE_EVIDENCE_SUCCESSOR_ERRATA_ONLY	True
GIR-FD82-A022	deliverables/final-specification-set/creature-rpg/wp18-creature-identity-species-ownership.md	FINAL_FINDING_LINKED_CLAUSES_ONLY	True
GIR-FD82-A022	deliverables/final-specification-set/pokemon-rules/wp21-dynamic-forms-and-display.md	FINAL_FINDING_LINKED_CLAUSES_ONLY	True
GIR-FD82-A022	specs/creature-rpg/wp18-creature-identity-species-ownership.md	IMMUTABLE_EVIDENCE_SUCCESSOR_ERRATA_ONLY	True
GIR-FD82-A023	deliverables/final-specification-set/creature-rpg/wp20-hp-status-moves-helditem.md	FINAL_FINDING_LINKED_CLAUSES_ONLY	True
GIR-FD82-A023	specs/creature-rpg/wp20-hp-status-moves-helditem.md	IMMUTABLE_EVIDENCE_SUCCESSOR_ERRATA_ONLY	True
GIR-FD82-A024	deliverables/final-specification-set/creature-rpg/wp20-hp-status-moves-helditem.md	FINAL_FINDING_LINKED_CLAUSES_ONLY	True
GIR-FD82-A024	deliverables/final-specification-set/creature-rpg/wp30-growth-learning-and-friendship.md	FINAL_FINDING_LINKED_CLAUSES_ONLY	True
GIR-FD82-A024	specs/creature-rpg/wp20-hp-status-moves-helditem.md	IMMUTABLE_EVIDENCE_SUCCESSOR_ERRATA_ONLY	True
GIR-FD82-A025	deliverables/final-specification-set/creature-rpg/wp20-hp-status-moves-helditem.md	FINAL_FINDING_LINKED_CLAUSES_ONLY	True
GIR-FD82-A025	specs/creature-rpg/wp20-hp-status-moves-helditem.md	IMMUTABLE_EVIDENCE_SUCCESSOR_ERRATA_ONLY	True
GIR-FD82-A026	deliverables/final-specification-set/pokemon-rules/wp21-dynamic-forms-and-display.md	FINAL_FINDING_LINKED_CLAUSES_ONLY	True
GIR-FD82-A026	deliverables/final-specification-set/test-catalog/pokemon-rules-wp19-21-22-23-34.md	SHARED_TEST_FAMILY_SERIAL_FILE_LOCK	True
GIR-FD82-A026	specs/pokemon-rules/wp21-dynamic-forms-and-display.md	IMMUTABLE_EVIDENCE_SUCCESSOR_ERRATA_ONLY	True
GIR-FD82-A027	deliverables/final-specification-set/pokemon-rules/wp21-dynamic-forms-and-display.md	FINAL_FINDING_LINKED_CLAUSES_ONLY	True
GIR-FD82-A027	specs/pokemon-rules/wp21-dynamic-forms-and-display.md	IMMUTABLE_EVIDENCE_SUCCESSOR_ERRATA_ONLY	True
GIR-FD82-A028	deliverables/final-specification-set/pokemon-rules/wp22-mega-and-primal-reversion.md	FINAL_FINDING_LINKED_CLAUSES_ONLY	True
GIR-FD82-A028	deliverables/final-specification-set/pokemon-rules/wp22-transformation-data.md	FINAL_FINDING_LINKED_CLAUSES_ONLY	True
GIR-FD82-A028	specs/pokemon-rules/wp22-transformation-data.md	IMMUTABLE_EVIDENCE_SUCCESSOR_ERRATA_ONLY	True
GIR-FD82-A029	deliverables/final-specification-set/pokemon-rules/wp23-shadow-hyper-and-purification.md	FINAL_FINDING_LINKED_CLAUSES_ONLY	True
GIR-FD82-A029	specs/pokemon-rules/wp23-shadow-hyper-and-purification.md	IMMUTABLE_EVIDENCE_SUCCESSOR_ERRATA_ONLY	True
GIR-FD82-A030	deliverables/final-specification-set/pokemon-rules/wp23-shadow-data-and-vectors.md	FINAL_FINDING_LINKED_CLAUSES_ONLY	True
GIR-FD82-A030	deliverables/final-specification-set/pokemon-rules/wp23-shadow-hyper-and-purification.md	FINAL_FINDING_LINKED_CLAUSES_ONLY	True
GIR-FD82-A030	specs/pokemon-rules/wp23-shadow-data-and-vectors.md	IMMUTABLE_EVIDENCE_SUCCESSOR_ERRATA_ONLY	True
GIR-FD82-A031	deliverables/final-specification-set/pokemon-rules/wp23-shadow-data-and-vectors.md	FINAL_FINDING_LINKED_CLAUSES_ONLY	True
GIR-FD82-A031	deliverables/final-specification-set/test-catalog/pokemon-rules-wp19-21-22-23-34.md	SHARED_TEST_FAMILY_SERIAL_FILE_LOCK	True
GIR-FD82-A031	specs/pokemon-rules/wp23-shadow-data-and-vectors.md	IMMUTABLE_EVIDENCE_SUCCESSOR_ERRATA_ONLY	True
GIR-FD82-A031	specs/pokemon-rules/wp23-shadow-hyper-and-purification.md	IMMUTABLE_EVIDENCE_SUCCESSOR_ERRATA_ONLY	True
GIR-FD82-A032	deliverables/final-specification-set/creature-rpg/wp24-player-trainers-partners.md	FINAL_FINDING_LINKED_CLAUSES_ONLY	True
GIR-FD82-A032	specs/creature-rpg/wp24-player-trainers-partners.md	IMMUTABLE_EVIDENCE_SUCCESSOR_ERRATA_ONLY	True
GIR-FD82-A033	deliverables/final-specification-set/creature-rpg/wp24-player-trainers-partners.md	FINAL_FINDING_LINKED_CLAUSES_ONLY	True
GIR-FD82-A033	specs/creature-rpg/wp24-player-trainers-partners.md	IMMUTABLE_EVIDENCE_SUCCESSOR_ERRATA_ONLY	True
GIR-FD82-A034	deliverables/final-specification-set/creature-rpg/wp24-player-trainers-partners.md	FINAL_FINDING_LINKED_CLAUSES_ONLY	True
GIR-FD82-A034	deliverables/final-specification-set/pokemon-rules/wp37-roaming-and-poke-radar.md	FINAL_FINDING_LINKED_CLAUSES_ONLY	True
GIR-FD82-A034	specs/creature-rpg/wp24-player-trainers-partners.md	IMMUTABLE_EVIDENCE_SUCCESSOR_ERRATA_ONLY	True
GIR-FD82-A035	deliverables/final-specification-set/creature-rpg/wp25-party-and-storage.md	FINAL_FINDING_LINKED_CLAUSES_ONLY	True
GIR-FD82-A035	specs/creature-rpg/wp25-party-and-storage.md	IMMUTABLE_EVIDENCE_SUCCESSOR_ERRATA_ONLY	True
GIR-FD82-A036	deliverables/final-specification-set/creature-rpg/wp25-party-and-storage.md	FINAL_FINDING_LINKED_CLAUSES_ONLY	True
GIR-FD82-A036	deliverables/final-specification-set/test-catalog/creature-rpg-wp18-20-24-25-26.md	SHARED_TEST_FAMILY_SERIAL_FILE_LOCK	True
GIR-FD82-A036	specs/creature-rpg/wp25-party-and-storage.md	IMMUTABLE_EVIDENCE_SUCCESSOR_ERRATA_ONLY	True
GIR-FD82-A037	deliverables/final-specification-set/test-catalog/creature-rpg-wp18-20-24-25-26.md	SHARED_TEST_FAMILY_SERIAL_FILE_LOCK	True
GIR-FD82-A037	specs/creature-rpg/wp26-acquisition-gifts-and-script-trade.md	IMMUTABLE_EVIDENCE_SUCCESSOR_ERRATA_ONLY	True
GIR-FD82-A038	deliverables/final-specification-set/creature-rpg/wp27-bag-and-item-storage.md	FINAL_FINDING_LINKED_CLAUSES_ONLY	True
GIR-FD82-A038	specs/creature-rpg/wp27-bag-and-item-storage.md	IMMUTABLE_EVIDENCE_SUCCESSOR_ERRATA_ONLY	True
GIR-FD82-A039	deliverables/final-specification-set/creature-rpg/wp28-item-use-and-training.md	FINAL_FINDING_LINKED_CLAUSES_ONLY	True
GIR-FD82-A039	specs/creature-rpg/wp28-item-use-and-training.md	IMMUTABLE_EVIDENCE_SUCCESSOR_ERRATA_ONLY	True
GIR-FD82-A040	deliverables/final-specification-set/creature-rpg/wp28-item-use-and-training.md	FINAL_FINDING_LINKED_CLAUSES_ONLY	True
GIR-FD82-A040	deliverables/final-specification-set/demo-dx/wp76-facility-content-generation-and-simulation.md	FINAL_FINDING_LINKED_CLAUSES_ONLY	True
GIR-FD82-A040	deliverables/final-specification-set/pokemon-rules/wp19-attributes-ability-and-stats.md	FINAL_FINDING_LINKED_CLAUSES_ONLY	True
GIR-FD82-A040	specs/creature-rpg/wp28-item-use-and-training.md	IMMUTABLE_EVIDENCE_SUCCESSOR_ERRATA_ONLY	True
GIR-FD82-A041	deliverables/final-specification-set/creature-rpg/wp28-item-use-and-training.md	FINAL_FINDING_LINKED_CLAUSES_ONLY	True
GIR-FD82-A041	specs/creature-rpg/wp28-item-use-and-training.md	IMMUTABLE_EVIDENCE_SUCCESSOR_ERRATA_ONLY	True
GIR-FD82-B008	deliverables/final-specification-set/combat-requirements/wp40-commands-obedience-and-action-order.md	FINAL_FINDING_LINKED_CLAUSES_ONLY	True
GIR-FD82-B008	deliverables/final-specification-set/creature-rpg/wp28-item-use-and-training.md	FINAL_FINDING_LINKED_CLAUSES_ONLY	True
GIR-FD82-B008	specs/combat/wp40-commands-obedience-and-action-order.md	IMMUTABLE_EVIDENCE_SUCCESSOR_ERRATA_ONLY	True
GIR-FD82-B008	specs/creature-rpg/wp28-item-use-and-training.md	IMMUTABLE_EVIDENCE_SUCCESSOR_ERRATA_ONLY	True
GIR-FD82-A043	deliverables/final-specification-set/test-catalog/creature-rpg-wp27-28-29-30-33.md	SHARED_TEST_FAMILY_SERIAL_FILE_LOCK	True
GIR-FD82-A043	specs/creature-rpg/wp29-shops-and-exchanges.md	IMMUTABLE_EVIDENCE_SUCCESSOR_ERRATA_ONLY	True
GIR-FD82-A044	deliverables/final-specification-set/creature-rpg/wp20-hp-status-moves-helditem.md	FINAL_FINDING_LINKED_CLAUSES_ONLY	True
GIR-FD82-A044	deliverables/final-specification-set/creature-rpg/wp28-item-use-and-training.md	FINAL_FINDING_LINKED_CLAUSES_ONLY	True
GIR-FD82-A044	deliverables/final-specification-set/creature-rpg/wp30-growth-learning-and-friendship.md	FINAL_FINDING_LINKED_CLAUSES_ONLY	True
GIR-FD82-A044	specs/creature-rpg/wp20-hp-status-moves-helditem.md	IMMUTABLE_EVIDENCE_SUCCESSOR_ERRATA_ONLY	True
GIR-FD82-A044	specs/creature-rpg/wp28-item-use-and-training.md	IMMUTABLE_EVIDENCE_SUCCESSOR_ERRATA_ONLY	True
GIR-FD82-A045	deliverables/final-specification-set/creature-rpg/wp28-item-use-and-training.md	FINAL_FINDING_LINKED_CLAUSES_ONLY	True
GIR-FD82-A045	deliverables/final-specification-set/pokemon-rules/wp31-basic-evolution.md	FINAL_FINDING_LINKED_CLAUSES_ONLY	True
GIR-FD82-A045	specs/creature-rpg/wp28-item-use-and-training.md	IMMUTABLE_EVIDENCE_SUCCESSOR_ERRATA_ONLY	True
GIR-FD82-A046	deliverables/final-specification-set/combat-requirements/wp51-ai-action-selection-and-skill.md	FINAL_FINDING_LINKED_CLAUSES_ONLY	True
GIR-FD82-A046	deliverables/final-specification-set/combat-requirements/wp51-ai-decision-defaults.md	FINAL_FINDING_LINKED_CLAUSES_ONLY	True
GIR-FD82-A046	deliverables/final-specification-set/creature-rpg/wp28-item-use-and-training.md	FINAL_FINDING_LINKED_CLAUSES_ONLY	True
GIR-FD82-A046	deliverables/final-specification-set/pokemon-rules/wp50-held-item-triggers-and-consumption.md	FINAL_FINDING_LINKED_CLAUSES_ONLY	True
GIR-FD82-A046	specs/creature-rpg/wp28-item-use-and-training.md	IMMUTABLE_EVIDENCE_SUCCESSOR_ERRATA_ONLY	True
GIR-FD82-A047	deliverables/final-specification-set/combat-requirements/wp42-growth-end-of-round-and-battle-outcomes.md	FINAL_FINDING_LINKED_CLAUSES_ONLY	True
GIR-FD82-A047	deliverables/final-specification-set/creature-rpg/wp30-growth-learning-and-friendship.md	FINAL_FINDING_LINKED_CLAUSES_ONLY	True
GIR-FD82-A047	deliverables/final-specification-set/test-catalog/creature-rpg-wp27-28-29-30-33.md	SHARED_TEST_FAMILY_SERIAL_FILE_LOCK	True
GIR-FD82-A047	specs/creature-rpg/wp30-growth-learning-and-friendship.md	IMMUTABLE_EVIDENCE_SUCCESSOR_ERRATA_ONLY	True
GIR-FD82-A048	deliverables/final-specification-set/creature-rpg/wp30-growth-learning-and-friendship.md	FINAL_FINDING_LINKED_CLAUSES_ONLY	True
GIR-FD82-A048	deliverables/final-specification-set/test-catalog/user-interface-wp17-63-65-66-67-68-69-70-71.md	SHARED_TEST_FAMILY_SERIAL_FILE_LOCK	True
GIR-FD82-A048	deliverables/final-specification-set/user-interface/wp66-a-party-and-summary-ui.md	FINAL_FINDING_LINKED_CLAUSES_ONLY	True
GIR-FD82-A048	specs/creature-rpg/wp30-growth-learning-and-friendship.md	IMMUTABLE_EVIDENCE_SUCCESSOR_ERRATA_ONLY	True
GIR-FD82-A048	specs/ui/wp66-a-party-and-summary-ui.md	IMMUTABLE_EVIDENCE_SUCCESSOR_ERRATA_ONLY	True
GIR-FD82-A049	deliverables/final-specification-set/combat-requirements/wp42-growth-end-of-round-and-battle-outcomes.md	FINAL_FINDING_LINKED_CLAUSES_ONLY	True
GIR-FD82-A049	deliverables/final-specification-set/creature-rpg/wp30-growth-learning-and-friendship.md	FINAL_FINDING_LINKED_CLAUSES_ONLY	True
GIR-FD82-A049	specs/creature-rpg/wp30-growth-learning-and-friendship.md	IMMUTABLE_EVIDENCE_SUCCESSOR_ERRATA_ONLY	True
GIR-FD82-A050	deliverables/final-specification-set/pokemon-rules/wp31-basic-evolution.md	FINAL_FINDING_LINKED_CLAUSES_ONLY	True
GIR-FD82-A050	deliverables/final-specification-set/user-interface/wp67-b-lifecycle-presentations-and-history.md	FINAL_FINDING_LINKED_CLAUSES_ONLY	True
GIR-FD82-A050	specs/pokemon-rules/wp31-basic-evolution.md	IMMUTABLE_EVIDENCE_SUCCESSOR_ERRATA_ONLY	True
GIR-FD82-A051	deliverables/final-specification-set/pokemon-rules/wp32-context-inputs-and-scenarios.md	FINAL_FINDING_LINKED_CLAUSES_ONLY	True
GIR-FD82-A051	deliverables/final-specification-set/pokemon-rules/wp32-contextual-trade-and-post-battle-evolution.md	FINAL_FINDING_LINKED_CLAUSES_ONLY	True
GIR-FD82-A051	deliverables/final-specification-set/test-catalog/pokemon-rules-wp31-32-37-38.md	SHARED_TEST_FAMILY_SERIAL_FILE_LOCK	True
GIR-FD82-A051	specs/pokemon-rules/wp32-context-inputs-and-scenarios.md	IMMUTABLE_EVIDENCE_SUCCESSOR_ERRATA_ONLY	True
GIR-FD82-A051	specs/pokemon-rules/wp32-contextual-trade-and-post-battle-evolution.md	IMMUTABLE_EVIDENCE_SUCCESSOR_ERRATA_ONLY	True
GIR-FD82-A052	deliverables/final-specification-set/creature-rpg/wp33-daycare-and-breeding-session.md	FINAL_FINDING_LINKED_CLAUSES_ONLY	True
GIR-FD82-A052	deliverables/final-specification-set/test-catalog/creature-rpg-wp27-28-29-30-33.md	SHARED_TEST_FAMILY_SERIAL_FILE_LOCK	True
GIR-FD82-A052	specs/creature-rpg/wp33-daycare-and-breeding-session.md	IMMUTABLE_EVIDENCE_SUCCESSOR_ERRATA_ONLY	True
GIR-FD82-A053	deliverables/final-specification-set/creature-rpg/wp35-eggs-and-hatching.md	FINAL_FINDING_LINKED_CLAUSES_ONLY	True
GIR-FD82-A053	deliverables/final-specification-set/test-catalog/creature-rpg-wp35-36-57-64-68.md	SHARED_TEST_FAMILY_SERIAL_FILE_LOCK	True
GIR-FD82-A053	specs/creature-rpg/wp35-eggs-and-hatching.md	IMMUTABLE_EVIDENCE_SUCCESSOR_ERRATA_ONLY	True
GIR-FD82-A054	deliverables/final-specification-set/pokemon-rules/wp62-pokedex-records-regions-and-content.md	FINAL_FINDING_LINKED_CLAUSES_ONLY	True
GIR-FD82-A054	deliverables/final-specification-set/test-catalog/pokemon-rules-wp53-60-61-62-69-70.md	SHARED_TEST_FAMILY_SERIAL_FILE_LOCK	True
GIR-FD82-A054	specs/pokemon-rules/wp62-pokedex-records-regions-and-content.md	IMMUTABLE_EVIDENCE_SUCCESSOR_ERRATA_ONLY	True
GIR-FD82-A055	deliverables/final-specification-set/pokemon-rules/wp62-pokedex-records-regions-and-content.md	FINAL_FINDING_LINKED_CLAUSES_ONLY	True
GIR-FD82-A055	deliverables/final-specification-set/test-catalog/user-interface-wp17-63-65-66-67-68-69-70-71.md	SHARED_TEST_FAMILY_SERIAL_FILE_LOCK	True
GIR-FD82-A055	deliverables/final-specification-set/user-interface/wp66-b-storage-and-pokedex-ui.md	FINAL_FINDING_LINKED_CLAUSES_ONLY	True
GIR-FD82-A055	specs/pokemon-rules/wp62-pokedex-records-regions-and-content.md	IMMUTABLE_EVIDENCE_SUCCESSOR_ERRATA_ONLY	True
GIR-FD82-A055	specs/ui/wp66-b-storage-and-pokedex-ui.md	IMMUTABLE_EVIDENCE_SUCCESSOR_ERRATA_ONLY	True
GIR-FD82-A056	deliverables/final-specification-set/pokemon-rules/wp62-pokedex-records-regions-and-content.md	FINAL_FINDING_LINKED_CLAUSES_ONLY	True
GIR-FD82-A056	deliverables/final-specification-set/user-interface/wp66-b-storage-and-pokedex-ui.md	FINAL_FINDING_LINKED_CLAUSES_ONLY	True
GIR-FD82-A056	specs/pokemon-rules/wp62-pokedex-records-regions-and-content.md	IMMUTABLE_EVIDENCE_SUCCESSOR_ERRATA_ONLY	True
GIR-FD82-A056	specs/ui/wp66-b-storage-and-pokedex-ui.md	IMMUTABLE_EVIDENCE_SUCCESSOR_ERRATA_ONLY	True
GIR-FD82-A057	deliverables/final-specification-set/creature-rpg/wp64-mail-and-mystery-gift.md	FINAL_FINDING_LINKED_CLAUSES_ONLY	True
GIR-FD82-A057	deliverables/final-specification-set/test-catalog/creature-rpg-wp35-36-57-64-68.md	SHARED_TEST_FAMILY_SERIAL_FILE_LOCK	True
GIR-FD82-A057	specs/creature-rpg/wp64-mail-and-mystery-gift.md	IMMUTABLE_EVIDENCE_SUCCESSOR_ERRATA_ONLY	True
GIR-FD82-A058	deliverables/final-specification-set/engine-overworld/wp15-resource-matching-and-audio.md	FINAL_FINDING_LINKED_CLAUSES_ONLY	True
GIR-FD82-A058	deliverables/final-specification-set/test-catalog/user-interface-wp17-63-65-66-67-68-69-70-71.md	SHARED_TEST_FAMILY_SERIAL_FILE_LOCK	True
GIR-FD82-A058	deliverables/final-specification-set/user-interface/wp17-messages-windows-input.md	FINAL_FINDING_LINKED_CLAUSES_ONLY	True
GIR-FD82-A058	deliverables/final-specification-set/user-interface/wp65-title-load-options-pause-and-pc.md	FINAL_FINDING_LINKED_CLAUSES_ONLY	True
GIR-FD82-A058	review/wp79-coverage-review-2026-10-03/revision-v6/source-judgments.json	IMMUTABLE_EVIDENCE_SUCCESSOR_ERRATA_ONLY	True
GIR-FD82-A058	specs/ui/wp17-messages-windows-input.md	IMMUTABLE_EVIDENCE_SUCCESSOR_ERRATA_ONLY	True
GIR-FD82-A058	specs/ui/wp65-title-load-options-pause-and-pc.md	IMMUTABLE_EVIDENCE_SUCCESSOR_ERRATA_ONLY	True
GIR-FD82-A059	deliverables/final-specification-set/creature-rpg/wp24-player-trainers-partners.md	FINAL_FINDING_LINKED_CLAUSES_ONLY	True
GIR-FD82-A059	deliverables/final-specification-set/engine-overworld/wp15-resource-matching-and-audio.md	FINAL_FINDING_LINKED_CLAUSES_ONLY	True
GIR-FD82-A059	deliverables/final-specification-set/engine-overworld/wp16-pre-battle-transitions.md	FINAL_FINDING_LINKED_CLAUSES_ONLY	True
GIR-FD82-A059	deliverables/final-specification-set/test-catalog/engine-overworld-wp11-15-59-60.md	SHARED_TEST_FAMILY_SERIAL_FILE_LOCK	True
GIR-FD82-A059	deliverables/final-specification-set/test-catalog/user-interface-wp17-63-65-66-67-68-69-70-71.md	SHARED_TEST_FAMILY_SERIAL_FILE_LOCK	True
GIR-FD82-A059	deliverables/final-specification-set/user-interface/wp67-a-battle-interaction-and-presentation.md	FINAL_FINDING_LINKED_CLAUSES_ONLY	True
GIR-FD82-A059	review/wp79-coverage-review-2026-10-03/revision-v6/source-judgments.json	IMMUTABLE_EVIDENCE_SUCCESSOR_ERRATA_ONLY	True
GIR-FD82-A059	specs/overworld/wp15-resource-matching-and-audio.md	IMMUTABLE_EVIDENCE_SUCCESSOR_ERRATA_ONLY	True
GIR-FD82-A059	specs/ui/wp67-a-battle-interaction-and-presentation.md	IMMUTABLE_EVIDENCE_SUCCESSOR_ERRATA_ONLY	True
GIR-FD82-B001	deliverables/final-specification-set/combat-requirements/wp40-commands-obedience-and-action-order.md	FINAL_FINDING_LINKED_CLAUSES_ONLY	True
GIR-FD82-B001	specs/combat/wp40-commands-obedience-and-action-order.md	IMMUTABLE_EVIDENCE_SUCCESSOR_ERRATA_ONLY	True
GIR-FD82-B002	deliverables/final-specification-set/combat-requirements/wp39-battle-context-and-participants.md	FINAL_FINDING_LINKED_CLAUSES_ONLY	True
GIR-FD82-B002	specs/combat/wp39-battle-context-and-participants.md	IMMUTABLE_EVIDENCE_SUCCESSOR_ERRATA_ONLY	True
GIR-FD82-B003	deliverables/final-specification-set/combat-requirements/wp39-battle-context-and-participants.md	FINAL_FINDING_LINKED_CLAUSES_ONLY	True
GIR-FD82-B003	deliverables/final-specification-set/combat-requirements/wp54-entry-rules-and-cup-data.md	FINAL_FINDING_LINKED_CLAUSES_ONLY	True
GIR-FD82-B003	specs/combat/wp39-battle-context-and-participants.md	IMMUTABLE_EVIDENCE_SUCCESSOR_ERRATA_ONLY	True
GIR-FD82-003	AGENTS.md	IMMUTABLE_EVIDENCE_SUCCESSOR_ERRATA_ONLY	True
GIR-FD82-003	deliverables/final-specification-set/README.md	PUBLIC_SINGLE_AUTHOR_OR_SUCCESSOR	True
GIR-FD82-003	deliverables/final-specification-set/combat-requirements/wp39-battle-context-and-participants.md	FINAL_FINDING_LINKED_CLAUSES_ONLY	True
GIR-FD82-003	deliverables/final-specification-set/combat-requirements/wp40-commands-obedience-and-action-order.md	FINAL_FINDING_LINKED_CLAUSES_ONLY	True
GIR-FD82-003	deliverables/final-specification-set/combat-requirements/wp52-a-evaluation-coverage-and-data.md	FINAL_FINDING_LINKED_CLAUSES_ONLY	True
GIR-FD82-003	deliverables/final-specification-set/combat-requirements/wp52-b-effect-coverage.md	FINAL_FINDING_LINKED_CLAUSES_ONLY	True
GIR-FD82-003	deliverables/final-specification-set/combat-requirements/wp52-b-field-damage-healing-and-target-evaluation.md	FINAL_FINDING_LINKED_CLAUSES_ONLY	True
GIR-FD82-003	deliverables/final-specification-set/combat-requirements/wp52-c-items-calling-and-control-evaluation.md	FINAL_FINDING_LINKED_CLAUSES_ONLY	True
GIR-FD82-003	deliverables/final-specification-set/combat-requirements/wp54-entry-eligibility-level-adjustment-and-clauses.md	FINAL_FINDING_LINKED_CLAUSES_ONLY	True
GIR-FD82-003	deliverables/final-specification-set/combat-requirements/wp56-palace-and-arena-variants.md	FINAL_FINDING_LINKED_CLAUSES_ONLY	True
GIR-FD82-003	deliverables/final-specification-set/combat-requirements/wp58-battle-recording-and-playback.md	FINAL_FINDING_LINKED_CLAUSES_ONLY	True
GIR-FD82-003	deliverables/final-specification-set/creature-rpg/wp36-wild-encounters-and-modifiers.md	FINAL_FINDING_LINKED_CLAUSES_ONLY	True
GIR-FD82-003	deliverables/final-specification-set/demo-dx/wp72-debug-contexts-and-controls.md	FINAL_FINDING_LINKED_CLAUSES_ONLY	True
GIR-FD82-003	deliverables/final-specification-set/demo-dx/wp73-a-content-editors.md	FINAL_FINDING_LINKED_CLAUSES_ONLY	True
GIR-FD82-003	deliverables/final-specification-set/demo-dx/wp73-b-world-editors.md	FINAL_FINDING_LINKED_CLAUSES_ONLY	True
GIR-FD82-003	deliverables/final-specification-set/demo-dx/wp74-battle-animation-authoring-and-exchange.md	FINAL_FINDING_LINKED_CLAUSES_ONLY	True
GIR-FD82-003	deliverables/final-specification-set/engine-overworld/wp15-resource-matching-and-audio.md	FINAL_FINDING_LINKED_CLAUSES_ONLY	True
GIR-FD82-003	deliverables/final-specification-set/engine-overworld/wp16-world-rendering-and-visual-transitions.md	FINAL_FINDING_LINKED_CLAUSES_ONLY	True
GIR-FD82-003	deliverables/final-specification-set/engine-overworld/wp59-world-time-weather-field-moves.md	FINAL_FINDING_LINKED_CLAUSES_ONLY	True
GIR-FD82-003	deliverables/final-specification-set/pokemon-rules/wp37-roaming-and-poke-radar.md	FINAL_FINDING_LINKED_CLAUSES_ONLY	True
GIR-FD82-003	deliverables/final-specification-set/pokemon-rules/wp46-damage-multihit-and-healing.md	FINAL_FINDING_LINKED_CLAUSES_ONLY	True
GIR-FD82-003	deliverables/final-specification-set/pokemon-rules/wp60-berry-plants.md	FINAL_FINDING_LINKED_CLAUSES_ONLY	True
GIR-FD82-003	deliverables/final-specification-set/pokemon-rules/wp61-field-passive-effects-and-blackout.md	FINAL_FINDING_LINKED_CLAUSES_ONLY	True
GIR-FD82-003	deliverables/final-specification-set/scope-statement.md	PUBLIC_SINGLE_AUTHOR_OR_SUCCESSOR	True
GIR-FD82-003	deliverables/final-specification-set/user-interface/wp63-pokegear-map-music-and-phone.md	FINAL_FINDING_LINKED_CLAUSES_ONLY	True
GIR-FD82-003	deliverables/final-specification-set/user-interface/wp65-title-load-options-pause-and-pc.md	FINAL_FINDING_LINKED_CLAUSES_ONLY	True
GIR-FD82-003	deliverables/final-specification-set/user-interface/wp66-a-party-and-summary-ui.md	FINAL_FINDING_LINKED_CLAUSES_ONLY	True
GIR-FD82-003	deliverables/final-specification-set/user-interface/wp67-b-lifecycle-presentations-and-history.md	FINAL_FINDING_LINKED_CLAUSES_ONLY	True
GIR-FD82-B005	deliverables/final-specification-set/test-catalog/combat-requirements-wp39-40-41-42-45.md	SHARED_TEST_FAMILY_SERIAL_FILE_LOCK	True
GIR-FD82-B005	deliverables/final-specification-set/test-catalog/pokemon-rules-wp31-32-37-38.md	SHARED_TEST_FAMILY_SERIAL_FILE_LOCK	True
GIR-FD82-B005	specs/combat/wp39-battle-context-and-participants.md	IMMUTABLE_EVIDENCE_SUCCESSOR_ERRATA_ONLY	True
GIR-FD82-B005	specs/combat/wp40-commands-obedience-and-action-order.md	IMMUTABLE_EVIDENCE_SUCCESSOR_ERRATA_ONLY	True
GIR-FD82-B005	specs/combat/wp41-switching-positioning-and-escape.md	IMMUTABLE_EVIDENCE_SUCCESSOR_ERRATA_ONLY	True
GIR-FD82-B005	specs/pokemon-rules/wp38-capture-and-receiving.md	IMMUTABLE_EVIDENCE_SUCCESSOR_ERRATA_ONLY	True
GIR-FD82-B006	deliverables/final-specification-set/combat-requirements/wp40-commands-obedience-and-action-order.md	FINAL_FINDING_LINKED_CLAUSES_ONLY	True
GIR-FD82-B006	deliverables/final-specification-set/test-catalog/combat-requirements-wp39-40-41-42-45.md	SHARED_TEST_FAMILY_SERIAL_FILE_LOCK	True
GIR-FD82-B006	specs/combat/wp40-commands-obedience-and-action-order.md	IMMUTABLE_EVIDENCE_SUCCESSOR_ERRATA_ONLY	True
GIR-FD82-B007	deliverables/final-specification-set/pokemon-rules/wp38-capture-and-receiving.md	FINAL_FINDING_LINKED_CLAUSES_ONLY	True
GIR-FD82-B007	deliverables/final-specification-set/pokemon-rules/wp48-ability-calculation-modifiers.md	FINAL_FINDING_LINKED_CLAUSES_ONLY	True
GIR-FD82-B007	deliverables/final-specification-set/pokemon-rules/wp50-held-item-triggers-and-consumption.md	FINAL_FINDING_LINKED_CLAUSES_ONLY	True
GIR-FD82-B007	deliverables/final-specification-set/test-catalog/pokemon-rules-wp31-32-37-38.md	SHARED_TEST_FAMILY_SERIAL_FILE_LOCK	True
GIR-FD82-B007	specs/pokemon-rules/wp38-capture-and-receiving.md	IMMUTABLE_EVIDENCE_SUCCESSOR_ERRATA_ONLY	True
GIR-FD82-B009	deliverables/final-specification-set/combat-requirements/wp39-battle-context-and-participants.md	FINAL_FINDING_LINKED_CLAUSES_ONLY	True
GIR-FD82-B009	specs/combat/wp39-battle-context-and-participants.md	IMMUTABLE_EVIDENCE_SUCCESSOR_ERRATA_ONLY	True
GIR-FD82-B010	deliverables/final-specification-set/combat-requirements/wp54-entry-eligibility-level-adjustment-and-clauses.md	FINAL_FINDING_LINKED_CLAUSES_ONLY	True
GIR-FD82-B010	deliverables/final-specification-set/pokemon-rules/wp43-types-accuracy-and-damage.md	FINAL_FINDING_LINKED_CLAUSES_ONLY	True
GIR-FD82-B010	deliverables/final-specification-set/pokemon-rules/wp46-damage-multihit-and-healing.md	FINAL_FINDING_LINKED_CLAUSES_ONLY	True
GIR-FD82-B010	specs/pokemon-rules/wp43-types-accuracy-and-damage.md	IMMUTABLE_EVIDENCE_SUCCESSOR_ERRATA_ONLY	True
GIR-FD82-B011	deliverables/final-specification-set/combat-requirements/wp42-growth-end-of-round-and-battle-outcomes.md	FINAL_FINDING_LINKED_CLAUSES_ONLY	True
GIR-FD82-B011	deliverables/final-specification-set/test-catalog/combat-requirements-wp39-40-41-42-45.md	SHARED_TEST_FAMILY_SERIAL_FILE_LOCK	True
GIR-FD82-B011	specs/combat/wp42-growth-end-of-round-and-battle-outcomes.md	IMMUTABLE_EVIDENCE_SUCCESSOR_ERRATA_ONLY	True
GIR-FD82-B012	deliverables/final-specification-set/combat-requirements/wp41-switching-positioning-and-escape.md	FINAL_FINDING_LINKED_CLAUSES_ONLY	True
GIR-FD82-B012	specs/combat/wp41-switching-positioning-and-escape.md	IMMUTABLE_EVIDENCE_SUCCESSOR_ERRATA_ONLY	True
GIR-FD82-B013	deliverables/final-specification-set/combat-requirements/wp42-growth-end-of-round-and-battle-outcomes.md	FINAL_FINDING_LINKED_CLAUSES_ONLY	True
GIR-FD82-B013	deliverables/final-specification-set/pokemon-rules/wp38-capture-and-receiving.md	FINAL_FINDING_LINKED_CLAUSES_ONLY	True
GIR-FD82-B013	deliverables/final-specification-set/test-catalog/pokemon-rules-wp31-32-37-38.md	SHARED_TEST_FAMILY_SERIAL_FILE_LOCK	True
GIR-FD82-B013	specs/combat/wp42-growth-end-of-round-and-battle-outcomes.md	IMMUTABLE_EVIDENCE_SUCCESSOR_ERRATA_ONLY	True
GIR-FD82-B013	specs/pokemon-rules/wp38-capture-and-receiving.md	IMMUTABLE_EVIDENCE_SUCCESSOR_ERRATA_ONLY	True
GIR-FD82-B014	deliverables/final-specification-set/combat-requirements/wp41-switching-positioning-and-escape.md	FINAL_FINDING_LINKED_CLAUSES_ONLY	True
GIR-FD82-B014	deliverables/final-specification-set/combat-requirements/wp47-b-switching-control-and-item-changes.md	FINAL_FINDING_LINKED_CLAUSES_ONLY	True
GIR-FD82-B014	specs/combat/wp41-switching-positioning-and-escape.md	IMMUTABLE_EVIDENCE_SUCCESSOR_ERRATA_ONLY	True
GIR-FD82-B015	deliverables/final-specification-set/combat-requirements/wp39-battle-context-and-participants.md	FINAL_FINDING_LINKED_CLAUSES_ONLY	True
GIR-FD82-B015	deliverables/final-specification-set/combat-requirements/wp42-growth-end-of-round-and-battle-outcomes.md	FINAL_FINDING_LINKED_CLAUSES_ONLY	True
GIR-FD82-B015	deliverables/final-specification-set/combat-requirements/wp45-weather-terrain-side-and-position-effects.md	FINAL_FINDING_LINKED_CLAUSES_ONLY	True
GIR-FD82-B015	deliverables/final-specification-set/pokemon-rules/wp46-damage-multihit-and-healing.md	FINAL_FINDING_LINKED_CLAUSES_ONLY	True
GIR-FD82-B015	specs/combat/wp39-battle-context-and-participants.md	IMMUTABLE_EVIDENCE_SUCCESSOR_ERRATA_ONLY	True
GIR-FD82-B015	specs/combat/wp42-growth-end-of-round-and-battle-outcomes.md	IMMUTABLE_EVIDENCE_SUCCESSOR_ERRATA_ONLY	True
GIR-FD82-B015	specs/combat/wp45-weather-terrain-side-and-position-effects.md	IMMUTABLE_EVIDENCE_SUCCESSOR_ERRATA_ONLY	True
GIR-FD82-B015	specs/pokemon-rules/wp46-damage-multihit-and-healing.md	IMMUTABLE_EVIDENCE_SUCCESSOR_ERRATA_ONLY	True
GIR-FD82-B016	deliverables/final-specification-set/pokemon-rules/wp44-effect-coverage.md	FINAL_FINDING_LINKED_CLAUSES_ONLY	True
GIR-FD82-B016	deliverables/final-specification-set/pokemon-rules/wp44-statuses-stat-stages-and-immunities.md	FINAL_FINDING_LINKED_CLAUSES_ONLY	True
GIR-FD82-B016	deliverables/final-specification-set/test-catalog/pokemon-rules-wp43-44-46-48-50.md	SHARED_TEST_FAMILY_SERIAL_FILE_LOCK	True
GIR-FD82-B016	specs/pokemon-rules/wp44-effect-coverage.md	IMMUTABLE_EVIDENCE_SUCCESSOR_ERRATA_ONLY	True
GIR-FD82-B016	specs/pokemon-rules/wp44-statuses-stat-stages-and-immunities.md	IMMUTABLE_EVIDENCE_SUCCESSOR_ERRATA_ONLY	True
GIR-FD82-B017	deliverables/final-specification-set/combat-requirements/wp52-b-field-damage-healing-and-target-evaluation.md	FINAL_FINDING_LINKED_CLAUSES_ONLY	True
GIR-FD82-B017	deliverables/final-specification-set/pokemon-rules/wp44-effect-coverage.md	FINAL_FINDING_LINKED_CLAUSES_ONLY	True
GIR-FD82-B017	deliverables/final-specification-set/pokemon-rules/wp44-statuses-stat-stages-and-immunities.md	FINAL_FINDING_LINKED_CLAUSES_ONLY	True
GIR-FD82-B017	deliverables/final-specification-set/pokemon-rules/wp46-damage-healing-coverage.md	FINAL_FINDING_LINKED_CLAUSES_ONLY	True
GIR-FD82-B017	deliverables/final-specification-set/pokemon-rules/wp46-damage-multihit-and-healing.md	FINAL_FINDING_LINKED_CLAUSES_ONLY	True
GIR-FD82-B017	deliverables/final-specification-set/test-catalog/pokemon-rules-wp43-44-46-48-50.md	SHARED_TEST_FAMILY_SERIAL_FILE_LOCK	True
GIR-FD82-B017	specs/pokemon-rules/wp44-effect-coverage.md	IMMUTABLE_EVIDENCE_SUCCESSOR_ERRATA_ONLY	True
GIR-FD82-B017	specs/pokemon-rules/wp44-statuses-stat-stages-and-immunities.md	IMMUTABLE_EVIDENCE_SUCCESSOR_ERRATA_ONLY	True
GIR-FD82-B017	specs/pokemon-rules/wp46-damage-healing-coverage.md	IMMUTABLE_EVIDENCE_SUCCESSOR_ERRATA_ONLY	True
GIR-FD82-B017	specs/pokemon-rules/wp46-damage-multihit-and-healing.md	IMMUTABLE_EVIDENCE_SUCCESSOR_ERRATA_ONLY	True
GIR-FD82-B018	deliverables/final-specification-set/combat-requirements/wp58-battle-recording-and-playback.md	FINAL_FINDING_LINKED_CLAUSES_ONLY	True
GIR-FD82-B018	deliverables/final-specification-set/pokemon-rules/wp44-effect-coverage.md	FINAL_FINDING_LINKED_CLAUSES_ONLY	True
GIR-FD82-B018	deliverables/final-specification-set/pokemon-rules/wp46-damage-healing-coverage.md	FINAL_FINDING_LINKED_CLAUSES_ONLY	True
GIR-FD82-B018	deliverables/final-specification-set/pokemon-rules/wp48-ability-calculation-modifiers.md	FINAL_FINDING_LINKED_CLAUSES_ONLY	True
GIR-FD82-B018	deliverables/final-specification-set/pokemon-rules/wp50-held-item-effect-coverage.md	FINAL_FINDING_LINKED_CLAUSES_ONLY	True
GIR-FD82-B018	deliverables/final-specification-set/test-catalog/combat-requirements-wp54-55-56-58.md	SHARED_TEST_FAMILY_SERIAL_FILE_LOCK	True
GIR-FD82-B018	review/wp80-delivery-2026-10-03/batch-13/checks.json	IMMUTABLE_EVIDENCE_SUCCESSOR_ERRATA_ONLY	True
GIR-FD82-B018	review/wp80-delivery-2026-10-03/batch-13/clause-disposition.md	IMMUTABLE_EVIDENCE_SUCCESSOR_ERRATA_ONLY	True
GIR-FD82-B018	review/wp80-delivery-2026-10-03/batch-13/round-168-final-checks.json	IMMUTABLE_EVIDENCE_SUCCESSOR_ERRATA_ONLY	True
GIR-FD82-B018	specs/pokemon-rules/wp44-effect-coverage.md	IMMUTABLE_EVIDENCE_SUCCESSOR_ERRATA_ONLY	True
GIR-FD82-B018	specs/pokemon-rules/wp46-damage-healing-coverage.md	IMMUTABLE_EVIDENCE_SUCCESSOR_ERRATA_ONLY	True
GIR-FD82-B019	deliverables/final-specification-set/combat-requirements/wp47-a-move-attributes-targeting-and-calling.md	FINAL_FINDING_LINKED_CLAUSES_ONLY	True
GIR-FD82-B019	deliverables/final-specification-set/combat-requirements/wp47-b-switching-control-and-item-changes.md	FINAL_FINDING_LINKED_CLAUSES_ONLY	True
GIR-FD82-B019	deliverables/final-specification-set/test-catalog/combat-requirements-wp47-ab.md	SHARED_TEST_FAMILY_SERIAL_FILE_LOCK	True
GIR-FD82-B019	specs/combat/wp47-a-move-attributes-targeting-and-calling.md	IMMUTABLE_EVIDENCE_SUCCESSOR_ERRATA_ONLY	True
GIR-FD82-B019	specs/combat/wp47-b-switching-control-and-item-changes.md	IMMUTABLE_EVIDENCE_SUCCESSOR_ERRATA_ONLY	True
GIR-FD82-B020	deliverables/final-specification-set/combat-requirements/wp51-ai-action-selection-and-skill.md	FINAL_FINDING_LINKED_CLAUSES_ONLY	True
GIR-FD82-B020	deliverables/final-specification-set/test-catalog/combat-requirements-wp49-51-52.md	SHARED_TEST_FAMILY_SERIAL_FILE_LOCK	True
GIR-FD82-B020	specs/combat/wp51-ai-action-selection-and-skill.md	IMMUTABLE_EVIDENCE_SUCCESSOR_ERRATA_ONLY	True
GIR-FD82-B020	specs/combat/wp51-ai-decision-defaults.md	IMMUTABLE_EVIDENCE_SUCCESSOR_ERRATA_ONLY	True
GIR-FD82-B021	deliverables/final-specification-set/combat-requirements/wp51-ai-action-selection-and-skill.md	FINAL_FINDING_LINKED_CLAUSES_ONLY	True
GIR-FD82-B021	deliverables/final-specification-set/combat-requirements/wp52-a-generic-numerical-and-status-evaluation.md	FINAL_FINDING_LINKED_CLAUSES_ONLY	True
GIR-FD82-B021	deliverables/final-specification-set/test-catalog/combat-requirements-wp49-51-52.md	SHARED_TEST_FAMILY_SERIAL_FILE_LOCK	True
GIR-FD82-B021	specs/combat/wp51-ai-action-selection-and-skill.md	IMMUTABLE_EVIDENCE_SUCCESSOR_ERRATA_ONLY	True
GIR-FD82-B021	specs/combat/wp52-a-generic-numerical-and-status-evaluation.md	IMMUTABLE_EVIDENCE_SUCCESSOR_ERRATA_ONLY	True
GIR-FD82-B022	deliverables/final-specification-set/combat-requirements/wp52-b-effect-coverage.md	FINAL_FINDING_LINKED_CLAUSES_ONLY	True
GIR-FD82-B022	deliverables/final-specification-set/combat-requirements/wp52-c-item-control-coverage-and-data.md	FINAL_FINDING_LINKED_CLAUSES_ONLY	True
GIR-FD82-B022	deliverables/final-specification-set/combat-requirements/wp52-c-items-calling-and-control-evaluation.md	FINAL_FINDING_LINKED_CLAUSES_ONLY	True
GIR-FD82-B022	deliverables/final-specification-set/test-catalog/combat-requirements-wp49-51-52.md	SHARED_TEST_FAMILY_SERIAL_FILE_LOCK	True
GIR-FD82-B022	specs/combat/wp52-b-effect-coverage.md	IMMUTABLE_EVIDENCE_SUCCESSOR_ERRATA_ONLY	True
GIR-FD82-B022	specs/combat/wp52-c-item-control-coverage-and-data.md	IMMUTABLE_EVIDENCE_SUCCESSOR_ERRATA_ONLY	True
GIR-FD82-B023	deliverables/final-specification-set/combat-requirements/wp52-b-effect-coverage.md	FINAL_FINDING_LINKED_CLAUSES_ONLY	True
GIR-FD82-B023	deliverables/final-specification-set/combat-requirements/wp52-b-field-damage-healing-and-target-evaluation.md	FINAL_FINDING_LINKED_CLAUSES_ONLY	True
GIR-FD82-B023	deliverables/final-specification-set/test-catalog/combat-requirements-wp49-51-52.md	SHARED_TEST_FAMILY_SERIAL_FILE_LOCK	True
GIR-FD82-B023	specs/combat/wp52-b-effect-coverage.md	IMMUTABLE_EVIDENCE_SUCCESSOR_ERRATA_ONLY	True
GIR-FD82-B023	specs/combat/wp52-b-field-damage-healing-and-target-evaluation.md	IMMUTABLE_EVIDENCE_SUCCESSOR_ERRATA_ONLY	True
GIR-FD82-B024	deliverables/final-specification-set/combat-requirements/wp52-c-item-control-coverage-and-data.md	FINAL_FINDING_LINKED_CLAUSES_ONLY	True
GIR-FD82-B024	deliverables/final-specification-set/combat-requirements/wp52-c-items-calling-and-control-evaluation.md	FINAL_FINDING_LINKED_CLAUSES_ONLY	True
GIR-FD82-B024	deliverables/final-specification-set/test-catalog/combat-requirements-wp49-51-52.md	SHARED_TEST_FAMILY_SERIAL_FILE_LOCK	True
GIR-FD82-B024	specs/combat/wp52-c-item-control-coverage-and-data.md	IMMUTABLE_EVIDENCE_SUCCESSOR_ERRATA_ONLY	True
GIR-FD82-B024	specs/combat/wp52-c-items-calling-and-control-evaluation.md	IMMUTABLE_EVIDENCE_SUCCESSOR_ERRATA_ONLY	True
GIR-FD82-B025	deliverables/final-specification-set/combat-requirements/wp42-growth-end-of-round-and-battle-outcomes.md	FINAL_FINDING_LINKED_CLAUSES_ONLY	True
GIR-FD82-B025	deliverables/final-specification-set/combat-requirements/wp54-entry-eligibility-level-adjustment-and-clauses.md	FINAL_FINDING_LINKED_CLAUSES_ONLY	True
GIR-FD82-B025	deliverables/final-specification-set/test-catalog/combat-requirements-wp54-55-56-58.md	SHARED_TEST_FAMILY_SERIAL_FILE_LOCK	True
GIR-FD82-B025	specs/combat/wp42-growth-end-of-round-and-battle-outcomes.md	IMMUTABLE_EVIDENCE_SUCCESSOR_ERRATA_ONLY	True
GIR-FD82-B025	specs/combat/wp54-entry-eligibility-level-adjustment-and-clauses.md	IMMUTABLE_EVIDENCE_SUCCESSOR_ERRATA_ONLY	True
GIR-FD82-B026	deliverables/final-specification-set/creature-rpg/wp36-wild-encounters-and-modifiers.md	FINAL_FINDING_LINKED_CLAUSES_ONLY	True
GIR-FD82-B026	deliverables/final-specification-set/pokemon-rules/wp53-safari-and-bug-catching-contest.md	FINAL_FINDING_LINKED_CLAUSES_ONLY	True
GIR-FD82-B026	deliverables/final-specification-set/test-catalog/pokemon-rules-wp53-60-61-62-69-70.md	SHARED_TEST_FAMILY_SERIAL_FILE_LOCK	True
GIR-FD82-B026	specs/creature-rpg/wp36-wild-encounters-and-modifiers.md	IMMUTABLE_EVIDENCE_SUCCESSOR_ERRATA_ONLY	True
GIR-FD82-B026	specs/pokemon-rules/wp53-safari-and-bug-catching-contest.md	IMMUTABLE_EVIDENCE_SUCCESSOR_ERRATA_ONLY	True
GIR-FD82-B027	deliverables/final-specification-set/combat-requirements/wp54-entry-eligibility-level-adjustment-and-clauses.md	FINAL_FINDING_LINKED_CLAUSES_ONLY	True
GIR-FD82-B027	deliverables/final-specification-set/combat-requirements/wp55-facility-session-and-restoration.md	FINAL_FINDING_LINKED_CLAUSES_ONLY	True
GIR-FD82-B027	deliverables/final-specification-set/test-catalog/combat-requirements-wp54-55-56-58.md	SHARED_TEST_FAMILY_SERIAL_FILE_LOCK	True
GIR-FD82-B027	specs/combat/wp54-entry-eligibility-level-adjustment-and-clauses.md	IMMUTABLE_EVIDENCE_SUCCESSOR_ERRATA_ONLY	True
GIR-FD82-B027	specs/combat/wp55-facility-session-and-restoration.md	IMMUTABLE_EVIDENCE_SUCCESSOR_ERRATA_ONLY	True
GIR-FD82-B028	deliverables/final-specification-set/combat-requirements/wp56-palace-and-arena-variants.md	FINAL_FINDING_LINKED_CLAUSES_ONLY	True
GIR-FD82-B028	deliverables/final-specification-set/combat-requirements/wp58-battle-recording-and-playback.md	FINAL_FINDING_LINKED_CLAUSES_ONLY	True
GIR-FD82-B028	deliverables/final-specification-set/test-catalog/combat-requirements-wp54-55-56-58.md	SHARED_TEST_FAMILY_SERIAL_FILE_LOCK	True
GIR-FD82-B028	specs/combat/wp56-palace-and-arena-variants.md	IMMUTABLE_EVIDENCE_SUCCESSOR_ERRATA_ONLY	True
GIR-FD82-B028	specs/combat/wp58-battle-recording-and-playback.md	IMMUTABLE_EVIDENCE_SUCCESSOR_ERRATA_ONLY	True
GIR-FD82-B029	deliverables/final-specification-set/combat-requirements/wp58-battle-recording-and-playback.md	FINAL_FINDING_LINKED_CLAUSES_ONLY	True
GIR-FD82-B029	deliverables/final-specification-set/test-catalog/combat-requirements-wp54-55-56-58.md	SHARED_TEST_FAMILY_SERIAL_FILE_LOCK	True
GIR-FD82-B029	specs/combat/wp58-battle-recording-and-playback.md	IMMUTABLE_EVIDENCE_SUCCESSOR_ERRATA_ONLY	True
GIR-FD82-B031	deliverables/final-specification-set/test-catalog/user-interface-wp17-63-65-66-67-68-69-70-71.md	SHARED_TEST_FAMILY_SERIAL_FILE_LOCK	True
GIR-FD82-B031	deliverables/final-specification-set/user-interface/wp67-a-battle-interaction-and-presentation.md	FINAL_FINDING_LINKED_CLAUSES_ONLY	True
GIR-FD82-B031	review/wp67a-delivery-2026-10-01/revision-v3/entry-coverage-table.md	IMMUTABLE_EVIDENCE_SUCCESSOR_ERRATA_ONLY	True
GIR-FD82-B031	specs/ui/wp67-a-battle-interaction-and-presentation.md	IMMUTABLE_EVIDENCE_SUCCESSOR_ERRATA_ONLY	True
GIR-FD82-B032	deliverables/final-specification-set/test-catalog/user-interface-wp17-63-65-66-67-68-69-70-71.md	SHARED_TEST_FAMILY_SERIAL_FILE_LOCK	True
GIR-FD82-B032	deliverables/final-specification-set/user-interface/wp67-a-battle-interaction-and-presentation.md	FINAL_FINDING_LINKED_CLAUSES_ONLY	True
GIR-FD82-B032	review/wp67a-delivery-2026-10-01/revision-v3/entry-coverage-table.md	IMMUTABLE_EVIDENCE_SUCCESSOR_ERRATA_ONLY	True
GIR-FD82-B032	specs/ui/wp67-a-battle-interaction-and-presentation.md	IMMUTABLE_EVIDENCE_SUCCESSOR_ERRATA_ONLY	True
GIR-FD82-B033	deliverables/final-specification-set/test-catalog/user-interface-wp17-63-65-66-67-68-69-70-71.md	SHARED_TEST_FAMILY_SERIAL_FILE_LOCK	True
GIR-FD82-B033	deliverables/final-specification-set/user-interface/wp67-a-battle-interaction-and-presentation.md	FINAL_FINDING_LINKED_CLAUSES_ONLY	True
GIR-FD82-B033	review/wp67a-delivery-2026-10-01/revision-v3/entry-coverage-table.md	IMMUTABLE_EVIDENCE_SUCCESSOR_ERRATA_ONLY	True
GIR-FD82-B033	specs/ui/wp67-a-battle-interaction-and-presentation.md	IMMUTABLE_EVIDENCE_SUCCESSOR_ERRATA_ONLY	True
GIR-FD82-B034	deliverables/final-specification-set/demo-dx/wp76-facility-content-generation-and-simulation.md	FINAL_FINDING_LINKED_CLAUSES_ONLY	True
GIR-FD82-B034	deliverables/final-specification-set/user-interface/wp67-a-battle-interaction-and-presentation.md	FINAL_FINDING_LINKED_CLAUSES_ONLY	True
GIR-FD82-B034	review/wp67a-delivery-2026-10-01/revision-v3/entry-coverage-table.md	IMMUTABLE_EVIDENCE_SUCCESSOR_ERRATA_ONLY	True
GIR-FD82-B034	specs/demo/wp76-facility-content-generation-and-simulation.md	IMMUTABLE_EVIDENCE_SUCCESSOR_ERRATA_ONLY	True
GIR-FD82-B034	specs/ui/wp67-a-battle-interaction-and-presentation.md	IMMUTABLE_EVIDENCE_SUCCESSOR_ERRATA_ONLY	True
GIR-FD82-B035	deliverables/final-specification-set/user-interface/wp66-c-bag-item-storage-and-shop-ui.md	FINAL_FINDING_LINKED_CLAUSES_ONLY	True
GIR-FD82-B035	specs/ui/wp66-c-bag-item-storage-and-shop-ui.md	IMMUTABLE_EVIDENCE_SUCCESSOR_ERRATA_ONLY	True
GIR-FD82-C002	deliverables/final-specification-set/demo-dx/wp72-debug-contexts-and-controls.md	FINAL_FINDING_LINKED_CLAUSES_ONLY	True
GIR-FD82-C002	deliverables/final-specification-set/test-catalog/demo-dx-wp72-73-74-75-76-77.md	SHARED_TEST_FAMILY_SERIAL_FILE_LOCK	True
GIR-FD82-C002	review/wp72-delivery-2026-10-02/revision-v3/entry-coverage-table.md	IMMUTABLE_EVIDENCE_SUCCESSOR_ERRATA_ONLY	True
GIR-FD82-C002	specs/demo/wp72-debug-contexts-and-controls.md	IMMUTABLE_EVIDENCE_SUCCESSOR_ERRATA_ONLY	True
GIR-FD82-C003	deliverables/final-specification-set/creature-rpg/wp28-item-use-and-training.md	FINAL_FINDING_LINKED_CLAUSES_ONLY	True
GIR-FD82-C003	deliverables/final-specification-set/creature-rpg/wp30-growth-learning-and-friendship.md	FINAL_FINDING_LINKED_CLAUSES_ONLY	True
GIR-FD82-C003	deliverables/final-specification-set/creature-rpg/wp36-wild-encounters-and-modifiers.md	FINAL_FINDING_LINKED_CLAUSES_ONLY	True
GIR-FD82-C003	deliverables/final-specification-set/demo-dx/wp72-debug-contexts-and-controls.md	FINAL_FINDING_LINKED_CLAUSES_ONLY	True
GIR-FD82-C003	deliverables/final-specification-set/demo-dx/wp73-a-content-editors.md	FINAL_FINDING_LINKED_CLAUSES_ONLY	True
GIR-FD82-C003	deliverables/final-specification-set/demo-dx/wp74-battle-animation-authoring-and-exchange.md	FINAL_FINDING_LINKED_CLAUSES_ONLY	True
GIR-FD82-C003	deliverables/final-specification-set/engine-overworld/wp11-map-topology-transfer.md	FINAL_FINDING_LINKED_CLAUSES_ONLY	True
GIR-FD82-C003	deliverables/final-specification-set/test-catalog/creature-rpg-wp35-36-57-64-68.md	SHARED_TEST_FAMILY_SERIAL_FILE_LOCK	True
GIR-FD82-C003	deliverables/final-specification-set/test-catalog/demo-dx-wp72-73-74-75-76-77.md	SHARED_TEST_FAMILY_SERIAL_FILE_LOCK	True
GIR-FD82-C003	deliverables/final-specification-set/test-catalog/engine-overworld-wp11-15-59-60.md	SHARED_TEST_FAMILY_SERIAL_FILE_LOCK	True
GIR-FD82-C003	deliverables/final-specification-set/test-catalog/engine-overworld-wp16.md	SHARED_TEST_FAMILY_SERIAL_FILE_LOCK	True
GIR-FD82-C003	deliverables/final-specification-set/test-catalog/pokemon-rules-wp53-60-61-62-69-70.md	SHARED_TEST_FAMILY_SERIAL_FILE_LOCK	True
GIR-FD82-C003	deliverables/final-specification-set/test-catalog/user-interface-wp17-63-65-66-67-68-69-70-71.md	SHARED_TEST_FAMILY_SERIAL_FILE_LOCK	True
GIR-FD82-C003	deliverables/final-specification-set/user-interface/wp17-messages-windows-input.md	FINAL_FINDING_LINKED_CLAUSES_ONLY	True
GIR-FD82-C003	review/wp80-delivery-2026-10-03/batch-03/clause-disposition.md	IMMUTABLE_EVIDENCE_SUCCESSOR_ERRATA_ONLY	True
GIR-FD82-C003	review/wp80-delivery-readiness-review-2026-10-03/input-snapshot/review/wp80-delivery-2026-10-03/batch-14/clause-disposition.md	IMMUTABLE_EVIDENCE_SUCCESSOR_ERRATA_ONLY	True
GIR-FD82-C003	specs/demo/wp73-a-content-editors.md	IMMUTABLE_EVIDENCE_SUCCESSOR_ERRATA_ONLY	True
GIR-FD82-C003	specs/demo/wp74-battle-animation-authoring-and-exchange.md	IMMUTABLE_EVIDENCE_SUCCESSOR_ERRATA_ONLY	True
GIR-FD82-C003	specs/demo/wp75-project-conversion-and-authoring-tools.md	IMMUTABLE_EVIDENCE_SUCCESSOR_ERRATA_ONLY	True
GIR-FD82-C003	specs/overworld/wp11-map-topology-transfer.md	IMMUTABLE_EVIDENCE_SUCCESSOR_ERRATA_ONLY	True
GIR-FD82-C003	specs/overworld/wp12-terrain-movement-vehicles.md	IMMUTABLE_EVIDENCE_SUCCESSOR_ERRATA_ONLY	True
GIR-FD82-C003	specs/overworld/wp59-world-time-weather-field-moves.md	IMMUTABLE_EVIDENCE_SUCCESSOR_ERRATA_ONLY	True
GIR-FD82-C003	specs/overworld/wp60-fishing.md	IMMUTABLE_EVIDENCE_SUCCESSOR_ERRATA_ONLY	True
GIR-FD82-C003	specs/pokemon-rules/wp61-field-passive-effects-and-blackout.md	IMMUTABLE_EVIDENCE_SUCCESSOR_ERRATA_ONLY	True
GIR-FD82-C003	specs/ui/wp17-messages-windows-input.md	IMMUTABLE_EVIDENCE_SUCCESSOR_ERRATA_ONLY	True
GIR-FD82-C003	specs/ui/wp66-a-party-and-summary-ui.md	IMMUTABLE_EVIDENCE_SUCCESSOR_ERRATA_ONLY	True
GIR-FD82-C003	specs/ui/wp67-b-lifecycle-presentations-and-history.md	IMMUTABLE_EVIDENCE_SUCCESSOR_ERRATA_ONLY	True
GIR-FD82-C003	specs/ui/wp71-tile-puzzles.md	IMMUTABLE_EVIDENCE_SUCCESSOR_ERRATA_ONLY	True
GIR-FD82-C004	deliverables/final-specification-set/creature-rpg/wp36-wild-encounters-and-modifiers.md	FINAL_FINDING_LINKED_CLAUSES_ONLY	True
GIR-FD82-C004	deliverables/final-specification-set/demo-dx/wp73-b-world-editors.md	FINAL_FINDING_LINKED_CLAUSES_ONLY	True
GIR-FD82-C004	deliverables/final-specification-set/generic-kernel/wp04-pbs-lifecycle.md	FINAL_FINDING_LINKED_CLAUSES_ONLY	True
GIR-FD82-C004	deliverables/final-specification-set/test-catalog/demo-dx-wp72-73-74-75-76-77.md	SHARED_TEST_FAMILY_SERIAL_FILE_LOCK	True
GIR-FD82-C004	specs/demo/wp73-b-world-editors.md	IMMUTABLE_EVIDENCE_SUCCESSOR_ERRATA_ONLY	True
GIR-FD82-C005	deliverables/final-specification-set/demo-dx/wp72-debug-contexts-and-controls.md	FINAL_FINDING_LINKED_CLAUSES_ONLY	True
GIR-FD82-C005	deliverables/final-specification-set/demo-dx/wp73-a-content-editors.md	FINAL_FINDING_LINKED_CLAUSES_ONLY	True
GIR-FD82-C005	deliverables/final-specification-set/demo-dx/wp73-b-world-editors.md	FINAL_FINDING_LINKED_CLAUSES_ONLY	True
GIR-FD82-C007	audit/source-traceability.md	PUBLIC_SINGLE_AUTHOR_OR_SUCCESSOR	True
GIR-FD82-C007	deliverables/final-specification-set/README.md	PUBLIC_SINGLE_AUTHOR_OR_SUCCESSOR	True
GIR-FD82-C007	deliverables/final-specification-set/demo-dx/wp72-debug-contexts-and-controls.md	FINAL_FINDING_LINKED_CLAUSES_ONLY	True
GIR-FD82-C007	deliverables/final-specification-set/demo-dx/wp75-project-conversion-and-authoring-tools.md	FINAL_FINDING_LINKED_CLAUSES_ONLY	True
GIR-FD82-C007	deliverables/final-specification-set/engine-overworld/wp13-move-route-matrix.md	FINAL_FINDING_LINKED_CLAUSES_ONLY	True
GIR-FD82-C007	deliverables/final-specification-set/engine-overworld/wp15-resource-matching-and-audio.md	FINAL_FINDING_LINKED_CLAUSES_ONLY	True
GIR-FD82-C007	deliverables/final-specification-set/engine-overworld/wp59-world-time-weather-field-moves.md	FINAL_FINDING_LINKED_CLAUSES_ONLY	True
GIR-FD82-C007	deliverables/final-specification-set/pokemon-rules/wp37-roaming-and-poke-radar.md	FINAL_FINDING_LINKED_CLAUSES_ONLY	True
GIR-FD82-C007	deliverables/final-specification-set/pokemon-rules/wp60-berry-plants.md	FINAL_FINDING_LINKED_CLAUSES_ONLY	True
GIR-FD82-C007	deliverables/final-specification-set/test-catalog/demo-dx-wp72-73-74-75-76-77.md	SHARED_TEST_FAMILY_SERIAL_FILE_LOCK	True
GIR-FD82-C007	deliverables/final-specification-set/test-catalog/engine-overworld-wp11-15-59-60.md	SHARED_TEST_FAMILY_SERIAL_FILE_LOCK	True
GIR-FD82-C007	deliverables/final-specification-set/user-interface/wp63-pokegear-map-music-and-phone.md	FINAL_FINDING_LINKED_CLAUSES_ONLY	True
GIR-FD82-C007	review/wp72-delivery-2026-10-02/revision-v2/battle-effects-catalog.md	IMMUTABLE_EVIDENCE_SUCCESSOR_ERRATA_ONLY	True
GIR-FD82-C007	specs/demo/wp75-project-conversion-and-authoring-tools.md	IMMUTABLE_EVIDENCE_SUCCESSOR_ERRATA_ONLY	True
GIR-FD82-C007	specs/overworld/wp13-move-route-matrix.md	IMMUTABLE_EVIDENCE_SUCCESSOR_ERRATA_ONLY	True
GIR-FD82-C007	specs/overworld/wp15-resource-matching-and-audio.md	IMMUTABLE_EVIDENCE_SUCCESSOR_ERRATA_ONLY	True
GIR-FD82-C007	specs/overworld/wp59-world-time-weather-field-moves.md	IMMUTABLE_EVIDENCE_SUCCESSOR_ERRATA_ONLY	True
GIR-FD82-C007	specs/pokemon-rules/wp37-roaming-and-poke-radar.md	IMMUTABLE_EVIDENCE_SUCCESSOR_ERRATA_ONLY	True
GIR-FD82-C007	specs/ui/wp63-pokegear-map-music-and-phone.md	IMMUTABLE_EVIDENCE_SUCCESSOR_ERRATA_ONLY	True
GIR-FD82-C008	deliverables/final-specification-set/demo-dx/wp72-debug-contexts-and-controls.md	FINAL_FINDING_LINKED_CLAUSES_ONLY	True
GIR-FD82-C008	deliverables/final-specification-set/test-catalog/demo-dx-wp72-73-74-75-76-77.md	SHARED_TEST_FAMILY_SERIAL_FILE_LOCK	True
GIR-FD82-C008	review/wp72-delivery-2026-10-02/revision-v3/entry-coverage-table.md	IMMUTABLE_EVIDENCE_SUCCESSOR_ERRATA_ONLY	True
GIR-FD82-C008	specs/demo/wp72-debug-contexts-and-controls.md	IMMUTABLE_EVIDENCE_SUCCESSOR_ERRATA_ONLY	True
GIR-FD82-C009	deliverables/final-specification-set/demo-dx/wp72-debug-contexts-and-controls.md	FINAL_FINDING_LINKED_CLAUSES_ONLY	True
GIR-FD82-C009	deliverables/final-specification-set/test-catalog/demo-dx-wp72-73-74-75-76-77.md	SHARED_TEST_FAMILY_SERIAL_FILE_LOCK	True
GIR-FD82-C009	review/wp72-delivery-2026-10-02/revision-v3/entry-coverage-table.md	IMMUTABLE_EVIDENCE_SUCCESSOR_ERRATA_ONLY	True
GIR-FD82-C009	specs/demo/wp72-debug-contexts-and-controls.md	IMMUTABLE_EVIDENCE_SUCCESSOR_ERRATA_ONLY	True
GIR-FD82-C010	deliverables/final-specification-set/demo-dx/wp72-debug-contexts-and-controls.md	FINAL_FINDING_LINKED_CLAUSES_ONLY	True
GIR-FD82-C010	deliverables/final-specification-set/test-catalog/demo-dx-wp72-73-74-75-76-77.md	SHARED_TEST_FAMILY_SERIAL_FILE_LOCK	True
GIR-FD82-C010	review/wp72-delivery-2026-10-02/revision-v3/entry-coverage-table.md	IMMUTABLE_EVIDENCE_SUCCESSOR_ERRATA_ONLY	True
GIR-FD82-C010	specs/demo/wp72-debug-contexts-and-controls.md	IMMUTABLE_EVIDENCE_SUCCESSOR_ERRATA_ONLY	True
GIR-FD82-C011	deliverables/final-specification-set/combat-requirements/wp45-weather-terrain-side-and-position-effects.md	FINAL_FINDING_LINKED_CLAUSES_ONLY	True
GIR-FD82-C011	deliverables/final-specification-set/demo-dx/wp72-debug-contexts-and-controls.md	FINAL_FINDING_LINKED_CLAUSES_ONLY	True
GIR-FD82-C011	review/wp72-delivery-2026-10-02/revision-v3/entry-coverage-table.md	IMMUTABLE_EVIDENCE_SUCCESSOR_ERRATA_ONLY	True
GIR-FD82-C011	specs/demo/wp72-debug-contexts-and-controls.md	IMMUTABLE_EVIDENCE_SUCCESSOR_ERRATA_ONLY	True
GIR-FD82-C012	deliverables/final-specification-set/demo-dx/wp72-debug-contexts-and-controls.md	FINAL_FINDING_LINKED_CLAUSES_ONLY	True
GIR-FD82-C012	deliverables/final-specification-set/test-catalog/demo-dx-wp72-73-74-75-76-77.md	SHARED_TEST_FAMILY_SERIAL_FILE_LOCK	True
GIR-FD82-C012	review/wp72-delivery-2026-10-02/revision-v3/entry-coverage-table.md	IMMUTABLE_EVIDENCE_SUCCESSOR_ERRATA_ONLY	True
GIR-FD82-C012	specs/demo/wp72-debug-contexts-and-controls.md	IMMUTABLE_EVIDENCE_SUCCESSOR_ERRATA_ONLY	True
GIR-FD82-C013	deliverables/final-specification-set/demo-dx/wp72-debug-contexts-and-controls.md	FINAL_FINDING_LINKED_CLAUSES_ONLY	True
GIR-FD82-C013	review/wp72-delivery-2026-10-02/revision-v3/entry-coverage-table.md	IMMUTABLE_EVIDENCE_SUCCESSOR_ERRATA_ONLY	True
GIR-FD82-C013	specs/demo/wp72-debug-contexts-and-controls.md	IMMUTABLE_EVIDENCE_SUCCESSOR_ERRATA_ONLY	True
GIR-FD82-C014	deliverables/final-specification-set/demo-dx/wp72-debug-contexts-and-controls.md	FINAL_FINDING_LINKED_CLAUSES_ONLY	True
GIR-FD82-C014	deliverables/final-specification-set/test-catalog/demo-dx-wp72-73-74-75-76-77.md	SHARED_TEST_FAMILY_SERIAL_FILE_LOCK	True
GIR-FD82-C014	specs/demo/wp72-debug-contexts-and-controls.md	IMMUTABLE_EVIDENCE_SUCCESSOR_ERRATA_ONLY	True
GIR-FD82-C015	deliverables/final-specification-set/demo-dx/wp72-debug-contexts-and-controls.md	FINAL_FINDING_LINKED_CLAUSES_ONLY	True
GIR-FD82-C015	deliverables/final-specification-set/test-catalog/demo-dx-wp72-73-74-75-76-77.md	SHARED_TEST_FAMILY_SERIAL_FILE_LOCK	True
GIR-FD82-C015	review/wp72-delivery-2026-10-02/revision-v3/entry-coverage-table.md	IMMUTABLE_EVIDENCE_SUCCESSOR_ERRATA_ONLY	True
GIR-FD82-C015	specs/demo/wp72-debug-contexts-and-controls.md	IMMUTABLE_EVIDENCE_SUCCESSOR_ERRATA_ONLY	True
GIR-FD82-C016	deliverables/final-specification-set/demo-dx/wp73-b-world-editors.md	FINAL_FINDING_LINKED_CLAUSES_ONLY	True
GIR-FD82-C016	deliverables/final-specification-set/test-catalog/demo-dx-wp72-73-74-75-76-77.md	SHARED_TEST_FAMILY_SERIAL_FILE_LOCK	True
GIR-FD82-C016	review/wp73b-delivery-2026-10-02/revision-v4/entry-coverage-table.md	IMMUTABLE_EVIDENCE_SUCCESSOR_ERRATA_ONLY	True
GIR-FD82-C016	specs/demo/wp73-b-world-editors.md	IMMUTABLE_EVIDENCE_SUCCESSOR_ERRATA_ONLY	True
GIR-FD82-C017	deliverables/final-specification-set/demo-dx/wp73-a-content-editors.md	FINAL_FINDING_LINKED_CLAUSES_ONLY	True
GIR-FD82-C017	deliverables/final-specification-set/test-catalog/demo-dx-wp72-73-74-75-76-77.md	SHARED_TEST_FAMILY_SERIAL_FILE_LOCK	True
GIR-FD82-C017	review/wp73a-delivery-2026-10-02/revision-v4/entry-coverage-table.md	IMMUTABLE_EVIDENCE_SUCCESSOR_ERRATA_ONLY	True
GIR-FD82-C017	specs/demo/wp73-a-content-editors.md	IMMUTABLE_EVIDENCE_SUCCESSOR_ERRATA_ONLY	True
GIR-FD82-C018	deliverables/final-specification-set/demo-dx/wp73-a-content-editors.md	FINAL_FINDING_LINKED_CLAUSES_ONLY	True
GIR-FD82-C018	deliverables/final-specification-set/test-catalog/demo-dx-wp72-73-74-75-76-77.md	SHARED_TEST_FAMILY_SERIAL_FILE_LOCK	True
GIR-FD82-C018	review/wp73a-delivery-2026-10-02/revision-v4/entry-coverage-table.md	IMMUTABLE_EVIDENCE_SUCCESSOR_ERRATA_ONLY	True
GIR-FD82-C018	specs/demo/wp73-a-content-editors.md	IMMUTABLE_EVIDENCE_SUCCESSOR_ERRATA_ONLY	True
GIR-FD82-C019	deliverables/final-specification-set/demo-dx/wp73-a-content-editors.md	FINAL_FINDING_LINKED_CLAUSES_ONLY	True
GIR-FD82-C019	deliverables/final-specification-set/test-catalog/demo-dx-wp72-73-74-75-76-77.md	SHARED_TEST_FAMILY_SERIAL_FILE_LOCK	True
GIR-FD82-C019	review/wp73a-delivery-2026-10-02/revision-v4/entry-coverage-table.md	IMMUTABLE_EVIDENCE_SUCCESSOR_ERRATA_ONLY	True
GIR-FD82-C019	specs/demo/wp73-a-content-editors.md	IMMUTABLE_EVIDENCE_SUCCESSOR_ERRATA_ONLY	True
GIR-FD82-C020	deliverables/final-specification-set/demo-dx/wp73-a-content-editors.md	FINAL_FINDING_LINKED_CLAUSES_ONLY	True
GIR-FD82-C020	deliverables/final-specification-set/demo-dx/wp74-battle-animation-authoring-and-exchange.md	FINAL_FINDING_LINKED_CLAUSES_ONLY	True
GIR-FD82-C020	deliverables/final-specification-set/test-catalog/demo-dx-wp72-73-74-75-76-77.md	SHARED_TEST_FAMILY_SERIAL_FILE_LOCK	True
GIR-FD82-C020	deliverables/final-specification-set/user-interface/wp63-pokegear-map-music-and-phone.md	FINAL_FINDING_LINKED_CLAUSES_ONLY	True
GIR-FD82-C020	review/wp73a-delivery-2026-10-02/revision-v4/entry-coverage-table.md	IMMUTABLE_EVIDENCE_SUCCESSOR_ERRATA_ONLY	True
GIR-FD82-C020	specs/demo/wp73-a-content-editors.md	IMMUTABLE_EVIDENCE_SUCCESSOR_ERRATA_ONLY	True
GIR-FD82-C020	specs/ui/wp63-pokegear-map-music-and-phone.md	IMMUTABLE_EVIDENCE_SUCCESSOR_ERRATA_ONLY	True
GIR-FD82-C021	deliverables/final-specification-set/demo-dx/wp73-a-content-editors.md	FINAL_FINDING_LINKED_CLAUSES_ONLY	True
GIR-FD82-C021	deliverables/final-specification-set/test-catalog/demo-dx-wp72-73-74-75-76-77.md	SHARED_TEST_FAMILY_SERIAL_FILE_LOCK	True
GIR-FD82-C021	review/wp73a-delivery-2026-10-02/revision-v4/entry-coverage-table.md	IMMUTABLE_EVIDENCE_SUCCESSOR_ERRATA_ONLY	True
GIR-FD82-C021	specs/demo/wp73-a-content-editors.md	IMMUTABLE_EVIDENCE_SUCCESSOR_ERRATA_ONLY	True
GIR-FD82-C022	deliverables/final-specification-set/demo-dx/wp73-a-content-editors.md	FINAL_FINDING_LINKED_CLAUSES_ONLY	True
GIR-FD82-C022	deliverables/final-specification-set/test-catalog/demo-dx-wp72-73-74-75-76-77.md	SHARED_TEST_FAMILY_SERIAL_FILE_LOCK	True
GIR-FD82-C022	review/wp73a-delivery-2026-10-02/revision-v4/entry-coverage-table.md	IMMUTABLE_EVIDENCE_SUCCESSOR_ERRATA_ONLY	True
GIR-FD82-C022	specs/demo/wp73-a-content-editors.md	IMMUTABLE_EVIDENCE_SUCCESSOR_ERRATA_ONLY	True
GIR-FD82-C023	deliverables/final-specification-set/demo-dx/wp73-a-content-editors.md	FINAL_FINDING_LINKED_CLAUSES_ONLY	True
GIR-FD82-C023	deliverables/final-specification-set/test-catalog/demo-dx-wp72-73-74-75-76-77.md	SHARED_TEST_FAMILY_SERIAL_FILE_LOCK	True
GIR-FD82-C023	review/wp73a-delivery-2026-10-02/revision-v4/entry-coverage-table.md	IMMUTABLE_EVIDENCE_SUCCESSOR_ERRATA_ONLY	True
GIR-FD82-C023	specs/demo/wp73-a-content-editors.md	IMMUTABLE_EVIDENCE_SUCCESSOR_ERRATA_ONLY	True
GIR-FD82-C024	deliverables/final-specification-set/demo-dx/wp75-project-conversion-and-authoring-tools.md	FINAL_FINDING_LINKED_CLAUSES_ONLY	True
GIR-FD82-C024	deliverables/final-specification-set/test-catalog/demo-dx-wp72-73-74-75-76-77.md	SHARED_TEST_FAMILY_SERIAL_FILE_LOCK	True
GIR-FD82-C024	specs/demo/wp75-project-conversion-and-authoring-tools.md	IMMUTABLE_EVIDENCE_SUCCESSOR_ERRATA_ONLY	True
GIR-FD82-C025	deliverables/final-specification-set/demo-dx/wp74-battle-animation-authoring-and-exchange.md	FINAL_FINDING_LINKED_CLAUSES_ONLY	True
GIR-FD82-C025	deliverables/final-specification-set/test-catalog/demo-dx-wp72-73-74-75-76-77.md	SHARED_TEST_FAMILY_SERIAL_FILE_LOCK	True
GIR-FD82-C025	specs/demo/wp74-battle-animation-authoring-and-exchange.md	IMMUTABLE_EVIDENCE_SUCCESSOR_ERRATA_ONLY	True
GIR-FD82-C026	deliverables/final-specification-set/demo-dx/wp74-battle-animation-authoring-and-exchange.md	FINAL_FINDING_LINKED_CLAUSES_ONLY	True
GIR-FD82-C026	deliverables/final-specification-set/test-catalog/demo-dx-wp72-73-74-75-76-77.md	SHARED_TEST_FAMILY_SERIAL_FILE_LOCK	True
GIR-FD82-C026	specs/demo/wp74-battle-animation-authoring-and-exchange.md	IMMUTABLE_EVIDENCE_SUCCESSOR_ERRATA_ONLY	True
GIR-FD82-C027	deliverables/final-specification-set/demo-dx/wp75-project-conversion-and-authoring-tools.md	FINAL_FINDING_LINKED_CLAUSES_ONLY	True
GIR-FD82-C027	deliverables/final-specification-set/test-catalog/demo-dx-wp72-73-74-75-76-77.md	SHARED_TEST_FAMILY_SERIAL_FILE_LOCK	True
GIR-FD82-C027	specs/demo/wp75-project-conversion-and-authoring-tools.md	IMMUTABLE_EVIDENCE_SUCCESSOR_ERRATA_ONLY	True
GIR-FD82-C028	deliverables/final-specification-set/demo-dx/wp77-demo-evidence-and-capability-coverage.md	FINAL_FINDING_LINKED_CLAUSES_ONLY	True
GIR-FD82-C028	specs/demo/wp77-demo-evidence-and-capability-coverage.md	IMMUTABLE_EVIDENCE_SUCCESSOR_ERRATA_ONLY	True
GIR-FD82-C028	specs/ui/wp63-pokegear-map-music-and-phone.md	IMMUTABLE_EVIDENCE_SUCCESSOR_ERRATA_ONLY	True
GIR-FD82-C029	audit/source-traceability.md	PUBLIC_SINGLE_AUTHOR_OR_SUCCESSOR	True
GIR-FD82-C029	deliverables/final-specification-set/demo-dx/wp77-demo-evidence-and-capability-coverage.md	FINAL_FINDING_LINKED_CLAUSES_ONLY	True
GIR-FD82-C029	specs/demo/wp77-demo-evidence-and-capability-coverage.md	IMMUTABLE_EVIDENCE_SUCCESSOR_ERRATA_ONLY	True
GIR-FD82-C030	deliverables/final-specification-set/demo-dx/wp75-project-conversion-and-authoring-tools.md	FINAL_FINDING_LINKED_CLAUSES_ONLY	True
GIR-FD82-C030	deliverables/final-specification-set/test-catalog/demo-dx-wp72-73-74-75-76-77.md	SHARED_TEST_FAMILY_SERIAL_FILE_LOCK	True
GIR-FD82-C030	specs/demo/wp75-project-conversion-and-authoring-tools.md	IMMUTABLE_EVIDENCE_SUCCESSOR_ERRATA_ONLY	True
GIR-FD82-C031	deliverables/final-specification-set/demo-dx/wp74-battle-animation-authoring-and-exchange.md	FINAL_FINDING_LINKED_CLAUSES_ONLY	True
GIR-FD82-C031	deliverables/final-specification-set/test-catalog/demo-dx-wp72-73-74-75-76-77.md	SHARED_TEST_FAMILY_SERIAL_FILE_LOCK	True
GIR-FD82-C031	review/wp74-delivery-2026-10-02/revision-v4/entry-coverage-table.md	IMMUTABLE_EVIDENCE_SUCCESSOR_ERRATA_ONLY	True
GIR-FD82-C031	specs/demo/wp74-battle-animation-authoring-and-exchange.md	IMMUTABLE_EVIDENCE_SUCCESSOR_ERRATA_ONLY	True
GIR-FD82-C032	deliverables/final-specification-set/demo-dx/wp74-battle-animation-authoring-and-exchange.md	FINAL_FINDING_LINKED_CLAUSES_ONLY	True
GIR-FD82-C032	deliverables/final-specification-set/test-catalog/demo-dx-wp72-73-74-75-76-77.md	SHARED_TEST_FAMILY_SERIAL_FILE_LOCK	True
GIR-FD82-C032	specs/demo/wp74-battle-animation-authoring-and-exchange.md	IMMUTABLE_EVIDENCE_SUCCESSOR_ERRATA_ONLY	True
GIR-FD82-C033	deliverables/final-specification-set/demo-dx/wp74-battle-animation-authoring-and-exchange.md	FINAL_FINDING_LINKED_CLAUSES_ONLY	True
GIR-FD82-C033	deliverables/final-specification-set/test-catalog/demo-dx-wp72-73-74-75-76-77.md	SHARED_TEST_FAMILY_SERIAL_FILE_LOCK	True
GIR-FD82-C033	specs/demo/wp74-battle-animation-authoring-and-exchange.md	IMMUTABLE_EVIDENCE_SUCCESSOR_ERRATA_ONLY	True
GIR-FD82-C034	deliverables/final-specification-set/demo-dx/wp75-project-conversion-and-authoring-tools.md	FINAL_FINDING_LINKED_CLAUSES_ONLY	True
GIR-FD82-C034	deliverables/final-specification-set/test-catalog/demo-dx-wp72-73-74-75-76-77.md	SHARED_TEST_FAMILY_SERIAL_FILE_LOCK	True
GIR-FD82-C034	specs/demo/wp75-project-conversion-and-authoring-tools.md	IMMUTABLE_EVIDENCE_SUCCESSOR_ERRATA_ONLY	True
GIR-FD82-C035	deliverables/final-specification-set/engine-overworld/wp12-terrain-movement-vehicles.md	FINAL_FINDING_LINKED_CLAUSES_ONLY	True
GIR-FD82-C035	specs/overworld/wp12-terrain-movement-vehicles.md	IMMUTABLE_EVIDENCE_SUCCESSOR_ERRATA_ONLY	True
GIR-FD82-C036	deliverables/final-specification-set/engine-overworld/wp12-terrain-movement-vehicles.md	FINAL_FINDING_LINKED_CLAUSES_ONLY	True
GIR-FD82-C036	deliverables/final-specification-set/test-catalog/engine-overworld-wp11-15-59-60.md	SHARED_TEST_FAMILY_SERIAL_FILE_LOCK	True
GIR-FD82-C036	specs/overworld/wp12-terrain-movement-vehicles.md	IMMUTABLE_EVIDENCE_SUCCESSOR_ERRATA_ONLY	True
GIR-FD82-C037	deliverables/final-specification-set/engine-overworld/wp11-map-topology-transfer.md	FINAL_FINDING_LINKED_CLAUSES_ONLY	True
GIR-FD82-C037	deliverables/final-specification-set/engine-overworld/wp12-terrain-movement-vehicles.md	FINAL_FINDING_LINKED_CLAUSES_ONLY	True
GIR-FD82-C037	deliverables/final-specification-set/engine-overworld/wp13-interpreter-command-matrix.md	FINAL_FINDING_LINKED_CLAUSES_ONLY	True
GIR-FD82-C037	specs/overworld/wp12-terrain-movement-vehicles.md	IMMUTABLE_EVIDENCE_SUCCESSOR_ERRATA_ONLY	True
GIR-FD82-C038	deliverables/final-specification-set/engine-overworld/wp13-interpreter-command-matrix.md	FINAL_FINDING_LINKED_CLAUSES_ONLY	True
GIR-FD82-C038	deliverables/final-specification-set/test-catalog/engine-overworld-wp11-15-59-60.md	SHARED_TEST_FAMILY_SERIAL_FILE_LOCK	True
GIR-FD82-C039	deliverables/final-specification-set/engine-overworld/wp13-interpreter-command-matrix.md	FINAL_FINDING_LINKED_CLAUSES_ONLY	True
GIR-FD82-C039	specs/overworld/wp13-interpreter-command-matrix.md	IMMUTABLE_EVIDENCE_SUCCESSOR_ERRATA_ONLY	True
GIR-FD82-C039	specs/overworld/wp13-map-events-npc-followers.md	IMMUTABLE_EVIDENCE_SUCCESSOR_ERRATA_ONLY	True
GIR-FD82-C040	deliverables/final-specification-set/engine-overworld/wp13-interpreter-command-matrix.md	FINAL_FINDING_LINKED_CLAUSES_ONLY	True
GIR-FD82-C040	deliverables/final-specification-set/test-catalog/engine-overworld-wp11-15-59-60.md	SHARED_TEST_FAMILY_SERIAL_FILE_LOCK	True
GIR-FD82-C040	specs/overworld/wp13-interpreter-command-matrix.md	IMMUTABLE_EVIDENCE_SUCCESSOR_ERRATA_ONLY	True
GIR-FD82-C041	deliverables/final-specification-set/engine-overworld/wp13-interpreter-command-matrix.md	FINAL_FINDING_LINKED_CLAUSES_ONLY	True
GIR-FD82-C041	deliverables/final-specification-set/engine-overworld/wp13-move-route-matrix.md	FINAL_FINDING_LINKED_CLAUSES_ONLY	True
GIR-FD82-C041	specs/overworld/wp13-interpreter-command-matrix.md	IMMUTABLE_EVIDENCE_SUCCESSOR_ERRATA_ONLY	True
GIR-FD82-C041	specs/overworld/wp13-move-route-matrix.md	IMMUTABLE_EVIDENCE_SUCCESSOR_ERRATA_ONLY	True
GIR-FD82-C042	deliverables/final-specification-set/engine-overworld/wp13-interpreter-command-matrix.md	FINAL_FINDING_LINKED_CLAUSES_ONLY	True
GIR-FD82-C042	specs/overworld/wp13-interpreter-command-matrix.md	IMMUTABLE_EVIDENCE_SUCCESSOR_ERRATA_ONLY	True
GIR-FD82-C043	deliverables/final-specification-set/engine-overworld/wp14-random-dungeons.md	FINAL_FINDING_LINKED_CLAUSES_ONLY	True
GIR-FD82-C043	deliverables/final-specification-set/test-catalog/engine-overworld-wp11-15-59-60.md	SHARED_TEST_FAMILY_SERIAL_FILE_LOCK	True
GIR-FD82-C043	specs/overworld/wp14-random-dungeons.md	IMMUTABLE_EVIDENCE_SUCCESSOR_ERRATA_ONLY	True
GIR-FD82-C044	deliverables/final-specification-set/engine-overworld/wp14-random-dungeons.md	FINAL_FINDING_LINKED_CLAUSES_ONLY	True
GIR-FD82-C044	specs/overworld/wp14-random-dungeons.md	IMMUTABLE_EVIDENCE_SUCCESSOR_ERRATA_ONLY	True
GIR-FD82-C045	deliverables/final-specification-set/engine-overworld/wp14-random-dungeons.md	FINAL_FINDING_LINKED_CLAUSES_ONLY	True
GIR-FD82-C045	specs/overworld/wp14-random-dungeons.md	IMMUTABLE_EVIDENCE_SUCCESSOR_ERRATA_ONLY	True
GIR-FD82-C046	deliverables/final-specification-set/engine-overworld/wp14-random-dungeons.md	FINAL_FINDING_LINKED_CLAUSES_ONLY	True
GIR-FD82-C046	deliverables/final-specification-set/test-catalog/engine-overworld-wp11-15-59-60.md	SHARED_TEST_FAMILY_SERIAL_FILE_LOCK	True
GIR-FD82-C046	specs/overworld/wp14-random-dungeons.md	IMMUTABLE_EVIDENCE_SUCCESSOR_ERRATA_ONLY	True
GIR-FD82-C047	deliverables/final-specification-set/engine-overworld/wp14-random-dungeons.md	FINAL_FINDING_LINKED_CLAUSES_ONLY	True
GIR-FD82-C047	specs/overworld/wp14-random-dungeons.md	IMMUTABLE_EVIDENCE_SUCCESSOR_ERRATA_ONLY	True
GIR-FD82-C048	deliverables/final-specification-set/engine-overworld/wp14-random-dungeons.md	FINAL_FINDING_LINKED_CLAUSES_ONLY	True
GIR-FD82-C048	deliverables/final-specification-set/test-catalog/engine-overworld-wp11-15-59-60.md	SHARED_TEST_FAMILY_SERIAL_FILE_LOCK	True
GIR-FD82-C048	specs/overworld/wp14-random-dungeons.md	IMMUTABLE_EVIDENCE_SUCCESSOR_ERRATA_ONLY	True
GIR-FD82-C049	deliverables/final-specification-set/engine-overworld/wp12-terrain-movement-vehicles.md	FINAL_FINDING_LINKED_CLAUSES_ONLY	True
GIR-FD82-C049	deliverables/final-specification-set/engine-overworld/wp13-move-route-matrix.md	FINAL_FINDING_LINKED_CLAUSES_ONLY	True
GIR-FD82-C049	specs/overworld/wp12-terrain-movement-vehicles.md	IMMUTABLE_EVIDENCE_SUCCESSOR_ERRATA_ONLY	True
GIR-FD82-C049	specs/overworld/wp13-move-route-matrix.md	IMMUTABLE_EVIDENCE_SUCCESSOR_ERRATA_ONLY	True
GIR-FD82-C050	deliverables/final-specification-set/engine-overworld/wp12-terrain-movement-vehicles.md	FINAL_FINDING_LINKED_CLAUSES_ONLY	True
GIR-FD82-C050	specs/overworld/wp12-terrain-movement-vehicles.md	IMMUTABLE_EVIDENCE_SUCCESSOR_ERRATA_ONLY	True
GIR-FD82-C051	deliverables/final-specification-set/engine-overworld/wp13-map-events-npc-followers.md	FINAL_FINDING_LINKED_CLAUSES_ONLY	True
GIR-FD82-C051	specs/overworld/wp13-map-events-npc-followers.md	IMMUTABLE_EVIDENCE_SUCCESSOR_ERRATA_ONLY	True
GIR-FD82-C052	deliverables/final-specification-set/engine-overworld/wp11-map-topology-transfer.md	FINAL_FINDING_LINKED_CLAUSES_ONLY	True
GIR-FD82-C052	deliverables/final-specification-set/engine-overworld/wp12-terrain-movement-vehicles.md	FINAL_FINDING_LINKED_CLAUSES_ONLY	True
GIR-FD82-C052	specs/overworld/wp11-map-topology-transfer.md	IMMUTABLE_EVIDENCE_SUCCESSOR_ERRATA_ONLY	True
GIR-FD82-C053	deliverables/final-specification-set/engine-overworld/wp13-interpreter-command-matrix.md	FINAL_FINDING_LINKED_CLAUSES_ONLY	True
GIR-FD82-C053	deliverables/final-specification-set/user-interface/wp17-messages-windows-input.md	FINAL_FINDING_LINKED_CLAUSES_ONLY	True
GIR-FD82-C053	specs/overworld/wp13-interpreter-command-matrix.md	IMMUTABLE_EVIDENCE_SUCCESSOR_ERRATA_ONLY	True
GIR-FD82-C054	deliverables/final-specification-set/engine-overworld/wp12-terrain-movement-vehicles.md	FINAL_FINDING_LINKED_CLAUSES_ONLY	True
GIR-FD82-C054	specs/overworld/wp12-terrain-movement-vehicles.md	IMMUTABLE_EVIDENCE_SUCCESSOR_ERRATA_ONLY	True
GIR-FD82-C055	deliverables/final-specification-set/engine-overworld/wp15-resource-matching-and-audio.md	FINAL_FINDING_LINKED_CLAUSES_ONLY	True
GIR-FD82-C055	deliverables/final-specification-set/test-catalog/engine-overworld-wp11-15-59-60.md	SHARED_TEST_FAMILY_SERIAL_FILE_LOCK	True
GIR-FD82-C055	specs/overworld/wp15-resource-matching-and-audio.md	IMMUTABLE_EVIDENCE_SUCCESSOR_ERRATA_ONLY	True
GIR-FD82-C056	deliverables/final-specification-set/engine-overworld/wp15-resource-matching-and-audio.md	FINAL_FINDING_LINKED_CLAUSES_ONLY	True
GIR-FD82-C057	deliverables/final-specification-set/engine-overworld/wp15-resource-matching-and-audio.md	FINAL_FINDING_LINKED_CLAUSES_ONLY	True
GIR-FD82-C057	specs/overworld/wp15-resource-matching-and-audio.md	IMMUTABLE_EVIDENCE_SUCCESSOR_ERRATA_ONLY	True
GIR-FD82-C058	deliverables/final-specification-set/engine-overworld/wp15-resource-matching-and-audio.md	FINAL_FINDING_LINKED_CLAUSES_ONLY	True
GIR-FD82-C058	deliverables/final-specification-set/user-interface/wp65-title-load-options-pause-and-pc.md	FINAL_FINDING_LINKED_CLAUSES_ONLY	True
GIR-FD82-C058	specs/ui/wp65-title-load-options-pause-and-pc.md	IMMUTABLE_EVIDENCE_SUCCESSOR_ERRATA_ONLY	True
GIR-FD82-C059	deliverables/final-specification-set/engine-overworld/wp15-resource-matching-and-audio.md	FINAL_FINDING_LINKED_CLAUSES_ONLY	True
GIR-FD82-C059	deliverables/final-specification-set/test-catalog/engine-overworld-wp11-15-59-60.md	SHARED_TEST_FAMILY_SERIAL_FILE_LOCK	True
GIR-FD82-C060	deliverables/final-specification-set/engine-overworld/wp15-resource-matching-and-audio.md	FINAL_FINDING_LINKED_CLAUSES_ONLY	True
GIR-FD82-C061	deliverables/final-specification-set/engine-overworld/wp15-resource-matching-and-audio.md	FINAL_FINDING_LINKED_CLAUSES_ONLY	True
GIR-FD82-C061	deliverables/final-specification-set/user-interface/wp17-draw-text-tags.md	FINAL_FINDING_LINKED_CLAUSES_ONLY	True
GIR-FD82-C061	deliverables/final-specification-set/user-interface/wp17-messages-windows-input.md	FINAL_FINDING_LINKED_CLAUSES_ONLY	True
GIR-FD82-C062	deliverables/final-specification-set/engine-overworld/wp16-world-rendering-and-visual-transitions.md	FINAL_FINDING_LINKED_CLAUSES_ONLY	True
GIR-FD82-C063	deliverables/final-specification-set/engine-overworld/wp16-world-rendering-and-visual-transitions.md	FINAL_FINDING_LINKED_CLAUSES_ONLY	True
GIR-FD82-C064	deliverables/final-specification-set/engine-overworld/wp16-world-rendering-and-visual-transitions.md	FINAL_FINDING_LINKED_CLAUSES_ONLY	True
GIR-FD82-C065	deliverables/final-specification-set/engine-overworld/wp16-world-rendering-and-visual-transitions.md	FINAL_FINDING_LINKED_CLAUSES_ONLY	True
GIR-FD82-C065	deliverables/final-specification-set/test-catalog/engine-overworld-wp16.md	SHARED_TEST_FAMILY_SERIAL_FILE_LOCK	True
GIR-FD82-C066	deliverables/final-specification-set/engine-overworld/wp16-world-rendering-and-visual-transitions.md	FINAL_FINDING_LINKED_CLAUSES_ONLY	True
GIR-FD82-C067	deliverables/final-specification-set/engine-overworld/wp16-world-rendering-and-visual-transitions.md	FINAL_FINDING_LINKED_CLAUSES_ONLY	True
GIR-FD82-C068	deliverables/final-specification-set/engine-overworld/wp16-world-rendering-and-visual-transitions.md	FINAL_FINDING_LINKED_CLAUSES_ONLY	True
GIR-FD82-C069	deliverables/final-specification-set/engine-overworld/wp16-pre-battle-transitions.md	FINAL_FINDING_LINKED_CLAUSES_ONLY	True
GIR-FD82-C069	deliverables/final-specification-set/engine-overworld/wp16-world-rendering-and-visual-transitions.md	FINAL_FINDING_LINKED_CLAUSES_ONLY	True
GIR-FD82-C070	deliverables/final-specification-set/user-interface/wp17-messages-windows-input.md	FINAL_FINDING_LINKED_CLAUSES_ONLY	True
GIR-FD82-C071	deliverables/final-specification-set/user-interface/wp17-messages-windows-input.md	FINAL_FINDING_LINKED_CLAUSES_ONLY	True
GIR-FD82-C072	deliverables/final-specification-set/user-interface/wp17-messages-windows-input.md	FINAL_FINDING_LINKED_CLAUSES_ONLY	True
GIR-FD82-C073	deliverables/final-specification-set/user-interface/wp17-messages-windows-input.md	FINAL_FINDING_LINKED_CLAUSES_ONLY	True
GIR-FD82-C074	deliverables/final-specification-set/user-interface/wp17-draw-text-tags.md	FINAL_FINDING_LINKED_CLAUSES_ONLY	True
GIR-FD82-C075	deliverables/final-specification-set/user-interface/wp17-draw-text-tags.md	FINAL_FINDING_LINKED_CLAUSES_ONLY	True
GIR-FD82-C076	deliverables/final-specification-set/user-interface/wp17-messages-windows-input.md	FINAL_FINDING_LINKED_CLAUSES_ONLY	True
GIR-FD82-C077	deliverables/final-specification-set/engine-overworld/wp16-world-rendering-and-visual-transitions.md	FINAL_FINDING_LINKED_CLAUSES_ONLY	True
GIR-FD82-C078	deliverables/final-specification-set/engine-overworld/wp16-world-rendering-and-visual-transitions.md	FINAL_FINDING_LINKED_CLAUSES_ONLY	True
GIR-FD82-C079	deliverables/final-specification-set/creature-rpg/wp36-wild-encounters-and-modifiers.md	FINAL_FINDING_LINKED_CLAUSES_ONLY	True
GIR-FD82-C079	specs/creature-rpg/wp36-wild-encounters-and-modifiers.md	IMMUTABLE_EVIDENCE_SUCCESSOR_ERRATA_ONLY	True
GIR-FD82-C080	deliverables/final-specification-set/creature-rpg/wp36-wild-encounters-and-modifiers.md	FINAL_FINDING_LINKED_CLAUSES_ONLY	True
GIR-FD82-C080	deliverables/final-specification-set/generic-kernel/wp03-content-identity-and-schema.md	FINAL_FINDING_LINKED_CLAUSES_ONLY	True
GIR-FD82-C080	specs/creature-rpg/wp36-wild-encounters-and-modifiers.md	IMMUTABLE_EVIDENCE_SUCCESSOR_ERRATA_ONLY	True
GIR-FD82-C081	deliverables/final-specification-set/creature-rpg/wp36-wild-encounters-and-modifiers.md	FINAL_FINDING_LINKED_CLAUSES_ONLY	True
GIR-FD82-C081	deliverables/final-specification-set/generic-kernel/wp06-time-random-steps-stats.md	FINAL_FINDING_LINKED_CLAUSES_ONLY	True
GIR-FD82-C081	specs/creature-rpg/wp36-wild-encounters-and-modifiers.md	IMMUTABLE_EVIDENCE_SUCCESSOR_ERRATA_ONLY	True
GIR-FD82-C082	deliverables/final-specification-set/creature-rpg/wp36-wild-encounters-and-modifiers.md	FINAL_FINDING_LINKED_CLAUSES_ONLY	True
GIR-FD82-C082	deliverables/final-specification-set/test-catalog/creature-rpg-wp35-36-57-64-68.md	SHARED_TEST_FAMILY_SERIAL_FILE_LOCK	True
GIR-FD82-C083	deliverables/final-specification-set/creature-rpg/wp36-wild-encounters-and-modifiers.md	FINAL_FINDING_LINKED_CLAUSES_ONLY	True
GIR-FD82-C083	deliverables/final-specification-set/demo-dx/wp77-demo-evidence-and-capability-coverage.md	FINAL_FINDING_LINKED_CLAUSES_ONLY	True
GIR-FD82-C084	deliverables/final-specification-set/pokemon-rules/wp37-roaming-and-poke-radar.md	FINAL_FINDING_LINKED_CLAUSES_ONLY	True
GIR-FD82-C084	specs/pokemon-rules/wp37-roaming-and-poke-radar.md	IMMUTABLE_EVIDENCE_SUCCESSOR_ERRATA_ONLY	True
GIR-FD82-C085	deliverables/final-specification-set/pokemon-rules/wp37-roaming-and-poke-radar.md	FINAL_FINDING_LINKED_CLAUSES_ONLY	True
GIR-FD82-C085	review/wp37-delivery-2026-10-02/revision-v3/entry-coverage-table.md	IMMUTABLE_EVIDENCE_SUCCESSOR_ERRATA_ONLY	True
GIR-FD82-C086	deliverables/final-specification-set/engine-overworld/wp59-world-time-weather-field-moves.md	FINAL_FINDING_LINKED_CLAUSES_ONLY	True
GIR-FD82-C086	specs/overworld/wp59-world-time-weather-field-moves.md	IMMUTABLE_EVIDENCE_SUCCESSOR_ERRATA_ONLY	True
GIR-FD82-C087	deliverables/final-specification-set/engine-overworld/wp59-world-time-weather-field-moves.md	FINAL_FINDING_LINKED_CLAUSES_ONLY	True
GIR-FD82-C087	specs/overworld/wp59-world-time-weather-field-moves.md	IMMUTABLE_EVIDENCE_SUCCESSOR_ERRATA_ONLY	True
GIR-FD82-C088	deliverables/final-specification-set/engine-overworld/wp59-world-time-weather-field-moves.md	FINAL_FINDING_LINKED_CLAUSES_ONLY	True
GIR-FD82-C089	deliverables/final-specification-set/engine-overworld/wp59-world-time-weather-field-moves.md	FINAL_FINDING_LINKED_CLAUSES_ONLY	True
GIR-FD82-C091	deliverables/final-specification-set/engine-overworld/wp59-world-time-weather-field-moves.md	FINAL_FINDING_LINKED_CLAUSES_ONLY	True
GIR-FD82-C091	specs/overworld/wp59-world-time-weather-field-moves.md	IMMUTABLE_EVIDENCE_SUCCESSOR_ERRATA_ONLY	True
GIR-FD82-C092	deliverables/final-specification-set/engine-overworld/wp59-world-time-weather-field-moves.md	FINAL_FINDING_LINKED_CLAUSES_ONLY	True
GIR-FD82-C092	specs/overworld/wp59-world-time-weather-field-moves.md	IMMUTABLE_EVIDENCE_SUCCESSOR_ERRATA_ONLY	True
GIR-FD82-C093	deliverables/final-specification-set/engine-overworld/wp16-world-rendering-and-visual-transitions.md	FINAL_FINDING_LINKED_CLAUSES_ONLY	True
GIR-FD82-C093	deliverables/final-specification-set/engine-overworld/wp59-world-time-weather-field-moves.md	FINAL_FINDING_LINKED_CLAUSES_ONLY	True
GIR-FD82-C093	specs/overworld/wp59-world-time-weather-field-moves.md	IMMUTABLE_EVIDENCE_SUCCESSOR_ERRATA_ONLY	True
GIR-FD82-C094	deliverables/final-specification-set/engine-overworld/wp11-map-topology-transfer.md	FINAL_FINDING_LINKED_CLAUSES_ONLY	True
GIR-FD82-C094	deliverables/final-specification-set/engine-overworld/wp59-world-time-weather-field-moves.md	FINAL_FINDING_LINKED_CLAUSES_ONLY	True
GIR-FD82-C094	deliverables/final-specification-set/test-catalog/engine-overworld-wp11-15-59-60.md	SHARED_TEST_FAMILY_SERIAL_FILE_LOCK	True
GIR-FD82-C094	specs/overworld/wp11-map-topology-transfer.md	IMMUTABLE_EVIDENCE_SUCCESSOR_ERRATA_ONLY	True
GIR-FD82-C094	specs/overworld/wp59-world-time-weather-field-moves.md	IMMUTABLE_EVIDENCE_SUCCESSOR_ERRATA_ONLY	True
GIR-FD82-C095	deliverables/final-specification-set/engine-overworld/wp12-terrain-movement-vehicles.md	FINAL_FINDING_LINKED_CLAUSES_ONLY	True
GIR-FD82-C095	deliverables/final-specification-set/engine-overworld/wp59-world-time-weather-field-moves.md	FINAL_FINDING_LINKED_CLAUSES_ONLY	True
GIR-FD82-C096	deliverables/final-specification-set/creature-rpg/wp36-wild-encounters-and-modifiers.md	FINAL_FINDING_LINKED_CLAUSES_ONLY	True
GIR-FD82-C096	specs/creature-rpg/wp36-wild-encounters-and-modifiers.md	IMMUTABLE_EVIDENCE_SUCCESSOR_ERRATA_ONLY	True
GIR-FD82-C097	deliverables/final-specification-set/engine-overworld/wp59-world-time-weather-field-moves.md	FINAL_FINDING_LINKED_CLAUSES_ONLY	True
GIR-FD82-C098	deliverables/final-specification-set/engine-overworld/wp60-fishing.md	FINAL_FINDING_LINKED_CLAUSES_ONLY	True
GIR-FD82-C098	deliverables/final-specification-set/test-catalog/engine-overworld-wp11-15-59-60.md	SHARED_TEST_FAMILY_SERIAL_FILE_LOCK	True
GIR-FD82-C098	specs/overworld/wp60-fishing.md	IMMUTABLE_EVIDENCE_SUCCESSOR_ERRATA_ONLY	True
GIR-FD82-C099	deliverables/final-specification-set/engine-overworld/wp60-fishing.md	FINAL_FINDING_LINKED_CLAUSES_ONLY	True
GIR-FD82-C099	deliverables/final-specification-set/test-catalog/engine-overworld-wp11-15-59-60.md	SHARED_TEST_FAMILY_SERIAL_FILE_LOCK	True
GIR-FD82-C099	specs/overworld/wp60-fishing.md	IMMUTABLE_EVIDENCE_SUCCESSOR_ERRATA_ONLY	True
GIR-FD82-C100	deliverables/final-specification-set/pokemon-rules/wp60-berry-plants.md	FINAL_FINDING_LINKED_CLAUSES_ONLY	True
GIR-FD82-C100	specs/pokemon-rules/wp60-berry-plants.md	IMMUTABLE_EVIDENCE_SUCCESSOR_ERRATA_ONLY	True
GIR-FD82-C101	deliverables/final-specification-set/pokemon-rules/wp60-berry-plants.md	FINAL_FINDING_LINKED_CLAUSES_ONLY	True
GIR-FD82-C101	specs/pokemon-rules/wp60-berry-plants.md	IMMUTABLE_EVIDENCE_SUCCESSOR_ERRATA_ONLY	True
GIR-FD82-C102	deliverables/final-specification-set/pokemon-rules/wp60-berry-plants.md	FINAL_FINDING_LINKED_CLAUSES_ONLY	True
GIR-FD82-C102	specs/pokemon-rules/wp60-berry-plants.md	IMMUTABLE_EVIDENCE_SUCCESSOR_ERRATA_ONLY	True
GIR-FD82-C103	deliverables/final-specification-set/creature-rpg/wp24-player-trainers-partners.md	FINAL_FINDING_LINKED_CLAUSES_ONLY	True
GIR-FD82-C103	deliverables/final-specification-set/pokemon-rules/wp61-field-passive-effects-and-blackout.md	FINAL_FINDING_LINKED_CLAUSES_ONLY	True
GIR-FD82-C103	specs/pokemon-rules/wp61-field-passive-effects-and-blackout.md	IMMUTABLE_EVIDENCE_SUCCESSOR_ERRATA_ONLY	True
GIR-FD82-C104	deliverables/final-specification-set/pokemon-rules/wp61-field-passive-effects-and-blackout.md	FINAL_FINDING_LINKED_CLAUSES_ONLY	True
GIR-FD82-C104	deliverables/final-specification-set/test-catalog/pokemon-rules-wp53-60-61-62-69-70.md	SHARED_TEST_FAMILY_SERIAL_FILE_LOCK	True
GIR-FD82-C104	specs/pokemon-rules/wp61-field-passive-effects-and-blackout.md	IMMUTABLE_EVIDENCE_SUCCESSOR_ERRATA_ONLY	True
GIR-FD82-C105	deliverables/final-specification-set/pokemon-rules/wp61-field-passive-effects-and-blackout.md	FINAL_FINDING_LINKED_CLAUSES_ONLY	True
GIR-FD82-C105	specs/pokemon-rules/wp61-field-passive-effects-and-blackout.md	IMMUTABLE_EVIDENCE_SUCCESSOR_ERRATA_ONLY	True
GIR-FD82-C106	deliverables/final-specification-set/engine-overworld/wp16-world-rendering-and-visual-transitions.md	FINAL_FINDING_LINKED_CLAUSES_ONLY	True
GIR-FD82-C106	deliverables/final-specification-set/pokemon-rules/wp61-field-passive-effects-and-blackout.md	FINAL_FINDING_LINKED_CLAUSES_ONLY	True
GIR-FD82-C106	specs/pokemon-rules/wp61-field-passive-effects-and-blackout.md	IMMUTABLE_EVIDENCE_SUCCESSOR_ERRATA_ONLY	True
GIR-FD82-C107	deliverables/final-specification-set/user-interface/wp63-pokegear-map-music-and-phone.md	FINAL_FINDING_LINKED_CLAUSES_ONLY	True
GIR-FD82-C107	specs/ui/wp63-pokegear-map-music-and-phone.md	IMMUTABLE_EVIDENCE_SUCCESSOR_ERRATA_ONLY	True
GIR-FD82-C108	deliverables/final-specification-set/user-interface/wp63-pokegear-map-music-and-phone.md	FINAL_FINDING_LINKED_CLAUSES_ONLY	True
GIR-FD82-C108	specs/ui/wp63-pokegear-map-music-and-phone.md	IMMUTABLE_EVIDENCE_SUCCESSOR_ERRATA_ONLY	True
GIR-FD82-C109	deliverables/final-specification-set/test-catalog/user-interface-wp17-63-65-66-67-68-69-70-71.md	SHARED_TEST_FAMILY_SERIAL_FILE_LOCK	True
GIR-FD82-C109	deliverables/final-specification-set/user-interface/wp63-pokegear-map-music-and-phone.md	FINAL_FINDING_LINKED_CLAUSES_ONLY	True
GIR-FD82-C109	specs/ui/wp63-pokegear-map-music-and-phone.md	IMMUTABLE_EVIDENCE_SUCCESSOR_ERRATA_ONLY	True
GIR-FD82-C110	deliverables/final-specification-set/user-interface/wp63-pokegear-map-music-and-phone.md	FINAL_FINDING_LINKED_CLAUSES_ONLY	True
GIR-FD82-C110	specs/ui/wp63-pokegear-map-music-and-phone.md	IMMUTABLE_EVIDENCE_SUCCESSOR_ERRATA_ONLY	True
GIR-FD82-C111	deliverables/final-specification-set/user-interface/wp63-pokegear-map-music-and-phone.md	FINAL_FINDING_LINKED_CLAUSES_ONLY	True
GIR-FD82-C111	specs/ui/wp63-pokegear-map-music-and-phone.md	IMMUTABLE_EVIDENCE_SUCCESSOR_ERRATA_ONLY	True
GIR-FD82-C112	deliverables/final-specification-set/user-interface/wp63-pokegear-map-music-and-phone.md	FINAL_FINDING_LINKED_CLAUSES_ONLY	True
GIR-FD82-C112	specs/ui/wp63-pokegear-map-music-and-phone.md	IMMUTABLE_EVIDENCE_SUCCESSOR_ERRATA_ONLY	True
GIR-FD82-C113	deliverables/final-specification-set/test-catalog/user-interface-wp17-63-65-66-67-68-69-70-71.md	SHARED_TEST_FAMILY_SERIAL_FILE_LOCK	True
GIR-FD82-C113	deliverables/final-specification-set/user-interface/wp63-pokegear-map-music-and-phone.md	FINAL_FINDING_LINKED_CLAUSES_ONLY	True
GIR-FD82-C113	specs/ui/wp63-pokegear-map-music-and-phone.md	IMMUTABLE_EVIDENCE_SUCCESSOR_ERRATA_ONLY	True
GIR-FD82-C114	deliverables/final-specification-set/test-catalog/user-interface-wp17-63-65-66-67-68-69-70-71.md	SHARED_TEST_FAMILY_SERIAL_FILE_LOCK	True
GIR-FD82-C114	deliverables/final-specification-set/user-interface/wp65-controls-help-appendix.md	FINAL_FINDING_LINKED_CLAUSES_ONLY	True
GIR-FD82-C114	deliverables/final-specification-set/user-interface/wp65-title-load-options-pause-and-pc.md	FINAL_FINDING_LINKED_CLAUSES_ONLY	True
GIR-FD82-C114	specs/ui/wp65-title-load-options-pause-and-pc.md	IMMUTABLE_EVIDENCE_SUCCESSOR_ERRATA_ONLY	True
GIR-FD82-C115	deliverables/final-specification-set/user-interface/wp65-title-load-options-pause-and-pc.md	FINAL_FINDING_LINKED_CLAUSES_ONLY	True
GIR-FD82-C115	specs/ui/wp65-title-load-options-pause-and-pc.md	IMMUTABLE_EVIDENCE_SUCCESSOR_ERRATA_ONLY	True
GIR-FD82-C117	deliverables/final-specification-set/test-catalog/user-interface-wp17-63-65-66-67-68-69-70-71.md	SHARED_TEST_FAMILY_SERIAL_FILE_LOCK	True
GIR-FD82-C117	deliverables/final-specification-set/user-interface/wp66-c-bag-item-storage-and-shop-ui.md	FINAL_FINDING_LINKED_CLAUSES_ONLY	True
GIR-FD82-C117	specs/ui/wp66-c-bag-item-storage-and-shop-ui.md	IMMUTABLE_EVIDENCE_SUCCESSOR_ERRATA_ONLY	True
GIR-FD82-C118	deliverables/final-specification-set/engine-overworld/wp15-resource-matching-and-audio.md	FINAL_FINDING_LINKED_CLAUSES_ONLY	True
GIR-FD82-C118	deliverables/final-specification-set/user-interface/wp66-a-party-and-summary-ui.md	FINAL_FINDING_LINKED_CLAUSES_ONLY	True
GIR-FD82-C118	deliverables/final-specification-set/user-interface/wp66-b-storage-and-pokedex-ui.md	FINAL_FINDING_LINKED_CLAUSES_ONLY	True
GIR-FD82-C118	deliverables/final-specification-set/user-interface/wp66-c-bag-item-storage-and-shop-ui.md	FINAL_FINDING_LINKED_CLAUSES_ONLY	True
GIR-FD82-C119	deliverables/final-specification-set/test-catalog/user-interface-wp17-63-65-66-67-68-69-70-71.md	SHARED_TEST_FAMILY_SERIAL_FILE_LOCK	True
GIR-FD82-C119	deliverables/final-specification-set/user-interface/wp67-b-lifecycle-presentations-and-history.md	FINAL_FINDING_LINKED_CLAUSES_ONLY	True
GIR-FD82-C119	specs/ui/wp67-b-lifecycle-presentations-and-history.md	IMMUTABLE_EVIDENCE_SUCCESSOR_ERRATA_ONLY	True
GIR-FD82-C120	deliverables/final-specification-set/creature-rpg/wp25-party-and-storage.md	FINAL_FINDING_LINKED_CLAUSES_ONLY	True
GIR-FD82-C120	deliverables/final-specification-set/user-interface/wp66-b-storage-and-pokedex-ui.md	FINAL_FINDING_LINKED_CLAUSES_ONLY	True
GIR-FD82-C120	specs/ui/wp66-b-storage-and-pokedex-ui.md	IMMUTABLE_EVIDENCE_SUCCESSOR_ERRATA_ONLY	True
GIR-FD82-C121	deliverables/final-specification-set/user-interface/wp66-b-storage-and-pokedex-ui.md	FINAL_FINDING_LINKED_CLAUSES_ONLY	True
GIR-FD82-C121	specs/ui/wp66-b-storage-and-pokedex-ui.md	IMMUTABLE_EVIDENCE_SUCCESSOR_ERRATA_ONLY	True
GIR-FD82-C122	deliverables/final-specification-set/pokemon-rules/wp62-pokedex-records-regions-and-content.md	FINAL_FINDING_LINKED_CLAUSES_ONLY	True
GIR-FD82-C122	deliverables/final-specification-set/user-interface/wp66-b-storage-and-pokedex-ui.md	FINAL_FINDING_LINKED_CLAUSES_ONLY	True
GIR-FD82-C122	specs/ui/wp66-b-storage-and-pokedex-ui.md	IMMUTABLE_EVIDENCE_SUCCESSOR_ERRATA_ONLY	True
GIR-FD82-C123	deliverables/final-specification-set/test-catalog/user-interface-wp17-63-65-66-67-68-69-70-71.md	SHARED_TEST_FAMILY_SERIAL_FILE_LOCK	True
GIR-FD82-C123	deliverables/final-specification-set/user-interface/wp66-b-storage-and-pokedex-ui.md	FINAL_FINDING_LINKED_CLAUSES_ONLY	True
GIR-FD82-C123	specs/ui/wp66-b-storage-and-pokedex-ui.md	IMMUTABLE_EVIDENCE_SUCCESSOR_ERRATA_ONLY	True
GIR-FD82-C124	deliverables/final-specification-set/pokemon-rules/wp19-attributes-ability-and-stats.md	FINAL_FINDING_LINKED_CLAUSES_ONLY	True
GIR-FD82-C124	deliverables/final-specification-set/user-interface/wp66-a-party-and-summary-ui.md	FINAL_FINDING_LINKED_CLAUSES_ONLY	True
GIR-FD82-C124	specs/ui/wp66-a-party-and-summary-ui.md	IMMUTABLE_EVIDENCE_SUCCESSOR_ERRATA_ONLY	True
GIR-FD82-C125	deliverables/final-specification-set/user-interface/wp66-a-party-and-summary-ui.md	FINAL_FINDING_LINKED_CLAUSES_ONLY	True
GIR-FD82-C125	specs/ui/wp66-a-party-and-summary-ui.md	IMMUTABLE_EVIDENCE_SUCCESSOR_ERRATA_ONLY	True
GIR-FD82-C126	deliverables/final-specification-set/creature-rpg/wp20-hp-status-moves-helditem.md	FINAL_FINDING_LINKED_CLAUSES_ONLY	True
GIR-FD82-C126	deliverables/final-specification-set/user-interface/wp66-a-party-and-summary-ui.md	FINAL_FINDING_LINKED_CLAUSES_ONLY	True
GIR-FD82-C126	specs/ui/wp66-a-party-and-summary-ui.md	IMMUTABLE_EVIDENCE_SUCCESSOR_ERRATA_ONLY	True
GIR-FD82-C127	deliverables/final-specification-set/creature-rpg/wp68-triple-triad.md	FINAL_FINDING_LINKED_CLAUSES_ONLY	True
GIR-FD82-C127	deliverables/final-specification-set/test-catalog/creature-rpg-wp35-36-57-64-68.md	SHARED_TEST_FAMILY_SERIAL_FILE_LOCK	True
GIR-FD82-C127	specs/creature-rpg/wp68-triple-triad.md	IMMUTABLE_EVIDENCE_SUCCESSOR_ERRATA_ONLY	True
GIR-FD82-C128	deliverables/final-specification-set/creature-rpg/wp68-triple-triad.md	FINAL_FINDING_LINKED_CLAUSES_ONLY	True
GIR-FD82-C128	specs/creature-rpg/wp68-triple-triad.md	IMMUTABLE_EVIDENCE_SUCCESSOR_ERRATA_ONLY	True
GIR-FD82-C129	deliverables/final-specification-set/user-interface/wp71-tile-puzzles.md	FINAL_FINDING_LINKED_CLAUSES_ONLY	True
GIR-FD82-C129	review/wp80-delivery-2026-10-03/batch-14/clause-disposition.md	IMMUTABLE_EVIDENCE_SUCCESSOR_ERRATA_ONLY	True
GIR-FD82-C129	specs/ui/wp71-tile-puzzles.md	IMMUTABLE_EVIDENCE_SUCCESSOR_ERRATA_ONLY	True
GIR-FD82-C130	deliverables/final-specification-set/user-interface/wp71-tile-puzzles.md	FINAL_FINDING_LINKED_CLAUSES_ONLY	True
GIR-FD82-C130	specs/ui/wp71-tile-puzzles.md	IMMUTABLE_EVIDENCE_SUCCESSOR_ERRATA_ONLY	True
GIR-FD82-C131	deliverables/final-specification-set/user-interface/wp71-tile-puzzles.md	FINAL_FINDING_LINKED_CLAUSES_ONLY	True
GIR-FD82-C131	specs/ui/wp71-tile-puzzles.md	IMMUTABLE_EVIDENCE_SUCCESSOR_ERRATA_ONLY	True
GIR-FD82-D018	deliverables/final-specification-set/combat-requirements/wp41-switching-positioning-and-escape.md	FINAL_FINDING_LINKED_CLAUSES_ONLY	True
GIR-FD82-D018	deliverables/final-specification-set/combat-requirements/wp42-growth-end-of-round-and-battle-outcomes.md	FINAL_FINDING_LINKED_CLAUSES_ONLY	True
GIR-FD82-D018	deliverables/final-specification-set/user-interface/wp67-a-battle-interaction-and-presentation.md	FINAL_FINDING_LINKED_CLAUSES_ONLY	True
GIR-FD82-D023	deliverables/final-specification-set/creature-rpg/wp29-shops-and-exchanges.md	FINAL_FINDING_LINKED_CLAUSES_ONLY	True
GIR-FD82-D023	deliverables/final-specification-set/test-catalog/user-interface-wp17-63-65-66-67-68-69-70-71.md	SHARED_TEST_FAMILY_SERIAL_FILE_LOCK	True
GIR-FD82-D023	deliverables/final-specification-set/user-interface/wp66-c-bag-item-storage-and-shop-ui.md	FINAL_FINDING_LINKED_CLAUSES_ONLY	True
GIR-FD82-D024	deliverables/final-specification-set/demo-dx/wp74-battle-animation-authoring-and-exchange.md	FINAL_FINDING_LINKED_CLAUSES_ONLY	True
GIR-FD82-D024	deliverables/final-specification-set/test-catalog/demo-dx-wp72-73-74-75-76-77.md	SHARED_TEST_FAMILY_SERIAL_FILE_LOCK	True
GIR-FD82-D025	deliverables/final-specification-set/demo-dx/wp72-debug-contexts-and-controls.md	FINAL_FINDING_LINKED_CLAUSES_ONLY	True
GIR-FD82-D025	deliverables/final-specification-set/test-catalog/demo-dx-wp72-73-74-75-76-77.md	SHARED_TEST_FAMILY_SERIAL_FILE_LOCK	True
GIR-FD82-004	deliverables/final-specification-set/user-interface/wp66-b-storage-and-pokedex-ui.md	FINAL_FINDING_LINKED_CLAUSES_ONLY	True
GIR-FD82-004	specs/ui/wp66-b-storage-and-pokedex-ui.md	IMMUTABLE_EVIDENCE_SUCCESSOR_ERRATA_ONLY	True
GIR-FD82-005	deliverables/final-specification-set/combat-requirements/wp39-battle-context-and-participants.md	FINAL_FINDING_LINKED_CLAUSES_ONLY	True
GIR-FD82-005	deliverables/final-specification-set/user-interface/wp67-a-battle-interaction-and-presentation.md	FINAL_FINDING_LINKED_CLAUSES_ONLY	True
GIR-FD82-005	specs/ui/wp67-a-battle-interaction-and-presentation.md	IMMUTABLE_EVIDENCE_SUCCESSOR_ERRATA_ONLY	True
GIR-FD82-006	deliverables/final-specification-set/user-interface/wp17-messages-windows-input.md	FINAL_FINDING_LINKED_CLAUSES_ONLY	True
GIR-FD82-006	deliverables/final-specification-set/user-interface/wp66-c-bag-item-storage-and-shop-ui.md	FINAL_FINDING_LINKED_CLAUSES_ONLY	True
GIR-FD82-006	review/wp79-coverage-review-2026-10-03/revision-v6/source-judgments.json	IMMUTABLE_EVIDENCE_SUCCESSOR_ERRATA_ONLY	True
