finding_id	canonical_state	original_report_commit	effective_priority	candidate_commit	candidate_review_commit	accepted_candidate_contribution	current_clause_inputs	static_test_ids_not_executed	public_successor_application	remaining_batches	remaining_obligations	integration_gate
GIR-FD82-001	OPEN	93e10babe0b9c9ef8b3f5277754541b447beeeb4	P3	c7e30a1197083e86315d735fcfde5e31574d935a	c919657840bb09394ce03a8a8688b02666f030dc	PROPOSAL_ONLY_NO_FORMAL_REPAIR			已修scope/README当前全集作者交付、全局review完成而229必修OPEN、user-interface导航；七正文链接保持B18/B21待修；当前新公共入口待整合Ultra	B01-G;B18;B21	七份具名小游戏正文审计链接仍断链，B18/B21待修；全finding未解决；本次scope/README入口仍待整合核验	PENDING_ULTRA; downstream BLOCKED; no closure
GIR-FD82-A001	OPEN	93e10babe0b9c9ef8b3f5277754541b447beeeb4	P2	c7e30a1197083e86315d735fcfde5e31574d935a	c919657840bb09394ce03a8a8688b02666f030dc	SCOPED_CORRECTION_VERIFIED	deliverables/final-specification-set/generic-kernel/wp04-pbs-lifecycle.md §4.2;specs/kernel/wp04-pbs-lifecycle.md §4.2/§9.2	KL10;KL07;KL08;KL09	新增原/最终WP04同步后的当前内容身份与合并耗尽成对反例；保留旧GR-001、既有非末/末/普通对照与历史批准，当前candidate必须独立复审。		实际integration及新公共登记待Ultra核验；旧GR-001批准仍仅绑定旧字节，正确非末/末/普通对照保留；finding OPEN	PENDING_ULTRA; downstream BLOCKED; no closure
GIR-FD82-A002	OPEN	93e10babe0b9c9ef8b3f5277754541b447beeeb4	P2	c7e30a1197083e86315d735fcfde5e31574d935a	c919657840bb09394ce03a8a8688b02666f030dc	SCOPED_CORRECTION_VERIFIED	deliverables/final-specification-set/generic-kernel/wp04-pbs-lifecycle.md §3.1;specs/kernel/wp04-pbs-lifecycle.md §3.1/§9.2	KL19;KL20;KL21	以新candidate内容哈希登记原/最终WP04一致的时间精度、集合比较与反向向量；不把旧历史Reviewed当作新增字节的批准。		实际integration及新公共登记待Ultra核验；非调试早退、缺文件/读错等独立触发保留；finding OPEN	PENDING_ULTRA; downstream BLOCKED; no closure
GIR-FD82-A003	OPEN	93e10babe0b9c9ef8b3f5277754541b447beeeb4	P2	c7e30a1197083e86315d735fcfde5e31574d935a	c919657840bb09394ce03a8a8688b02666f030dc	SCOPED_CORRECTION_VERIFIED	deliverables/final-specification-set/generic-kernel/wp05-events-extensions-plugins.md §5.1	EP06;EP07;EP18	核对最终WP05和EP07/18，不把nil/false与长度0统一。		实际integration及新公共登记待Ultra核验；原WP05正确假值/空列表规则保留，U09真实插件组合未知；finding OPEN	PENDING_ULTRA; downstream BLOCKED; no closure
GIR-FD82-A004	OPEN	93e10babe0b9c9ef8b3f5277754541b447beeeb4	P2	c7e30a1197083e86315d735fcfde5e31574d935a	c919657840bb09394ce03a8a8688b02666f030dc	SCOPED_CORRECTION_VERIFIED	deliverables/final-specification-set/generic-kernel/wp05-events-extensions-plugins.md §5.1/§6.2/§6.3;specs/kernel/wp05-events-extensions-plugins.md §5.1/§6.2/§6.3/§9.2	EP19;EP20;EP21	原/最终WP05的新candidate身份需进入当前追溯；明确路径候选、插件内部顺序与插件间依赖排序三个不同条件；历史审批对象保持原字节。		实际integration及新公共登记待Ultra核验；不承诺不同路径别名去重，不把候选路径当成功执行，U09未知；finding OPEN	PENDING_ULTRA; downstream BLOCKED; no closure
GIR-FD82-A006	OPEN	93e10babe0b9c9ef8b3f5277754541b447beeeb4	P2	c7e30a1197083e86315d735fcfde5e31574d935a	c919657840bb09394ce03a8a8688b02666f030dc	SCOPED_CONTRIBUTION_VERIFIED_DEFERRED	deliverables/final-specification-set/generic-kernel/wp02-rule-configuration-and-data-variants.md §6.3	KC05;KC06	更新设置使用点追溯中该入口的角色为提取目标选择；与WP08共享前提，待B02经整合核验后消费。	B02;public-registration	WP08最终/原始对应句、原WP02 §6.3、设置附表§7.3的旧分类仍需B02/公共登记处理；不推断全局绝无其他切换入口。	PENDING_ULTRA; downstream BLOCKED; no closure
GIR-FD82-A009	OPEN	93e10babe0b9c9ef8b3f5277754541b447beeeb4	P3	c7e30a1197083e86315d735fcfde5e31574d935a	c919657840bb09394ce03a8a8688b02666f030dc	SCOPED_CORRECTION_VERIFIED	deliverables/final-specification-set/generic-kernel/wp05-events-extensions-plugins.md §5.2;specs/kernel/wp05-events-extensions-plugins.md §5.2/§9.2	EP08;EP13;EP14	登记原/最终WP05条件错误后缀与新candidate内容身份；缺Link与显式空Link保持分开，新回应后继于旧审查，不改旧批准记录。		实际integration及新公共登记待Ultra核验；缺Link允许与显式空Link拒绝保持，不补造链接；finding OPEN	PENDING_ULTRA; downstream BLOCKED; no closure
GIR-FD82-A020	OPEN	93e10babe0b9c9ef8b3f5277754541b447beeeb4	P2	c7e30a1197083e86315d735fcfde5e31574d935a	c919657840bb09394ce03a8a8688b02666f030dc	SCOPED_CONTRIBUTION_VERIFIED_DEFERRED	deliverables/final-specification-set/generic-kernel/wp03-content-identity-and-schema.md §6	KR13	固定映射及计算用性格输入链须进入WP19追溯；附B05/B07必要上下游依赖，无新增根因。	B05;B07	完整25身份映射、WP19正文/测试及WP28消费者尚由B05/B07交付；本批只完成WP03依赖贡献，全局finding开放。	PENDING_ULTRA; downstream BLOCKED; no closure
GIR-FD82-C004	OPEN	93e10babe0b9c9ef8b3f5277754541b447beeeb4	P2	c7e30a1197083e86315d735fcfde5e31574d935a	c919657840bb09394ce03a8a8688b02666f030dc	SCOPED_CONTRIBUTION_VERIFIED_DEFERRED	deliverables/final-specification-set/generic-kernel/wp04-pbs-lifecycle.md §5.5	KL22	将0默认恢复与C005当前地图缓存问题分开；B08/B19签收四阶段，不单独关闭。	B08;B19	完整编辑器三层与遭遇运行合同由B19/B08；原规格同处同步尚未授权。	PENDING_ULTRA; downstream BLOCKED; no closure
GIR-FD82-C016	OPEN	93e10babe0b9c9ef8b3f5277754541b447beeeb4	P2	c7e30a1197083e86315d735fcfde5e31574d935a	c919657840bb09394ce03a8a8688b02666f030dc	SCOPED_CONTRIBUTION_VERIFIED_DEFERRED	deliverables/final-specification-set/generic-kernel/wp04-pbs-lifecycle.md §5.5	KL23;KL24;KL25;KL26;KR05	B19必须按保存时记录集验证，不以非零相等跳过节解释为不写文件；保留重载与再编译反向对照。	B19;related-domain/public-registration	指标编辑操作/预览、WP15/16领域副作用及原规格同步由后续责任批次；不称全0是正常UI必然可达。	PENDING_ULTRA; downstream BLOCKED; no closure
GIR-FD82-C022	OPEN	93e10babe0b9c9ef8b3f5277754541b447beeeb4	P2	c7e30a1197083e86315d735fcfde5e31574d935a	c919657840bb09394ce03a8a8688b02666f030dc	SCOPED_CONTRIBUTION_VERIFIED_DEFERRED	deliverables/final-specification-set/generic-kernel/wp04-pbs-lifecycle.md §5.5	KL27;KL28;KL29	撤回该父No反例的当前使用；保留池/地图尺寸真正共享副作用。旧A-R04批准事实不改，新记录引用纠正。	B19;B21	WP73-A最终§2等仍有旧“打开No可转文本”错误，原规格/旧审查/旧AX不能改；B19及B21需后继修正，不合理化为参考异常。	PENDING_ULTRA; downstream BLOCKED; no closure
GIR-FD82-C080	OPEN	93e10babe0b9c9ef8b3f5277754541b447beeeb4	P2	c7e30a1197083e86315d735fcfde5e31574d935a	c919657840bb09394ce03a8a8688b02666f030dc	SCOPED_CONTRIBUTION_VERIFIED_DEFERRED	deliverables/final-specification-set/generic-kernel/wp04-pbs-lifecycle.md §4.4	KL30;KL31;KL32	按root最终有效限定保留70，禁止混用早期“恢复21”描述；数据约束按字段而非统一非负数规则。	B08	完整WP36正文/测试与原规格专用格式同步由B08；本批只描述PBS入口，运行概率行为不在本次范围。	PENDING_ULTRA; downstream BLOCKED; no closure
WP80-B02-R01	OPEN	93e10babe0b9c9ef8b3f5277754541b447beeeb4	P3	c7e30a1197083e86315d735fcfde5e31574d935a	c919657840bb09394ce03a8a8688b02666f030dc	SCOPED_RESIDUAL_AND_SUCCESSOR_ERRATA_VERIFIED	deliverables/final-specification-set/generic-kernel/wp02-rule-configuration-and-data-variants.md §7		当前修订检查改为新候选字节的残留检查；历史v2全面移除断言不能继续作为当前验收证据。		实际integration及新后继索引待Ultra核验；原WP02审计统计、历史全面移除断言原件保留其时点；finding OPEN	PENDING_ULTRA; downstream BLOCKED; no closure
WP80-B02-R02	OPEN	93e10babe0b9c9ef8b3f5277754541b447beeeb4	P3	c7e30a1197083e86315d735fcfde5e31574d935a	c919657840bb09394ce03a8a8688b02666f030dc	SCOPED_SUCCESSOR_DESTINATIONS_VERIFIED			当前处置去向使用historical-errata.md两条后继记录；历史表旧14/81保留原字节。	public-registration	实际integration及新后继去向索引待Ultra核验；旧处置表与批准对象不改，不称残留关闭；finding OPEN	PENDING_ULTRA; downstream BLOCKED; no closure
GIR-FD82-A006	OPEN	93e10babe0b9c9ef8b3f5277754541b447beeeb4	P2	46cd726c35e9d754a8e42b32986313ce3d4d1782	94b012ee12d457aa4b99103477a0d35f083b1182	PRIMARY_BEHAVIOR_PASS	"{""original"":[{""commit"":""e1e01bb18d824931e54f182dd61af5a9f908ba85"",""path"":""specs/kernel/wp02-rule-configuration-and-data-variants.md"",""line_start"":288,""line_end"":288,""repository"":""project"",""reported_by"":""RUN-A-006""},{""commit"":""e1e01bb18d824931e54f182dd61af5a9f908ba85"",""path"":""specs/kernel/wp02-settings-inventory-appendix.md"",""line_start"":200,""line_end"":200,""repository"":""project"",""reported_by"":""RUN-A-006""},{""commit"":""e1e01bb18d824931e54f182dd61af5a9f908ba85"",""path"":""deliverables/final-specification-set/generic-kernel/wp02-rule-configuration-and-data-variants.md"",""line_start"":241,""line_end"":241,""repository"":""project"",""reported_by"":""RUN-A-006""},{""commit"":""e1e01bb18d824931e54f182dd61af5a9f908ba85"",""path"":""specs/kernel/wp08-localization.md"",""line_start"":58,""line_end"":58,""repository"":""project"",""reported_by"":""RUN-A-006""},{""commit"":""e1e01bb18d824931e54f182dd61af5a9f908ba85"",""path"":""deliverables/final-specification-set/generic-kernel/wp08-localization.md"",""line_start"":37,""line_end"":37,""repository"":""project"",""reported_by"":""RUN-A-006""},{""commit"":""8c5911e4a4b07b07e832e4bb0d5d8859e88b4a9b"",""path"":""Data/Scripts/020_Debug/003_Debug menus/002_Debug_MenuCommands.rb"",""line_start"":1423,""line_end"":1455,""repository"":""reference"",""reported_by"":""RUN-A-006""},{""commit"":""8c5911e4a4b07b07e832e4bb0d5d8859e88b4a9b"",""path"":""Data/Scripts/003_Game processing/001_StartGame.rb"",""line_start"":21,""line_end"":34,""repository"":""reference"",""reported_by"":""RUN-A-006""},{""commit"":""8c5911e4a4b07b07e832e4bb0d5d8859e88b4a9b"",""path"":""Data/Scripts/016_UI/013_UI_Load.rb"",""line_start"":334,""line_end"":342,""repository"":""reference"",""reported_by"":""RUN-A-006""},{""commit"":""8c5911e4a4b07b07e832e4bb0d5d8859e88b4a9b"",""path"":""Data/Scripts/001_Technical/003_Intl_Messages.rb"",""line_start"":244,""line_end"":280,""repository"":""reference"",""reported_by"":""RUN-A-006""},{""commit"":""e1e01bb18d824931e54f182dd61af5a9f908ba85"",""path"":""specs/kernel/wp08-localization.md"",""line_start"":58,""line_end"":58,""reported_by"":""RUN-A-006"",""extension_report"":""agents/A/A-02/findings.json"",""repository"":""project""},{""commit"":""e1e01bb18d824931e54f182dd61af5a9f908ba85"",""path"":""deliverables/final-specification-set/generic-kernel/wp08-localization.md"",""line_start"":37,""line_end"":37,""reported_by"":""RUN-A-006"",""extension_report"":""agents/A/A-02/findings.json"",""repository"":""project""},{""commit"":""8c5911e4a4b07b07e832e4bb0d5d8859e88b4a9b"",""path"":""Data/Scripts/020_Debug/003_Debug menus/002_Debug_MenuCommands.rb"",""line_start"":1423,""line_end"":1455,""reported_by"":""RUN-A-006"",""extension_report"":""agents/A/A-02/findings.json"",""repository"":""reference""},{""commit"":""8c5911e4a4b07b07e832e4bb0d5d8859e88b4a9b"",""path"":""Data/Scripts/003_Game processing/001_StartGame.rb"",""line_start"":21,""line_end"":34,""reported_by"":""RUN-A-006"",""extension_report"":""agents/A/A-02/findings.json"",""repository"":""reference""},{""commit"":""8c5911e4a4b07b07e832e4bb0d5d8859e88b4a9b"",""path"":""Data/Scripts/016_UI/013_UI_Load.rb"",""line_start"":334,""line_end"":342,""reported_by"":""RUN-A-006"",""extension_report"":""agents/A/A-02/findings.json"",""repository"":""reference""}],""original_affected_paths"":[""deliverables/final-specification-set/generic-kernel/wp02-rule-configuration-and-data-variants.md"",""deliverables/final-specification-set/generic-kernel/wp08-localization.md"",""specs/kernel/wp02-rule-configuration-and-data-variants.md"",""specs/kernel/wp02-settings-inventory-appendix.md"",""specs/kernel/wp08-localization.md""],""sanitized_local_edits"":[{""path"":""deliverables/final-specification-set/generic-kernel/wp08-localization.md"",""clause"":""§4、§6.2、§6.4""},{""path"":""deliverables/final-specification-set/test-catalog/generic-kernel-wp05-06-07-08-09-10.md"",""clause"":""LZ13–LZ16""}],""appendix_or_registry"":[{""path"":""specs/kernel/wp02-settings-inventory-appendix.md"",""clause"":""按本次明确授权同步；具体条款见original_current_authorized_clauses，新增字节待独立Ultra"",""historical_v1_clause"":""§7.3 Debug使用点：待父统筹精确扩围""}],""static_vector_ids"":[""LZ15"",""LZ16"",""LZ13"",""LZ14""],""registry_request"":""registry-proposals.json#GIR-FD82-A006"",""original_current_authorized_clauses"":[{""path"":""specs/kernel/wp02-rule-configuration-and-data-variants.md"",""clauses"":[""§6.3 玩家选择末句""],""IDs"":[""GIR-FD82-A006""],""navigation_before"":288,""description"":""只把调试翻译提取归为作者导出目标语言；此前启动/载入/持久化句保持""},{""path"":""specs/kernel/wp02-settings-inventory-appendix.md"",""clauses"":[""§7.3 Debug使用点行""],""IDs"":[""GIR-FD82-A006""],""navigation_before"":200,""description"":""只更正分类/内容；路径、1428–1439范围及其余四行保持""},{""path"":""specs/kernel/wp08-localization.md"",""clauses"":[""§4 选择机会"",""§6.3 节识别"",""§9.2 新增三组节名静态场景""],""IDs"":[""GIR-FD82-A006"",""GIR-FD82-A013""],""navigation_before"":[58,109],""description"":""作者导出不换当前游戏语言；非零整数前缀/零号/常量识别顺序；旧GR-002形态、截断边界及全部14旧静态场景保持""}]}"	KC06;LZ13;LZ14;LZ15;LZ16	B02-G current layer applied; review/remediation/20261003-prepare/batches/B02/integration-stage-1/finding-registration.json; pending integration Ultra	B02	No external/plugin language-entry absence inferred.; actual B02-I and final/all-contributor gates	B02_PENDING_R_B02_ULTRA; downstream BLOCKED; no closure
GIR-FD82-A010	OPEN	93e10babe0b9c9ef8b3f5277754541b447beeeb4	P2	46cd726c35e9d754a8e42b32986313ce3d4d1782	94b012ee12d457aa4b99103477a0d35f083b1182	PRIMARY_BEHAVIOR_PASS	"{""original"":[{""commit"":""e1e01bb18d824931e54f182dd61af5a9f908ba85"",""path"":""deliverables/final-specification-set/test-catalog/generic-kernel-wp05-06-07-08-09-10.md"",""line_start"":39,""line_end"":39,""repository"":""project"",""reported_by"":""RUN-A-010""},{""commit"":""e1e01bb18d824931e54f182dd61af5a9f908ba85"",""path"":""specs/kernel/wp06-time-random-steps-stats.md"",""line_start"":171,""line_end"":171,""repository"":""project"",""reported_by"":""RUN-A-010""},{""commit"":""e1e01bb18d824931e54f182dd61af5a9f908ba85"",""path"":""specs/kernel/wp06-stats-directory.md"",""line_start"":48,""line_end"":48,""repository"":""project"",""reported_by"":""RUN-A-010""},{""commit"":""e1e01bb18d824931e54f182dd61af5a9f908ba85"",""path"":""deliverables/final-specification-set/generic-kernel/wp06-stats-directory.md"",""line_start"":46,""line_end"":46,""repository"":""project"",""reported_by"":""RUN-A-010""},{""commit"":""8c5911e4a4b07b07e832e4bb0d5d8859e88b4a9b"",""path"":""Data/Scripts/012_Overworld/006_Overworld_BerryPlants.rb"",""line_start"":307,""line_end"":320,""repository"":""reference"",""reported_by"":""RUN-A-010""},{""commit"":""8c5911e4a4b07b07e832e4bb0d5d8859e88b4a9b"",""path"":""Data/Scripts/012_Overworld/006_Overworld_BerryPlants.rb"",""line_start"":437,""line_end"":454,""repository"":""reference"",""reported_by"":""RUN-A-010""}],""original_affected_paths"":[""deliverables/final-specification-set/generic-kernel/wp06-stats-directory.md"",""deliverables/final-specification-set/test-catalog/generic-kernel-wp05-06-07-08-09-10.md"",""specs/kernel/wp06-stats-directory.md"",""specs/kernel/wp06-time-random-steps-stats.md""],""sanitized_local_edits"":[{""path"":""deliverables/final-specification-set/generic-kernel/wp06-stats-directory.md"",""clause"":""§3 berry_plants_picked / max_yield_berry_plants""},{""path"":""deliverables/final-specification-set/generic-kernel/wp06-time-random-steps-stats.md"",""clause"":""§8向量导航""},{""path"":""deliverables/final-specification-set/test-catalog/generic-kernel-wp05-06-07-08-09-10.md"",""clause"":""TM09""}],""appendix_or_registry"":[{""path"":""specs/kernel/wp06-stats-directory.md"",""clause"":""max_yield_berry_plants行正确，保持原字节""}],""static_vector_ids"":[""TM09""],""registry_request"":""registry-proposals.json#GIR-FD82-A010"",""original_current_authorized_clauses"":[]}"	TM09	B02-G current layer applied; review/remediation/20261003-prepare/batches/B02/integration-stage-1/finding-registration.json; pending integration Ultra	B02	Direct-entry12 is not normal-grown reachability; event/material limits retained.; actual B02-I and final/all-contributor gates	B02_PENDING_R_B02_ULTRA; downstream BLOCKED; no closure
GIR-FD82-A011	OPEN	93e10babe0b9c9ef8b3f5277754541b447beeeb4	P2	46cd726c35e9d754a8e42b32986313ce3d4d1782	94b012ee12d457aa4b99103477a0d35f083b1182	PRIMARY_BEHAVIOR_PASS	"{""original"":[{""commit"":""e1e01bb18d824931e54f182dd61af5a9f908ba85"",""path"":""specs/kernel/wp06-stats-directory.md"",""line_start"":66,""line_end"":66,""repository"":""project"",""reported_by"":""RUN-A-011""},{""commit"":""e1e01bb18d824931e54f182dd61af5a9f908ba85"",""path"":""deliverables/final-specification-set/generic-kernel/wp06-stats-directory.md"",""line_start"":64,""line_end"":64,""repository"":""project"",""reported_by"":""RUN-A-011""},{""commit"":""8c5911e4a4b07b07e832e4bb0d5d8859e88b4a9b"",""path"":""Data/Scripts/016_UI/001_Non-interactive UI/005_UI_Trading.rb"",""line_start"":217,""line_end"":233,""repository"":""reference"",""reported_by"":""RUN-A-011""}],""original_affected_paths"":[""deliverables/final-specification-set/generic-kernel/wp06-stats-directory.md"",""specs/kernel/wp06-stats-directory.md""],""sanitized_local_edits"":[{""path"":""deliverables/final-specification-set/generic-kernel/wp06-stats-directory.md"",""clause"":""§5 trade_count行""},{""path"":""deliverables/final-specification-set/test-catalog/generic-kernel-wp05-06-07-08-09-10.md"",""clause"":""TM13""}],""appendix_or_registry"":[{""path"":""specs/kernel/wp06-stats-directory.md"",""clause"":""按本次明确授权同步；具体条款见original_current_authorized_clauses，新增字节待独立Ultra"",""historical_v1_clause"":""trade_count行错误：待精确扩围""}],""static_vector_ids"":[""TM13""],""registry_request"":""registry-proposals.json#GIR-FD82-A011"",""original_current_authorized_clauses"":[{""path"":""specs/kernel/wp06-stats-directory.md"",""clauses"":[""§5 trade_count行""],""IDs"":[""GIR-FD82-A011""],""navigation_before"":66,""description"":""校验前进入入口增加，失败不回退；其他73字段行及字段集合/顺序保持""}]}"	TM13	B02-G current layer applied; review/remediation/20261003-prepare/batches/B02/integration-stage-1/finding-registration.json; pending integration Ultra	B02	No runtime trade presentation claim; correct WP26 contract preserved.; actual B02-I and final/all-contributor gates	B02_PENDING_R_B02_ULTRA; downstream BLOCKED; no closure
GIR-FD82-A012	OPEN	93e10babe0b9c9ef8b3f5277754541b447beeeb4	P2	46cd726c35e9d754a8e42b32986313ce3d4d1782	94b012ee12d457aa4b99103477a0d35f083b1182	PRIMARY_BEHAVIOR_PASS	"{""original"":[{""commit"":""e1e01bb18d824931e54f182dd61af5a9f908ba85"",""path"":""specs/kernel/wp07-diagnostics-files-http.md"",""line_start"":45,""line_end"":45,""repository"":""project"",""reported_by"":""RUN-A-012""},{""commit"":""e1e01bb18d824931e54f182dd61af5a9f908ba85"",""path"":""deliverables/final-specification-set/generic-kernel/wp07-diagnostics-files-http.md"",""line_start"":25,""line_end"":25,""repository"":""project"",""reported_by"":""RUN-A-012""},{""commit"":""8c5911e4a4b07b07e832e4bb0d5d8859e88b4a9b"",""path"":""Data/Scripts/001_Technical/002_Files/001_FileTests.rb"",""line_start"":52,""line_end"":70,""repository"":""reference"",""reported_by"":""RUN-A-012""}],""original_affected_paths"":[""deliverables/final-specification-set/generic-kernel/wp07-diagnostics-files-http.md"",""specs/kernel/wp07-diagnostics-files-http.md""],""sanitized_local_edits"":[{""path"":""deliverables/final-specification-set/generic-kernel/wp07-diagnostics-files-http.md"",""clause"":""§3.1""},{""path"":""deliverables/final-specification-set/generic-kernel/wp08-localization.md"",""clause"":""§6.2、§6.4的邻近入口对照""},{""path"":""deliverables/final-specification-set/test-catalog/generic-kernel-wp05-06-07-08-09-10.md"",""clause"":""IO13–IO15、LZ12""}],""appendix_or_registry"":[],""static_vector_ids"":[""IO13"",""IO14"",""IO15"",""LZ12""],""registry_request"":""registry-proposals.json#GIR-FD82-A012"",""original_current_authorized_clauses"":[{""path"":""specs/kernel/wp07-diagnostics-files-http.md"",""clauses"":[""§3.1 删除入口"",""§8.2 新增两个根目录消失静态对照""],""IDs"":[""GIR-FD82-A012""],""navigation_before"":45,""description"":""目标根也删；异常/部分删除限制；空普通目录与仅一个普通文件成功时根不存在、父仍在""}]}"	IO13;IO14;IO15;LZ12	B02-G current layer applied; review/remediation/20261003-prepare/batches/B02/integration-stage-1/finding-registration.json; pending integration Ultra	B02	Hidden/link/host/concurrency cases not universally guaranteed.; actual B02-I and final/all-contributor gates	B02_PENDING_R_B02_ULTRA; downstream BLOCKED; no closure
GIR-FD82-A013	OPEN	93e10babe0b9c9ef8b3f5277754541b447beeeb4	P2	46cd726c35e9d754a8e42b32986313ce3d4d1782	94b012ee12d457aa4b99103477a0d35f083b1182	PRIMARY_BEHAVIOR_PASS	"{""original"":[{""commit"":""e1e01bb18d824931e54f182dd61af5a9f908ba85"",""path"":""specs/kernel/wp08-localization.md"",""line_start"":46,""line_end"":46,""repository"":""project"",""reported_by"":""RUN-A-013""},{""commit"":""e1e01bb18d824931e54f182dd61af5a9f908ba85"",""path"":""specs/kernel/wp08-localization.md"",""line_start"":109,""line_end"":109,""repository"":""project"",""reported_by"":""RUN-A-013""},{""commit"":""e1e01bb18d824931e54f182dd61af5a9f908ba85"",""path"":""deliverables/final-specification-set/generic-kernel/wp08-localization.md"",""line_start"":25,""line_end"":25,""repository"":""project"",""reported_by"":""RUN-A-013""},{""commit"":""e1e01bb18d824931e54f182dd61af5a9f908ba85"",""path"":""deliverables/final-specification-set/generic-kernel/wp08-localization.md"",""line_start"":88,""line_end"":88,""repository"":""project"",""reported_by"":""RUN-A-013""},{""commit"":""8c5911e4a4b07b07e832e4bb0d5d8859e88b4a9b"",""path"":""Data/Scripts/001_Technical/003_Intl_Messages.rb"",""line_start"":397,""line_end"":467,""repository"":""reference"",""reported_by"":""RUN-A-013""},{""commit"":""8c5911e4a4b07b07e832e4bb0d5d8859e88b4a9b"",""path"":""Data/Scripts/019_Utilities/001_Utilities.rb"",""line_start"":114,""line_end"":122,""repository"":""reference"",""reported_by"":""RUN-A-013""},{""commit"":""8c5911e4a4b07b07e832e4bb0d5d8859e88b4a9b"",""path"":""Data/Scripts/021_Compiler/001_Compiler.rb"",""line_start"":155,""line_end"":181,""repository"":""reference"",""reported_by"":""RUN-A-013""}],""original_affected_paths"":[""deliverables/final-specification-set/generic-kernel/wp08-localization.md"",""specs/kernel/wp08-localization.md""],""sanitized_local_edits"":[{""path"":""deliverables/final-specification-set/generic-kernel/wp08-localization.md"",""clause"":""§6.3""},{""path"":""deliverables/final-specification-set/test-catalog/generic-kernel-wp05-06-07-08-09-10.md"",""clause"":""LZ17，保留LZ07及LZ08–LZ11形态边界""}],""appendix_or_registry"":[{""path"":""deliverables/final-specification-set/generic-kernel/wp08-localization.md"",""clause"":""§3域目录0–30仅定位，不升级为严格数字节头范围""}],""static_vector_ids"":[""LZ17"",""LZ08"",""LZ10"",""LZ11"",""LZ07""],""registry_request"":""registry-proposals.json#GIR-FD82-A013"",""original_current_authorized_clauses"":[{""path"":""specs/kernel/wp08-localization.md"",""clauses"":[""§4 选择机会"",""§6.3 节识别"",""§9.2 新增三组节名静态场景""],""IDs"":[""GIR-FD82-A006"",""GIR-FD82-A013""],""navigation_before"":[58,109],""description"":""作者导出不换当前游戏语言；非零整数前缀/零号/常量识别顺序；旧GR-002形态、截断边界及全部14旧静态场景保持""}]}"	LZ17;LZ07	B02-G current layer applied; review/remediation/20261003-prepare/batches/B02/integration-stage-1/finding-registration.json; pending integration Ultra	B02	Actual parser contract retained rather than strict ideal digit-validation; GR002 remains.; actual B02-I and final/all-contributor gates	B02_PENDING_R_B02_ULTRA; downstream BLOCKED; no closure
GIR-FD82-A014	OPEN	93e10babe0b9c9ef8b3f5277754541b447beeeb4	P2	46cd726c35e9d754a8e42b32986313ce3d4d1782	94b012ee12d457aa4b99103477a0d35f083b1182	PRIMARY_BEHAVIOR_PASS	"{""original"":[{""commit"":""e1e01bb18d824931e54f182dd61af5a9f908ba85"",""path"":""specs/kernel/wp09-save-startup-continue.md"",""line_start"":100,""line_end"":100,""repository"":""project"",""reported_by"":""RUN-A-014""},{""commit"":""e1e01bb18d824931e54f182dd61af5a9f908ba85"",""path"":""specs/kernel/wp09-save-startup-continue.md"",""line_start"":147,""line_end"":147,""repository"":""project"",""reported_by"":""RUN-A-014""},{""commit"":""e1e01bb18d824931e54f182dd61af5a9f908ba85"",""path"":""specs/kernel/wp09-save-startup-continue.md"",""line_start"":173,""line_end"":173,""repository"":""project"",""reported_by"":""RUN-A-014""},{""commit"":""e1e01bb18d824931e54f182dd61af5a9f908ba85"",""path"":""specs/kernel/wp10-migration-failure-recovery.md"",""line_start"":151,""line_end"":151,""repository"":""project"",""reported_by"":""RUN-A-014""},{""commit"":""e1e01bb18d824931e54f182dd61af5a9f908ba85"",""path"":""deliverables/final-specification-set/generic-kernel/wp09-save-startup-continue.md"",""line_start"":79,""line_end"":79,""repository"":""project"",""reported_by"":""RUN-A-014""},{""commit"":""e1e01bb18d824931e54f182dd61af5a9f908ba85"",""path"":""deliverables/final-specification-set/generic-kernel/wp09-save-startup-continue.md"",""line_start"":126,""line_end"":126,""repository"":""project"",""reported_by"":""RUN-A-014""},{""commit"":""e1e01bb18d824931e54f182dd61af5a9f908ba85"",""path"":""deliverables/final-specification-set/generic-kernel/wp10-migration-failure-recovery.md"",""line_start"":130,""line_end"":130,""repository"":""project"",""reported_by"":""RUN-A-014""},{""commit"":""e1e01bb18d824931e54f182dd61af5a9f908ba85"",""path"":""deliverables/final-specification-set/test-catalog/generic-kernel-wp05-06-07-08-09-10.md"",""line_start"":99,""line_end"":99,""repository"":""project"",""reported_by"":""RUN-A-014""},{""commit"":""e1e01bb18d824931e54f182dd61af5a9f908ba85"",""path"":""deliverables/final-specification-set/test-catalog/generic-kernel-wp05-06-07-08-09-10.md"",""line_start"":121,""line_end"":121,""repository"":""project"",""reported_by"":""RUN-A-014""},{""commit"":""8c5911e4a4b07b07e832e4bb0d5d8859e88b4a9b"",""path"":""Data/Scripts/003_Game processing/001_StartGame.rb"",""line_start"":76,""line_end"":104,""repository"":""reference"",""reported_by"":""RUN-A-014""}],""original_affected_paths"":[""deliverables/final-specification-set/generic-kernel/wp09-save-startup-continue.md"",""deliverables/final-specification-set/generic-kernel/wp10-migration-failure-recovery.md"",""deliverables/final-specification-set/test-catalog/generic-kernel-wp05-06-07-08-09-10.md"",""specs/kernel/wp09-save-startup-continue.md"",""specs/kernel/wp10-migration-failure-recovery.md""],""sanitized_local_edits"":[{""path"":""deliverables/final-specification-set/generic-kernel/wp09-save-startup-continue.md"",""clause"":""§4.1、§7""},{""path"":""deliverables/final-specification-set/generic-kernel/wp10-migration-failure-recovery.md"",""clause"":""§5.4""},{""path"":""deliverables/final-specification-set/test-catalog/generic-kernel-wp05-06-07-08-09-10.md"",""clause"":""SV06、MG12""}],""appendix_or_registry"":[],""static_vector_ids"":[""SV06"",""MG12"",""SV04"",""SV05"",""MG11""],""registry_request"":""registry-proposals.json#GIR-FD82-A014"",""original_current_authorized_clauses"":[]}"	SV04;SV05;SV06;MG12	B02-G current layer applied; review/remediation/20261003-prepare/batches/B02/integration-stage-1/finding-registration.json; pending integration Ultra	B02	Prior map operations must succeed and guard be reached; actual display/map reachability unproved.; actual B02-I and final/all-contributor gates	B02_PENDING_R_B02_ULTRA; downstream BLOCKED; no closure
GIR-FD82-A015	OPEN	93e10babe0b9c9ef8b3f5277754541b447beeeb4	P2	46cd726c35e9d754a8e42b32986313ce3d4d1782	94b012ee12d457aa4b99103477a0d35f083b1182	CONTRIBUTOR_PARTIAL_PASS	"{""original"":[{""commit"":""e1e01bb18d824931e54f182dd61af5a9f908ba85"",""path"":""specs/kernel/wp09-save-startup-continue.md"",""line_start"":169,""line_end"":169,""repository"":""project"",""reported_by"":""RUN-A-015""},{""commit"":""e1e01bb18d824931e54f182dd61af5a9f908ba85"",""path"":""specs/kernel/wp09-save-startup-continue.md"",""line_start"":97,""line_end"":97,""repository"":""project"",""reported_by"":""RUN-A-015""},{""commit"":""e1e01bb18d824931e54f182dd61af5a9f908ba85"",""path"":""deliverables/final-specification-set/generic-kernel/wp09-save-startup-continue.md"",""line_start"":76,""line_end"":76,""repository"":""project"",""reported_by"":""RUN-A-015""},{""commit"":""e1e01bb18d824931e54f182dd61af5a9f908ba85"",""path"":""deliverables/final-specification-set/test-catalog/generic-kernel-wp05-06-07-08-09-10.md"",""line_start"":95,""line_end"":95,""repository"":""project"",""reported_by"":""RUN-A-015""},{""commit"":""8c5911e4a4b07b07e832e4bb0d5d8859e88b4a9b"",""path"":""Data/Scripts/016_UI/013_UI_Load.rb"",""line_start"":216,""line_end"":224,""repository"":""reference"",""reported_by"":""RUN-A-015""},{""commit"":""8c5911e4a4b07b07e832e4bb0d5d8859e88b4a9b"",""path"":""Data/Scripts/016_UI/013_UI_Load.rb"",""line_start"":281,""line_end"":288,""repository"":""reference"",""reported_by"":""RUN-A-015""},{""path"":""deliverables/final-specification-set/test-catalog/generic-kernel-wp05-06-07-08-09-10.md"",""lines"":""95"",""current_text"":""SV02仅给出调试模式＋无打包归档＋SKIP_CONTINUE_SCREEN三者成立，预期跳过菜单直接新游戏。"",""repository"":""project"",""commit"":""e1e01bb18d824931e54f182dd61af5a9f908ba85"",""reported_by"":""RUN-D-014""},{""path"":""deliverables/final-specification-set/user-interface/wp65-title-load-options-pause-and-pc.md"",""lines"":""35-36"",""current_text"":""相同跳过门满足时，无存档直接新游戏，有存档直接按已读数据载入。"",""repository"":""project"",""commit"":""e1e01bb18d824931e54f182dd61af5a9f908ba85"",""reported_by"":""RUN-D-014""},{""path"":""deliverables/final-specification-set/test-catalog/user-interface-wp17-63-65-66-67-68-69-70-71.md"",""lines"":""94"",""current_text"":""NV-T03明确无存档新游戏、有存档直接载入的两分支。"",""repository"":""project"",""commit"":""e1e01bb18d824931e54f182dd61af5a9f908ba85"",""reported_by"":""RUN-D-014""}],""original_affected_paths"":[""deliverables/final-specification-set/generic-kernel/wp09-save-startup-continue.md"",""deliverables/final-specification-set/test-catalog/generic-kernel-wp05-06-07-08-09-10.md"",""deliverables/final-specification-set/test-catalog/user-interface-wp17-63-65-66-67-68-69-70-71.md"",""deliverables/final-specification-set/user-interface/wp65-title-load-options-pause-and-pc.md"",""specs/kernel/wp09-save-startup-continue.md""],""sanitized_local_edits"":[{""path"":""deliverables/final-specification-set/generic-kernel/wp09-save-startup-continue.md"",""clause"":""§4.1标题/载入菜单行""},{""path"":""deliverables/final-specification-set/test-catalog/generic-kernel-wp05-06-07-08-09-10.md"",""clause"":""SV02；MG03边界保持""}],""appendix_or_registry"":[],""static_vector_ids"":[""SV02"",""MG03""],""registry_request"":""registry-proposals.json#GIR-FD82-A015"",""original_current_authorized_clauses"":[]}"	SV02;MG03	B02-G current layer applied; review/remediation/20261003-prepare/batches/B02/integration-stage-1/finding-registration.json; pending integration Ultra	B16	WP65 and all other contributions/final gate remain; B02 only WP09/SV02 contribution.; actual B02-I and final/all-contributor gates	B02_PENDING_R_B02_ULTRA; downstream BLOCKED; no closure
GIR-FD82-A016	OPEN	93e10babe0b9c9ef8b3f5277754541b447beeeb4	P2	46cd726c35e9d754a8e42b32986313ce3d4d1782	94b012ee12d457aa4b99103477a0d35f083b1182	PRIMARY_BEHAVIOR_PASS	"{""original"":[{""commit"":""e1e01bb18d824931e54f182dd61af5a9f908ba85"",""path"":""specs/kernel/wp10-migration-failure-recovery.md"",""line_start"":114,""line_end"":114,""repository"":""project"",""reported_by"":""RUN-A-016""},{""commit"":""e1e01bb18d824931e54f182dd61af5a9f908ba85"",""path"":""deliverables/final-specification-set/generic-kernel/wp10-migration-failure-recovery.md"",""line_start"":93,""line_end"":93,""repository"":""project"",""reported_by"":""RUN-A-016""},{""commit"":""e1e01bb18d824931e54f182dd61af5a9f908ba85"",""path"":""specs/kernel/wp06-stats-directory.md"",""line_start"":124,""line_end"":124,""repository"":""project"",""reported_by"":""RUN-A-016""},{""commit"":""e1e01bb18d824931e54f182dd61af5a9f908ba85"",""path"":""specs/kernel/wp10-migration-failure-recovery.md"",""line_start"":186,""line_end"":201,""repository"":""project"",""reported_by"":""RUN-A-016""},{""commit"":""8c5911e4a4b07b07e832e4bb0d5d8859e88b4a9b"",""path"":""Data/Scripts/002_Save data/005_Game_SaveConversions.rb"",""line_start"":286,""line_end"":297,""repository"":""reference"",""reported_by"":""RUN-A-016""},{""commit"":""8c5911e4a4b07b07e832e4bb0d5d8859e88b4a9b"",""path"":""Data/Scripts/004_Game classes/012_Game_Stats.rb"",""line_start"":145,""line_end"":179,""repository"":""reference"",""reported_by"":""RUN-A-016""}],""original_affected_paths"":[""deliverables/final-specification-set/generic-kernel/wp10-migration-failure-recovery.md"",""specs/kernel/wp06-stats-directory.md"",""specs/kernel/wp10-migration-failure-recovery.md""],""sanitized_local_edits"":[{""path"":""deliverables/final-specification-set/generic-kernel/wp10-migration-failure-recovery.md"",""clause"":""§4表行、§4.1""},{""path"":""deliverables/final-specification-set/generic-kernel/wp06-stats-directory.md"",""clause"":""§9 play_time迁移引用""},{""path"":""deliverables/final-specification-set/test-catalog/generic-kernel-wp05-06-07-08-09-10.md"",""clause"":""MG13–MG16""}],""appendix_or_registry"":[{""path"":""specs/kernel/wp06-stats-directory.md"",""clause"":""原play_time迁移引用正确保持""}],""static_vector_ids"":[""MG13"",""MG14"",""MG15"",""MG16""],""registry_request"":""registry-proposals.json#GIR-FD82-A016"",""original_current_authorized_clauses"":[{""path"":""specs/kernel/wp10-migration-failure-recovery.md"",""clauses"":[""§4 v20_add_stats行"",""§8.2 新增对应数值前提与反向场景""],""IDs"":[""GIR-FD82-A016""],""navigation_before"":114,""description"":""给定执行时正帧率、浮点、缺值/零/存在键与冷/非冷锚点；其他13转换及全部12旧场景保持""}]}"	MG13;MG14;MG15;MG16	B02-G current layer applied; review/remediation/20261003-prepare/batches/B02/integration-stage-1/finding-registration.json; pending integration Ultra	B02	GivenF>0 and reached bounded conversion; no default frame rate or whole-chain success asserted.; actual B02-I and final/all-contributor gates	B02_PENDING_R_B02_ULTRA; downstream BLOCKED; no closure
GIR-FD82-A017	OPEN	93e10babe0b9c9ef8b3f5277754541b447beeeb4	P3	46cd726c35e9d754a8e42b32986313ce3d4d1782	94b012ee12d457aa4b99103477a0d35f083b1182	NAVIGATION_PROPOSALS_PASS_FORMAL_NOT_REPAIRED	"{""original"":[{""commit"":""e1e01bb18d824931e54f182dd61af5a9f908ba85"",""path"":""audit/source-traceability.md"",""line_start"":229,""line_end"":229,""repository"":""project"",""reported_by"":""RUN-A-017""},{""commit"":""8c5911e4a4b07b07e832e4bb0d5d8859e88b4a9b"",""path"":""Data/Scripts/003_Game processing/002_Scene_Map.rb"",""line_start"":230,""line_end"":250,""repository"":""reference"",""reported_by"":""RUN-A-017""}],""original_affected_paths"":[""audit/source-traceability.md""],""sanitized_local_edits"":[],""appendix_or_registry"":[{""path"":""audit/source-traceability.md"",""clause"":""八处路径更正建议，只能A-REG串行应用""}],""static_vector_ids"":[""PATH01"",""PATH02"",""PATH03"",""PATH04"",""PATH05"",""PATH06"",""PATH07"",""PATH08""],""registry_request"":""registry-proposals.json#GIR-FD82-A017"",""original_current_authorized_clauses"":[]}"	PATH01–PATH08; navigation identities only	B02-G current layer applied; review/remediation/20261003-prepare/batches/B02/integration-stage-1/finding-registration.json; pending integration Ultra	B02;A-REG;B21	A-REG must apply eight path-only repairs and successor evidence; actual integration/global gate pending.; actual B02-I and final/all-contributor gates	B02_PENDING_R_B02_ULTRA; downstream BLOCKED; no closure
GIR-FD82-A018	OPEN	93e10babe0b9c9ef8b3f5277754541b447beeeb4	P3	46cd726c35e9d754a8e42b32986313ce3d4d1782	94b012ee12d457aa4b99103477a0d35f083b1182	PRIMARY_BEHAVIOR_PASS	"{""original"":[{""commit"":""e1e01bb18d824931e54f182dd61af5a9f908ba85"",""path"":""specs/kernel/wp08-localization.md"",""line_start"":164,""line_end"":166,""repository"":""project"",""reported_by"":""RUN-A-018""},{""commit"":""e1e01bb18d824931e54f182dd61af5a9f908ba85"",""path"":""deliverables/final-specification-set/test-catalog/generic-kernel-wp05-06-07-08-09-10.md"",""line_start"":82,""line_end"":84,""repository"":""project"",""reported_by"":""RUN-A-018""},{""commit"":""8c5911e4a4b07b07e832e4bb0d5d8859e88b4a9b"",""path"":""Data/Scripts/001_Technical/003_Intl_Messages.rb"",""line_start"":404,""line_end"":428,""repository"":""reference"",""reported_by"":""RUN-A-018""}],""original_affected_paths"":[""deliverables/final-specification-set/test-catalog/generic-kernel-wp05-06-07-08-09-10.md"",""specs/kernel/wp08-localization.md""],""sanitized_local_edits"":[{""path"":""deliverables/final-specification-set/generic-kernel/wp08-localization.md"",""clause"":""§6.3""},{""path"":""deliverables/final-specification-set/test-catalog/generic-kernel-wp05-06-07-08-09-10.md"",""clause"":""LZ08–LZ11""}],""appendix_or_registry"":[],""static_vector_ids"":[""LZ08"",""LZ09"",""LZ10"",""LZ11""],""registry_request"":""registry-proposals.json#GIR-FD82-A018"",""original_current_authorized_clauses"":[]}"	LZ08;LZ09;LZ10;LZ11	B02-G current layer applied; review/remediation/20261003-prepare/batches/B02/integration-stage-1/finding-registration.json; pending integration Ultra	B02	Original GR002 scenarios retained; no executed translation roundtrip.; actual B02-I and final/all-contributor gates	B02_PENDING_R_B02_ULTRA; downstream BLOCKED; no closure
GIR-FD82-C003	OPEN	93e10babe0b9c9ef8b3f5277754541b447beeeb4	P2	46cd726c35e9d754a8e42b32986313ce3d4d1782	94b012ee12d457aa4b99103477a0d35f083b1182	CONTRIBUTOR_PARTIAL_PASS	"{""original"":[{""repository"":""project"",""commit"":""e1e01bb18d824931e54f182dd61af5a9f908ba85"",""path"":""deliverables/final-specification-set/test-catalog/demo-dx-wp72-73-74-75-76-77.md"",""lines"":""49"",""note"":""子型条件丢失"",""reported_by"":""RUN-C-003""},{""repository"":""project"",""commit"":""e1e01bb18d824931e54f182dd61af5a9f908ba85"",""path"":""specs/demo/wp73-a-content-editors.md"",""lines"":""198"",""note"":""原测试限定具体子型"",""reported_by"":""RUN-C-003""},{""repository"":""project"",""commit"":""e1e01bb18d824931e54f182dd61af5a9f908ba85"",""path"":""deliverables/final-specification-set/demo-dx/wp73-a-content-editors.md"",""lines"":""40-49"",""note"":""多类行为共存"",""reported_by"":""RUN-C-003""},{""repository"":""reference"",""commit"":""8c5911e4a4b07b07e832e4bb0d5d8859e88b4a9b"",""path"":""Data/Scripts/020_Debug/002_Editor_DataTypes.rb"",""lines"":""32-160"",""note"":""可空与非可空数值/布尔分支"",""reported_by"":""RUN-C-003""},{""repository"":""reference"",""commit"":""8c5911e4a4b07b07e832e4bb0d5d8859e88b4a9b"",""path"":""Data/Scripts/007_Objects and windows/011_Messages.rb"",""lines"":""93-111;166-205"",""note"":""BACK 返回配置取消值或默认值"",""reported_by"":""RUN-C-003""},{""path"":""deliverables/final-specification-set/test-catalog/creature-rpg-wp35-36-57-64-68.md"",""lines"":""33"",""current_text"":""EN-01 仅给本地图无任何 land/cave/water 表，预期机会判定假、步进不触发、主动请求各自失败。"",""repository"":""project"",""commit"":""e1e01bb18d824931e54f182dd61af5a9f908ba85"",""reported_by"":""RUN-D-007""},{""path"":""deliverables/final-specification-set/creature-rpg/wp36-wild-encounters-and-modifiers.md"",""lines"":""75-78,85,188-193"",""current_text"":""fishing/none/contest 为独立类；冲浪中机会判定直接为真；主动请求按请求类型取候选，有合法候选且调用正常返回时返回真。"",""repository"":""project"",""commit"":""e1e01bb18d824931e54f182dd61af5a9f908ba85"",""reported_by"":""RUN-D-007""},{""path"":""deliverables/final-specification-set/test-catalog/user-interface-wp17-63-65-66-67-68-69-70-71.md"",""lines"":""181"",""current_text"":""A23只给来源50/120、目标hp30，却定目标恢复24。"",""repository"":""project"",""commit"":""e1e01bb18d824931e54f182dd61af5a9f908ba85"",""reported_by"":""RUN-D-021""},{""path"":""deliverables/final-specification-set/creature-rpg/wp28-item-use-and-training.md"",""lines"":""142"",""current_text"":""HP回复定值并封顶，消息含实际回复量。"",""repository"":""project"",""commit"":""e1e01bb18d824931e54f182dd61af5a9f908ba85"",""reported_by"":""RUN-D-021""},{""path"":""deliverables/final-specification-set/test-catalog/user-interface-wp17-63-65-66-67-68-69-70-71.md"",""lines"":""189,191"",""current_text"":""A31给升级表2招未会、初始记录1招未会即定候选3；A33把非蛋选择中的蛋称为唯一合格成员。"",""repository"":""project"",""commit"":""e1e01bb18d824931e54f182dd61af5a9f908ba85"",""reported_by"":""RUN-D-021""},{""path"":""deliverables/final-specification-set/creature-rpg/wp30-growth-learning-and-friendship.md"",""lines"":""167-168"",""current_text"":""最初记录仅前置未掌握且不在等级列表的项；去重。"",""repository"":""project"",""commit"":""e1e01bb18d824931e54f182dd61af5a9f908ba85"",""reported_by"":""RUN-D-021""},{""path"":""deliverables/final-specification-set/test-catalog/demo-dx-wp72-73-74-75-76-77.md"",""lines"":""49"",""current_text"":""CE-M02泛称数值类数值取消/布尔类取消，预期均返回空清槽。"",""repository"":""project"",""commit"":""e1e01bb18d824931e54f182dd61af5a9f908ba85"",""reported_by"":""RUN-D-022""},{""path"":""deliverables/final-specification-set/demo-dx/wp73-a-content-editors.md"",""lines"":""42-49"",""current_text"":""可空数值LimitProperty2取消为nil，UInt/Limit等按普通数值框；BooleanProperty与BooleanProperty2也有不同取消合同。"",""repository"":""project"",""commit"":""e1e01bb18d824931e54f182dd61af5a9f908ba85"",""reported_by"":""RUN-D-022""},{""path"":""deliverables/final-specification-set/test-catalog/demo-dx-wp72-73-74-75-76-77.md"",""lines"":""131"",""current_text"":""AN-M28输入泛称音乐文件，预期音乐文件不复制，未限定.midi。"",""repository"":""project"",""commit"":""e1e01bb18d824931e54f182dd61af5a9f908ba85"",""reported_by"":""RUN-D-022""},{""path"":""deliverables/final-specification-set/demo-dx/wp74-battle-animation-authoring-and-exchange.md"",""lines"":""317"",""current_text"":""wav/ogg/mp3/mid/wma可复制，仅.midi因后缀比较不命中不复制。"",""repository"":""project"",""commit"":""e1e01bb18d824931e54f182dd61af5a9f908ba85"",""reported_by"":""RUN-D-022""},{""path"":""deliverables/final-specification-set/test-catalog/demo-dx-wp72-73-74-75-76-77.md"",""lines"":""28"",""current_text"":""DG-M18给对方人数2、首家仅1成员就定拒绝，没有该子例的训练家数量。"",""repository"":""project"",""commit"":""e1e01bb18d824931e54f182dd61af5a9f908ba85"",""reported_by"":""RUN-D-022""},{""path"":""deliverables/final-specification-set/demo-dx/wp72-debug-contexts-and-controls.md"",""lines"":""185"",""current_text"":""首家仅1成员的拒绝还要求对方席位数大于训练家数。"",""repository"":""project"",""commit"":""e1e01bb18d824931e54f182dd61af5a9f908ba85"",""reported_by"":""RUN-D-022""},{""repository"":""project"",""commit"":""e1e01bb18d824931e54f182dd61af5a9f908ba85"",""path"":""specs/demo/wp74-battle-animation-authoring-and-exchange.md"",""lines"":""474"",""note"":""M28保留.midi"",""reported_by"":""RUN-C-003"",""extension_report"":""agents/C/C-02/findings.json""},{""repository"":""project"",""commit"":""e1e01bb18d824931e54f182dd61af5a9f908ba85"",""path"":""specs/demo/wp75-project-conversion-and-authoring-tools.md"",""lines"":""329;340;353"",""note"":""原CommonEvent5/EndSpeech、格式码、&bs;"",""reported_by"":""RUN-C-003"",""extension_report"":""agents/C/C-02/findings.json""},{""repository"":""project"",""commit"":""e1e01bb18d824931e54f182dd61af5a9f908ba85"",""path"":""deliverables/final-specification-set/test-catalog/demo-dx-wp72-73-74-75-76-77.md"",""lines"":""131;146;157;170"",""note"":""丢失或误释的输入"",""reported_by"":""RUN-C-003"",""extension_report"":""agents/C/C-02/findings.json""},{""repository"":""reference"",""commit"":""8c5911e4a4b07b07e832e4bb0d5d8859e88b4a9b"",""path"":""Data/Scripts/020_Debug/003_Debug menus/003_Debug_MenuExtraCode.rb"",""lines"":""615-640"",""note"":""按后三字符筛音频、先资源后动画校验"",""reported_by"":""RUN-C-003"",""extension_report"":""agents/C/C-02/findings.json""},{""repository"":""reference"",""commit"":""8c5911e4a4b07b07e832e4bb0d5d8859e88b4a9b"",""path"":""Data/Scripts/021_Compiler/004_Compiler_MapsAndEvents.rb"",""lines"":""523-565;1419-1428"",""note"":""注记支序与真实格式标记"",""reported_by"":""RUN-C-003"",""extension_report"":""agents/C/C-02/findings.json""},{""repository"":""reference"",""commit"":""8c5911e4a4b07b07e832e4bb0d5d8859e88b4a9b"",""path"":""scripts_combine.rb"",""lines"":""119-137"",""note"":""不同实体反转义"",""reported_by"":""RUN-C-003"",""extension_report"":""agents/C/C-02/findings.json""},{""repository"":""reference"",""commit"":""8c5911e4a4b07b07e832e4bb0d5d8859e88b4a9b"",""path"":""Data/Scripts/007_Objects and windows/011_Messages.rb"",""lines"":""430-443;477-483;587-587"",""note"":""颜色、金币窗口解释"",""reported_by"":""RUN-C-003"",""extension_report"":""agents/C/C-02/findings.json""},{""repository"":""project"",""commit"":""e1e01bb18d824931e54f182dd61af5a9f908ba85"",""path"":""specs/overworld/wp12-terrain-movement-vehicles.md"",""lines"":""237"",""note"":""原稿两格跳跃"",""reported_by"":""RUN-C-003"",""extension_report"":""agents/C/C-03/findings.json""},{""repository"":""project"",""commit"":""e1e01bb18d824931e54f182dd61af5a9f908ba85"",""path"":""deliverables/final-specification-set/test-catalog/engine-overworld-wp11-15-59-60.md"",""lines"":""31;154;176"",""note"":""数值/输入歧义"",""reported_by"":""RUN-C-003"",""extension_report"":""agents/C/C-03/findings.json""},{""repository"":""project"",""commit"":""e1e01bb18d824931e54f182dd61af5a9f908ba85"",""path"":""specs/overworld/wp11-map-topology-transfer.md"",""lines"":""70"",""note"":""天气20"",""reported_by"":""RUN-C-003"",""extension_report"":""agents/C/C-03/findings.json""},{""repository"":""project"",""commit"":""e1e01bb18d824931e54f182dd61af5a9f908ba85"",""path"":""deliverables/final-specification-set/engine-overworld/wp11-map-topology-transfer.md"",""lines"":""49"",""note"":""净化只说重置"",""reported_by"":""RUN-C-003"",""extension_report"":""agents/C/C-03/findings.json""},{""repository"":""reference"",""commit"":""8c5911e4a4b07b07e832e4bb0d5d8859e88b4a9b"",""path"":""Data/Scripts/012_Overworld/008_Overworld_RandomDungeons.rb"",""lines"":""347-377"",""note"":""缓冲顺序"",""reported_by"":""RUN-C-003"",""extension_report"":""agents/C/C-03/findings.json""},{""repository"":""reference"",""commit"":""8c5911e4a4b07b07e832e4bb0d5d8859e88b4a9b"",""path"":""Data/Scripts/010_Data/002_PBS data/020_DungeonParameters.rb"",""lines"":""71-78"",""note"":""默认5×5"",""reported_by"":""RUN-C-003"",""extension_report"":""agents/C/C-03/findings.json""},{""repository"":""reference"",""commit"":""8c5911e4a4b07b07e832e4bb0d5d8859e88b4a9b"",""path"":""PBS/dungeon_parameters.txt"",""lines"":""3-5"",""note"":""cave样本5×4"",""reported_by"":""RUN-C-003"",""extension_report"":""agents/C/C-03/findings.json""},{""repository"":""project"",""commit"":""e1e01bb18d824931e54f182dd61af5a9f908ba85"",""path"":""specs/ui/wp17-messages-windows-input.md"",""lines"":""255-257"",""note"":""末三原场景"",""reported_by"":""RUN-C-003"",""extension_report"":""agents/C/C-04/findings.json""},{""repository"":""project"",""commit"":""e1e01bb18d824931e54f182dd61af5a9f908ba85"",""path"":""deliverables/final-specification-set/test-catalog/user-interface-wp17-63-65-66-67-68-69-70-71.md"",""lines"":""33-35"",""note"":""净化少一个场景"",""reported_by"":""RUN-C-003"",""extension_report"":""agents/C/C-04/findings.json""},{""repository"":""project"",""commit"":""e1e01bb18d824931e54f182dd61af5a9f908ba85"",""path"":""deliverables/final-specification-set/user-interface/wp17-messages-windows-input.md"",""lines"":""194-194"",""note"":""错误27条计数"",""reported_by"":""RUN-C-003"",""extension_report"":""agents/C/C-04/findings.json""},{""repository"":""project"",""commit"":""e1e01bb18d824931e54f182dd61af5a9f908ba85"",""path"":""deliverables/final-specification-set/test-catalog/user-interface-wp17-63-65-66-67-68-69-70-71.md"",""lines"":""43-43"",""note"":""无后续字符DT03"",""reported_by"":""RUN-C-003"",""extension_report"":""agents/C/C-04/findings.json""},{""repository"":""reference"",""commit"":""8c5911e4a4b07b07e832e4bb0d5d8859e88b4a9b"",""path"":""Data/Scripts/007_Objects and windows/010_DrawText.rb"",""lines"":""385-423"",""note"":""空字符不处理"",""reported_by"":""RUN-C-003"",""extension_report"":""agents/C/C-04/findings.json""},{""repository"":""project"",""commit"":""e1e01bb18d824931e54f182dd61af5a9f908ba85"",""path"":""deliverables/final-specification-set/test-catalog/engine-overworld-wp16.md"",""lines"":""14-20"",""note"":""WR06/WR12"",""reported_by"":""RUN-C-003"",""extension_report"":""agents/C/C-04/findings.json""},{""repository"":""reference"",""commit"":""8c5911e4a4b07b07e832e4bb0d5d8859e88b4a9b"",""path"":""Data/Scripts/005_Sprites/004_Sprite_Reflection.rb"",""lines"":""9-12"",""note"":""固定高度"",""reported_by"":""RUN-C-003"",""extension_report"":""agents/C/C-04/findings.json""},{""repository"":""reference"",""commit"":""8c5911e4a4b07b07e832e4bb0d5d8859e88b4a9b"",""path"":""Data/Scripts/005_Sprites/004_Sprite_Reflection.rb"",""lines"":""57-83"",""note"":""桥状态和高位分支"",""reported_by"":""RUN-C-003"",""extension_report"":""agents/C/C-04/findings.json""},{""repository"":""reference"",""commit"":""8c5911e4a4b07b07e832e4bb0d5d8859e88b4a9b"",""path"":""Data/Scripts/012_Overworld/003_Overworld_Time.rb"",""lines"":""82-109"",""note"":""缓存与插值"",""reported_by"":""RUN-C-003"",""extension_report"":""agents/C/C-04/findings.json""},{""repository"":""project"",""commit"":""e1e01bb18d824931e54f182dd61af5a9f908ba85"",""path"":""deliverables/final-specification-set/test-catalog/creature-rpg-wp35-36-57-64-68.md"",""lines"":""33-34;47-48"",""note"":""EN前提"",""reported_by"":""RUN-C-003"",""extension_report"":""agents/C/C-05/findings.json""},{""repository"":""reference"",""commit"":""8c5911e4a4b07b07e832e4bb0d5d8859e88b4a9b"",""path"":""Data/Scripts/012_Overworld/002_Battle triggering/003_Overworld_WildEncounters.rb"",""lines"":""49-97;211-216;284-307"",""note"":""对应门"",""reported_by"":""RUN-C-003"",""extension_report"":""agents/C/C-05/findings.json""},{""repository"":""project"",""commit"":""e1e01bb18d824931e54f182dd61af5a9f908ba85"",""path"":""specs/overworld/wp59-world-time-weather-field-moves.md"",""lines"":""302-303"",""note"":""原向量"",""reported_by"":""RUN-C-003"",""extension_report"":""agents/C/C-05/findings.json""},{""repository"":""project"",""commit"":""e1e01bb18d824931e54f182dd61af5a9f908ba85"",""path"":""deliverables/final-specification-set/test-catalog/engine-overworld-wp11-15-59-60.md"",""lines"":""210-211;214-217"",""note"":""WT向量"",""reported_by"":""RUN-C-003"",""extension_report"":""agents/C/C-05/findings.json""},{""repository"":""project"",""commit"":""e1e01bb18d824931e54f182dd61af5a9f908ba85"",""path"":""specs/overworld/wp60-fishing.md"",""lines"":""180-195"",""note"":""16场景"",""reported_by"":""RUN-C-003"",""extension_report"":""agents/C/C-06/findings.json""},{""repository"":""project"",""commit"":""e1e01bb18d824931e54f182dd61af5a9f908ba85"",""path"":""deliverables/final-specification-set/test-catalog/engine-overworld-wp11-15-59-60.md"",""lines"":""238-252"",""note"":""15测试"",""reported_by"":""RUN-C-003"",""extension_report"":""agents/C/C-06/findings.json""},{""repository"":""project"",""commit"":""e1e01bb18d824931e54f182dd61af5a9f908ba85"",""path"":""review/wp80-delivery-2026-10-03/batch-03/clause-disposition.md"",""lines"":""131-133"",""note"":""15/15声明"",""reported_by"":""RUN-C-003"",""extension_report"":""agents/C/C-06/findings.json""},{""repository"":""project"",""commit"":""e1e01bb18d824931e54f182dd61af5a9f908ba85"",""path"":""specs/pokemon-rules/wp61-field-passive-effects-and-blackout.md"",""lines"":""233-233;239-241"",""note"":""原前提及原有泛称"",""reported_by"":""RUN-C-003"",""extension_report"":""agents/C/C-06/findings.json""},{""repository"":""project"",""commit"":""e1e01bb18d824931e54f182dd61af5a9f908ba85"",""path"":""deliverables/final-specification-set/test-catalog/pokemon-rules-wp53-60-61-62-69-70.md"",""lines"":""75-75;81-83"",""note"":""最终前提/扣期限措辞"",""reported_by"":""RUN-C-003"",""extension_report"":""agents/C/C-06/findings.json""},{""repository"":""reference"",""commit"":""8c5911e4a4b07b07e832e4bb0d5d8859e88b4a9b"",""path"":""Data/Scripts/014_Pokemon/001_Pokemon.rb"",""lines"":""824-827"",""note"":""仅感染期减期限"",""reported_by"":""RUN-C-003"",""extension_report"":""agents/C/C-06/findings.json""},{""repository"":""project"",""commit"":""e1e01bb18d824931e54f182dd61af5a9f908ba85"",""path"":""specs/ui/wp66-a-party-and-summary-ui.md"",""lines"":""238;246-248"",""note"":""原前提亦不完整"",""reported_by"":""RUN-C-003"",""extension_report"":""agents/C/C-07/findings.json""},{""repository"":""project"",""commit"":""e1e01bb18d824931e54f182dd61af5a9f908ba85"",""path"":""deliverables/final-specification-set/test-catalog/user-interface-wp17-63-65-66-67-68-69-70-71.md"",""lines"":""181;189-191;362"",""note"":""最终对应场景"",""reported_by"":""RUN-C-003"",""extension_report"":""agents/C/C-07/findings.json""},{""repository"":""reference"",""commit"":""8c5911e4a4b07b07e832e4bb0d5d8859e88b4a9b"",""path"":""Data/Scripts/013_Items/001_Item_Utilities.rb"",""lines"":""333-338"",""note"":""HP恢复受目标上限限制"",""reported_by"":""RUN-C-003"",""extension_report"":""agents/C/C-07/findings.json""},{""repository"":""reference"",""commit"":""8c5911e4a4b07b07e832e4bb0d5d8859e88b4a9b"",""path"":""Data/Scripts/016_UI/022_UI_MoveRelearner.rb"",""lines"":""150-164"",""note"":""候选去重"",""reported_by"":""RUN-C-003"",""extension_report"":""agents/C/C-07/findings.json""},{""repository"":""reference"",""commit"":""8c5911e4a4b07b07e832e4bb0d5d8859e88b4a9b"",""path"":""Data/Scripts/016_UI/005_UI_Party.rb"",""lines"":""1525-1530"",""note"":""非蛋与hp门"",""reported_by"":""RUN-C-003"",""extension_report"":""agents/C/C-07/findings.json""},{""repository"":""project"",""commit"":""e1e01bb18d824931e54f182dd61af5a9f908ba85"",""path"":""specs/ui/wp67-b-lifecycle-presentations-and-history.md"",""lines"":""233"",""note"":""原第三例标c"",""reported_by"":""RUN-C-003"",""extension_report"":""agents/C/C-07/findings.json""},{""repository"":""project"",""commit"":""e1e01bb18d824931e54f182dd61af5a9f908ba85"",""path"":""review/wp80-delivery-readiness-review-2026-10-03/input-snapshot/review/wp80-delivery-2026-10-03/batch-14/clause-disposition.md"",""lines"":""126;223"",""note"":""41/41和35/35不证明语义正确"",""reported_by"":""RUN-C-003"",""extension_report"":""agents/C/C-07/findings.json""},{""repository"":""project"",""commit"":""e1e01bb18d824931e54f182dd61af5a9f908ba85"",""path"":""specs/ui/wp71-tile-puzzles.md"",""lines"":""136-142;158"",""note"":""原始T01空态及四列表"",""reported_by"":""RUN-C-003"",""extension_report"":""agents/C/C-08/findings.json""},{""repository"":""project"",""commit"":""e1e01bb18d824931e54f182dd61af5a9f908ba85"",""path"":""deliverables/final-specification-set/test-catalog/user-interface-wp17-63-65-66-67-68-69-70-71.md"",""lines"":""455-461;478"",""note"":""净化前提与T18列"",""reported_by"":""RUN-C-003"",""extension_report"":""agents/C/C-08/findings.json""},{""repository"":""reference"",""commit"":""8c5911e4a4b07b07e832e4bb0d5d8859e88b4a9b"",""path"":""Data/Scripts/017_Minigames/007_Minigame_TilePuzzles.rb"",""lines"":""497-509"",""note"":""互换和完成判定"",""reported_by"":""RUN-C-003"",""extension_report"":""agents/C/C-08/findings.json""}],""original_affected_paths"":[""deliverables/final-specification-set/creature-rpg/wp28-item-use-and-training.md"",""deliverables/final-specification-set/creature-rpg/wp30-growth-learning-and-friendship.md"",""deliverables/final-specification-set/creature-rpg/wp36-wild-encounters-and-modifiers.md"",""deliverables/final-specification-set/demo-dx/wp72-debug-contexts-and-controls.md"",""deliverables/final-specification-set/demo-dx/wp73-a-content-editors.md"",""deliverables/final-specification-set/demo-dx/wp74-battle-animation-authoring-and-exchange.md"",""deliverables/final-specification-set/engine-overworld/wp11-map-topology-transfer.md"",""deliverables/final-specification-set/test-catalog/creature-rpg-wp35-36-57-64-68.md"",""deliverables/final-specification-set/test-catalog/demo-dx-wp72-73-74-75-76-77.md"",""deliverables/final-specification-set/test-catalog/engine-overworld-wp11-15-59-60.md"",""deliverables/final-specification-set/test-catalog/engine-overworld-wp16.md"",""deliverables/final-specification-set/test-catalog/pokemon-rules-wp53-60-61-62-69-70.md"",""deliverables/final-specification-set/test-catalog/user-interface-wp17-63-65-66-67-68-69-70-71.md"",""deliverables/final-specification-set/user-interface/wp17-messages-windows-input.md"",""review/wp80-delivery-2026-10-03/batch-03/clause-disposition.md"",""review/wp80-delivery-readiness-review-2026-10-03/input-snapshot/review/wp80-delivery-2026-10-03/batch-14/clause-disposition.md"",""specs/demo/wp73-a-content-editors.md"",""specs/demo/wp74-battle-animation-authoring-and-exchange.md"",""specs/demo/wp75-project-conversion-and-authoring-tools.md"",""specs/overworld/wp11-map-topology-transfer.md"",""specs/overworld/wp12-terrain-movement-vehicles.md"",""specs/overworld/wp59-world-time-weather-field-moves.md"",""specs/overworld/wp60-fishing.md"",""specs/pokemon-rules/wp61-field-passive-effects-and-blackout.md"",""specs/ui/wp17-messages-windows-input.md"",""specs/ui/wp66-a-party-and-summary-ui.md"",""specs/ui/wp67-b-lifecycle-presentations-and-history.md"",""specs/ui/wp71-tile-puzzles.md""],""sanitized_local_edits"":[{""path"":""deliverables/final-specification-set/generic-kernel/wp06-time-random-steps-stats.md"",""clause"":""§3.2–§3.3""},{""path"":""deliverables/final-specification-set/test-catalog/generic-kernel-wp05-06-07-08-09-10.md"",""clause"":""TM14""}],""appendix_or_registry"":[],""static_vector_ids"":[""TM14""],""registry_request"":""registry-proposals.json#GIR-FD82-C003"",""original_current_authorized_clauses"":[]}"	TM14	B02-G current layer applied; review/remediation/20261003-prepare/batches/B02/integration-stage-1/finding-registration.json; pending integration Ultra	B21;B04;OTHER_ORIGINAL_EXTENSION_CONTRIBUTORS	WR12/outdoor rendering/full table and all effective original/8 extension scopes remain open.; actual B02-I and final/all-contributor gates	B02_PENDING_R_B02_ULTRA; downstream BLOCKED; no closure
GIR-FD82-C081	OPEN	93e10babe0b9c9ef8b3f5277754541b447beeeb4	P2	46cd726c35e9d754a8e42b32986313ce3d4d1782	94b012ee12d457aa4b99103477a0d35f083b1182	CONTRIBUTOR_PARTIAL_PASS	"{""original"":[{""repository"":""project"",""commit"":""e1e01bb18d824931e54f182dd61af5a9f908ba85"",""path"":""specs/creature-rpg/wp36-wild-encounters-and-modifiers.md"",""lines"":""98-101"",""note"":""钳制措辞"",""reported_by"":""RUN-C-081""},{""repository"":""project"",""commit"":""e1e01bb18d824931e54f182dd61af5a9f908ba85"",""path"":""deliverables/final-specification-set/creature-rpg/wp36-wild-encounters-and-modifiers.md"",""lines"":""100-103"",""note"":""净化继承"",""reported_by"":""RUN-C-081""},{""repository"":""project"",""commit"":""e1e01bb18d824931e54f182dd61af5a9f908ba85"",""path"":""deliverables/final-specification-set/generic-kernel/wp06-time-random-steps-stats.md"",""lines"":""54-61"",""note"":""已有正确主合同"",""reported_by"":""RUN-C-081""},{""repository"":""reference"",""commit"":""8c5911e4a4b07b07e832e4bb0d5d8859e88b4a9b"",""path"":""Data/Scripts/012_Overworld/001_Overworld.rb"",""lines"":""172-186"",""note"":""实际计数行为"",""reported_by"":""RUN-C-081""}],""original_affected_paths"":[""deliverables/final-specification-set/creature-rpg/wp36-wild-encounters-and-modifiers.md"",""deliverables/final-specification-set/generic-kernel/wp06-time-random-steps-stats.md"",""specs/creature-rpg/wp36-wild-encounters-and-modifiers.md""],""sanitized_local_edits"":[{""path"":""deliverables/final-specification-set/generic-kernel/wp06-time-random-steps-stats.md"",""clause"":""§4.1""},{""path"":""deliverables/final-specification-set/test-catalog/generic-kernel-wp05-06-07-08-09-10.md"",""clause"":""TM12""}],""appendix_or_registry"":[],""static_vector_ids"":[""TM12""],""registry_request"":""registry-proposals.json#GIR-FD82-C081"",""original_current_authorized_clauses"":[]}"	TM12	B02-G current layer applied; review/remediation/20261003-prepare/batches/B02/integration-stage-1/finding-registration.json; pending integration Ultra	B08	WP36 original/final saturation conflict remains assigned toB08; original effective_case_constraints retained.; actual B02-I and final/all-contributor gates	B02_PENDING_R_B02_ULTRA; downstream BLOCKED; no closure
GIR-FD82-A020	OPEN	93e10babe0b9c9ef8b3f5277754541b447beeeb4	P2	1914cd379bcb7c8b6feb13dc3e872b7ded27d9a4	0da269077aa5a02d5cef08021171acf3719e1b69	PASS_SCOPED_B05_CONTRIBUTION	"{""id"":""GIR-FD82-A020"",""B05_primary"":false,""original_files"":[""specs/pokemon-rules/wp19-attributes-ability-and-stats.md""],""original_clauses"":[""§3.5 表N完整25映射及具名取整对照""],""sanitized_files"":[""deliverables/final-specification-set/pokemon-rules/wp19-attributes-ability-and-stats.md""],""clauses"":[""§3.5 表N完整25映射及具名数值对照""],""tables"":[""表N：25身份、20修正、5中性""],""test_catalog"":""deliverables/final-specification-set/test-catalog/pokemon-rules-wp19-21-22-23-34.md"",""tests"":[""ST60"",""ST61"",""ST62"",""ST63"",""ST27"",""ST39"",""ST40"",""ST49"",""ST50""],""original_status"":""原WP19§3.5已在父统筹批准范围内补完整25Nature身份／升降表和具名取整数值；覆盖、缓存与其它段落保留。B01仅WP03依赖接受，B07/WP28仍待完成。"",""B05_original_layer_status"":""MINIMAL_SYNC_PERFORMED_WITHIN_PARENT_AUTHORIZED_CLAUSES_PENDING_ULTRA"",""remaining_contributors"":""B01已通过其WP03贡献；B07/WP28薄荷消费仍待完成。"",""recommended_state"":""OPEN; local B05 v2 contribution only after both Ultra gates"",""file_sha256"":{""specs/pokemon-rules/wp19-attributes-ability-and-stats.md"":""1bc41ea2313a34bfb900ba15002752689617a2f974ef3f6178d0eb662824607d"",""deliverables/final-specification-set/pokemon-rules/wp19-attributes-ability-and-stats.md"":""1fa10a6a6ad03cbf2c99cccc55a4dacae42f4a251f91e13071b874c269ab1137"",""deliverables/final-specification-set/test-catalog/pokemon-rules-wp19-21-22-23-34.md"":""936d1814ee93ff941a9693f91120068625add136daa2e0e96ab79dd770506543""}}"	ST60;ST61;ST62;ST63;ST27;ST39;ST40;ST49;ST50	B05-G current layer applied; review/remediation/20261003-prepare/batches/B05/integration-stage-1/finding-registration.json; pending integration Ultra	B07	"{""batch"":""B05"",""remaining_review_work"":""B07/WP28 扩展消费点；B01贡献保持。"",""author_remaining_contributors"":""B01已通过其WP03贡献；B07/WP28薄荷消费仍待完成。"",""all_contributor_batches"":[""B01"",""B05"",""B07""],""other_batch_obligations"":[""B07""],""actual_integration"":""pending B05-I on newly frozen integration SHA"",""canonical_closure"":""OPEN; all contributions and final Ultra required""}"	B05_PENDING_R_B05_ULTRA; downstream BLOCKED; no closure
GIR-FD82-A021	OPEN	93e10babe0b9c9ef8b3f5277754541b447beeeb4	P3	1914cd379bcb7c8b6feb13dc3e872b7ded27d9a4	0da269077aa5a02d5cef08021171acf3719e1b69	PASS_SCOPED_B05_CONTRIBUTION	"{""id"":""GIR-FD82-A021"",""B05_primary"":true,""original_files"":[""specs/creature-rpg/wp18-creature-identity-species-ownership.md""],""original_clauses"":[""§3.2 完整默认值表""],""sanitized_files"":[""deliverables/final-specification-set/creature-rpg/wp18-creature-identity-species-ownership.md""],""clauses"":[""§3.2 全字段默认表""],""tables"":[""默认值标量/空列表/空值分层""],""test_catalog"":""deliverables/final-specification-set/test-catalog/creature-rpg-wp18-20-24-25-26.md"",""tests"":[""CI-25""],""original_status"":""原WP18§3.2已补完整默认字段。其它原稿段落未改。"",""B05_original_layer_status"":""MINIMAL_SYNC_PERFORMED_WITHIN_PARENT_AUTHORIZED_CLAUSES_PENDING_ULTRA"",""remaining_contributors"":""无跨批关闭前提被本批替代。"",""recommended_state"":""OPEN; local B05 v2 contribution only after both Ultra gates"",""file_sha256"":{""specs/creature-rpg/wp18-creature-identity-species-ownership.md"":""458f91b8b292a5e24bbcfde96302c035d911cc22abb75da2f8ef76107d6d67b7"",""deliverables/final-specification-set/creature-rpg/wp18-creature-identity-species-ownership.md"":""c6aa52539257dec601c11a8c5a80274f5ce1dacd420ef8e76b19dc5b24a71f90"",""deliverables/final-specification-set/test-catalog/creature-rpg-wp18-20-24-25-26.md"":""5d21276d65c43465e24863a9e0519692f971e93e1126388474040b6d4c01b585""}}"	CI-25	B05-G current layer applied; review/remediation/20261003-prepare/batches/B05/integration-stage-1/finding-registration.json; pending integration Ultra		"{""batch"":""B05"",""remaining_review_work"":""integration身份核验；无本批修订。"",""author_remaining_contributors"":""无跨批关闭前提被本批替代。"",""all_contributor_batches"":[""B05""],""other_batch_obligations"":[],""actual_integration"":""pending B05-I on newly frozen integration SHA"",""canonical_closure"":""OPEN; all contributions and final Ultra required""}"	B05_PENDING_R_B05_ULTRA; downstream BLOCKED; no closure
GIR-FD82-A022	OPEN	93e10babe0b9c9ef8b3f5277754541b447beeeb4	P2	1914cd379bcb7c8b6feb13dc3e872b7ded27d9a4	0da269077aa5a02d5cef08021171acf3719e1b69	PASS_SCOPED_B05_CONTRIBUTION	"{""id"":""GIR-FD82-A022"",""B05_primary"":true,""original_files"":[""specs/creature-rpg/wp18-creature-identity-species-ownership.md""],""original_clauses"":[""§4.2 基础初始化与创建复检随机"",""§9 动态读取同值限定与显式提交差异；§8原字节保留""],""sanitized_files"":[""deliverables/final-specification-set/creature-rpg/wp18-creature-identity-species-ownership.md""],""clauses"":[""§4.1/4.2 完整创建与基础随机"",""§9 同值读取/提交边界""],""tables"":[""UNOWN/PUMPKABOO创建额外抽样身份与分布""],""test_catalog"":""deliverables/final-specification-set/test-catalog/creature-rpg-wp18-20-24-25-26.md"",""tests"":[""CI-26"",""CI-27"",""CI-28"",""CI-04"",""CI-05""],""original_status"":""原WP18§4.2已限定基础初始化并补创建复检形态随机，保留已有Nature缓存限定；获准§9明确同值入口边界，§8原字节保留。"",""B05_original_layer_status"":""MINIMAL_SYNC_PERFORMED_WITHIN_PARENT_AUTHORIZED_CLAUSES_PENDING_ULTRA"",""remaining_contributors"":""下游生成/遗传等只消费冻结后合同，未开始下游。"",""recommended_state"":""OPEN; local B05 v2 contribution only after both Ultra gates"",""file_sha256"":{""specs/creature-rpg/wp18-creature-identity-species-ownership.md"":""458f91b8b292a5e24bbcfde96302c035d911cc22abb75da2f8ef76107d6d67b7"",""deliverables/final-specification-set/creature-rpg/wp18-creature-identity-species-ownership.md"":""c6aa52539257dec601c11a8c5a80274f5ce1dacd420ef8e76b19dc5b24a71f90"",""deliverables/final-specification-set/test-catalog/creature-rpg-wp18-20-24-25-26.md"":""5d21276d65c43465e24863a9e0519692f971e93e1126388474040b6d4c01b585""}}"	CI-26;CI-27;CI-28;CI-04;CI-05	B05-G current layer applied; review/remediation/20261003-prepare/batches/B05/integration-stage-1/finding-registration.json; pending integration Ultra		"{""batch"":""B05"",""remaining_review_work"":""integration；不新增默认创建随机来源的全域量词。"",""author_remaining_contributors"":""下游生成/遗传等只消费冻结后合同，未开始下游。"",""all_contributor_batches"":[""B05""],""other_batch_obligations"":[],""actual_integration"":""pending B05-I on newly frozen integration SHA"",""canonical_closure"":""OPEN; all contributions and final Ultra required""}"	B05_PENDING_R_B05_ULTRA; downstream BLOCKED; no closure
GIR-FD82-A023	OPEN	93e10babe0b9c9ef8b3f5277754541b447beeeb4	P2	1914cd379bcb7c8b6feb13dc3e872b7ded27d9a4	0da269077aa5a02d5cef08021171acf3719e1b69	PASS_SCOPED_B05_CONTRIBUTION	"{""id"":""GIR-FD82-A023"",""B05_primary"":true,""original_files"":[""specs/creature-rpg/wp20-hp-status-moves-helditem.md""],""original_clauses"":[""§5.1 招式入口容量及整表保留"",""§7.5 四槽入口限定""],""sanitized_files"":[""deliverables/final-specification-set/creature-rpg/wp20-hp-status-moves-helditem.md""],""clauses"":[""§5.1 存储/静默学习/初始化"",""§7条5 限制归属""],""tables"":[""入口保证：整表5项；新增一次移首；初始化≤4""],""test_catalog"":""deliverables/final-specification-set/test-catalog/creature-rpg-wp18-20-24-25-26.md"",""tests"":[""HP-35"",""HP-36"",""HP-37"",""HP-13"",""HP-14"",""HP-15"",""HP-18"",""HP-19"",""HP-20""],""original_status"":""原WP20§5.1／§7.5已按入口限定四槽、保留整表五项和零项及静默单次移除。"",""B05_original_layer_status"":""MINIMAL_SYNC_PERFORMED_WITHIN_PARENT_AUTHORIZED_CLAUSES_PENDING_ULTRA"",""remaining_contributors"":""WP24–26共享测试及GR-008既有行保留。"",""recommended_state"":""OPEN; local B05 v2 contribution only after both Ultra gates"",""file_sha256"":{""specs/creature-rpg/wp20-hp-status-moves-helditem.md"":""2f895be08ae546abbb9f6a4ef465393b57a09a313eebb2674882f1b0f2561c72"",""deliverables/final-specification-set/creature-rpg/wp20-hp-status-moves-helditem.md"":""0427e01e632e758a776b0a87a313e32fcb23fc6e1eb09f1a88e95a57c9cb20e0"",""deliverables/final-specification-set/test-catalog/creature-rpg-wp18-20-24-25-26.md"":""5d21276d65c43465e24863a9e0519692f971e93e1126388474040b6d4c01b585""}}"	HP-35;HP-36;HP-37;HP-13;HP-14;HP-15;HP-18;HP-19;HP-20	B05-G current layer applied; review/remediation/20261003-prepare/batches/B05/integration-stage-1/finding-registration.json; pending integration Ultra		"{""batch"":""B05"",""remaining_review_work"":""integration；不能登记全局列表四项不变量。"",""author_remaining_contributors"":""WP24–26共享测试及GR-008既有行保留。"",""all_contributor_batches"":[""B05""],""other_batch_obligations"":[],""actual_integration"":""pending B05-I on newly frozen integration SHA"",""canonical_closure"":""OPEN; all contributions and final Ultra required""}"	B05_PENDING_R_B05_ULTRA; downstream BLOCKED; no closure
GIR-FD82-A024	OPEN	93e10babe0b9c9ef8b3f5277754541b447beeeb4	P3	1914cd379bcb7c8b6feb13dc3e872b7ded27d9a4	0da269077aa5a02d5cef08021171acf3719e1b69	PASS_SCOPED_B05_CONTRIBUTION	"{""id"":""GIR-FD82-A024"",""B05_primary"":true,""original_files"":[""specs/creature-rpg/wp20-hp-status-moves-helditem.md""],""original_clauses"":[""§5.2 首招记录"",""§5.3 重学候选"",""§9 首招记录开关""],""sanitized_files"":[""deliverables/final-specification-set/creature-rpg/wp20-hp-status-moves-helditem.md""],""clauses"":[""§5.3 候选与兼容"",""§9 重学开关""],""tables"":[""候选来源/配置与个体判定两入口""],""test_catalog"":""deliverables/final-specification-set/test-catalog/creature-rpg-wp18-20-24-25-26.md"",""tests"":[""HP-40"",""HP-41""],""original_status"":""原WP20§5.2／§5.3／§9已同步首招记录候选、开关与不直接追加整张蛋招表；B07相关消费者仍待完成。"",""B05_original_layer_status"":""MINIMAL_SYNC_PERFORMED_WITHIN_PARENT_AUTHORIZED_CLAUSES_PENDING_ULTRA"",""remaining_contributors"":""B07/WP30主流程已写正确候选合同，应验证一致；所有贡献完成前ID仍开放。"",""recommended_state"":""OPEN; local B05 v2 contribution only after both Ultra gates"",""file_sha256"":{""specs/creature-rpg/wp20-hp-status-moves-helditem.md"":""2f895be08ae546abbb9f6a4ef465393b57a09a313eebb2674882f1b0f2561c72"",""deliverables/final-specification-set/creature-rpg/wp20-hp-status-moves-helditem.md"":""0427e01e632e758a776b0a87a313e32fcb23fc6e1eb09f1a88e95a57c9cb20e0"",""deliverables/final-specification-set/test-catalog/creature-rpg-wp18-20-24-25-26.md"":""5d21276d65c43465e24863a9e0519692f971e93e1126388474040b6d4c01b585""}}"	HP-40;HP-41	B05-G current layer applied; review/remediation/20261003-prepare/batches/B05/integration-stage-1/finding-registration.json; pending integration Ultra	B07	"{""batch"":""B05"",""remaining_review_work"":""B07/WP30完整重学消费点。"",""author_remaining_contributors"":""B07/WP30主流程已写正确候选合同，应验证一致；所有贡献完成前ID仍开放。"",""all_contributor_batches"":[""B05"",""B07""],""other_batch_obligations"":[""B07""],""actual_integration"":""pending B05-I on newly frozen integration SHA"",""canonical_closure"":""OPEN; all contributions and final Ultra required""}"	B05_PENDING_R_B05_ULTRA; downstream BLOCKED; no closure
GIR-FD82-A025	OPEN	93e10babe0b9c9ef8b3f5277754541b447beeeb4	P3	1914cd379bcb7c8b6feb13dc3e872b7ded27d9a4	0da269077aa5a02d5cef08021171acf3719e1b69	PASS_SCOPED_B05_CONTRIBUTION	"{""id"":""GIR-FD82-A025"",""B05_primary"":true,""original_files"":[""specs/creature-rpg/wp20-hp-status-moves-helditem.md""],""original_clauses"":[""§5.1 有效负索引与越界无变化""],""sanitized_files"":[""deliverables/final-specification-set/creature-rpg/wp20-hp-status-moves-helditem.md""],""clauses"":[""§5.1 索引删除及调用方取消""],""tables"":[""−n≤i<n，负索引n+i""],""test_catalog"":""deliverables/final-specification-set/test-catalog/creature-rpg-wp18-20-24-25-26.md"",""tests"":[""HP-38"",""HP-39""],""original_status"":""原WP20§5.1已明确有效负索引、空列表与越界无变化，取消哨兵由调用方判断。"",""B05_original_layer_status"":""MINIMAL_SYNC_PERFORMED_WITHIN_PARENT_AUTHORIZED_CLAUSES_PENDING_ULTRA"",""remaining_contributors"":""不改调试/UI参考取消守卫。"",""recommended_state"":""OPEN; local B05 v2 contribution only after both Ultra gates"",""file_sha256"":{""specs/creature-rpg/wp20-hp-status-moves-helditem.md"":""2f895be08ae546abbb9f6a4ef465393b57a09a313eebb2674882f1b0f2561c72"",""deliverables/final-specification-set/creature-rpg/wp20-hp-status-moves-helditem.md"":""0427e01e632e758a776b0a87a313e32fcb23fc6e1eb09f1a88e95a57c9cb20e0"",""deliverables/final-specification-set/test-catalog/creature-rpg-wp18-20-24-25-26.md"":""5d21276d65c43465e24863a9e0519692f971e93e1126388474040b6d4c01b585""}}"	HP-38;HP-39	B05-G current layer applied; review/remediation/20261003-prepare/batches/B05/integration-stage-1/finding-registration.json; pending integration Ultra		"{""batch"":""B05"",""remaining_review_work"":""integration；维持直接入口与UI取消区分。"",""author_remaining_contributors"":""不改调试/UI参考取消守卫。"",""all_contributor_batches"":[""B05""],""other_batch_obligations"":[],""actual_integration"":""pending B05-I on newly frozen integration SHA"",""canonical_closure"":""OPEN; all contributions and final Ultra required""}"	B05_PENDING_R_B05_ULTRA; downstream BLOCKED; no closure
GIR-FD82-A026	OPEN	93e10babe0b9c9ef8b3f5277754541b447beeeb4	P2	1914cd379bcb7c8b6feb13dc3e872b7ded27d9a4	0da269077aa5a02d5cef08021171acf3719e1b69	PASS_SCOPED_B05_CONTRIBUTION	"{""id"":""GIR-FD82-A026"",""B05_primary"":false,""original_files"":[""specs/pokemon-rules/wp21-dynamic-forms-and-display.md""],""original_clauses"":[""§3 C/D 具名形态与战斗招式"",""§4.1–4.2 表F及数据门、PP、时序、拒绝和部分失败""],""sanitized_files"":[""deliverables/final-specification-set/pokemon-rules/wp21-dynamic-forms-and-display.md""],""clauses"":[""§3 C/D族具名合同"",""§4.2 表F及数据门/部分失败""],""tables"":[""表F：四提交物种及ZACIAN/ZAMAZENTA战斗改写""],""test_catalog"":""deliverables/final-specification-set/test-catalog/pokemon-rules-wp19-21-22-23-34.md"",""tests"":[""FM15"",""FM36"",""FM37"",""FM38"",""FM39"",""FM41"",""FM42"",""FM43"",""FM13"",""FM14"",""FM17"",""FM18"",""FM20""],""original_status"":""原WP21§3 C/D及§4.1–4.2已同步六族完整具名招式、数据门和部分失败；B07/WP28道具触发消费仍待完成。"",""B05_original_layer_status"":""MINIMAL_SYNC_PERFORMED_WITHIN_PARENT_AUTHORIZED_CLAUSES_PENDING_ULTRA"",""remaining_contributors"":""B07/WP28形态/融合道具消费者未完成；不得关闭整个A026。"",""recommended_state"":""OPEN; local B05 v2 contribution only after both Ultra gates"",""file_sha256"":{""specs/pokemon-rules/wp21-dynamic-forms-and-display.md"":""c9688de92df637f65404a4322a4d45c877c2566966d8c69db6d6677194cc286b"",""deliverables/final-specification-set/pokemon-rules/wp21-dynamic-forms-and-display.md"":""5d1f03aee8b83046a86f52ae4c1ed701d905e3559676e3a448998c6e216a7a01"",""deliverables/final-specification-set/test-catalog/pokemon-rules-wp19-21-22-23-34.md"":""936d1814ee93ff941a9693f91120068625add136daa2e0e96ab79dd770506543""}}"	FM15;FM36;FM37;FM38;FM39;FM41;FM42;FM43;FM13;FM14;FM17;FM18;FM20	B05-G current layer applied; review/remediation/20261003-prepare/batches/B05/integration-stage-1/finding-registration.json; pending integration Ultra	B07	"{""batch"":""B05"",""remaining_review_work"":""B07/WP28完整道具链扩展；不登记全部道具/战斗刷新通过。"",""author_remaining_contributors"":""B07/WP28形态/融合道具消费者未完成；不得关闭整个A026。"",""all_contributor_batches"":[""B05"",""B07""],""other_batch_obligations"":[""B07""],""actual_integration"":""pending B05-I on newly frozen integration SHA"",""canonical_closure"":""OPEN; all contributions and final Ultra required""}"	B05_PENDING_R_B05_ULTRA; downstream BLOCKED; no closure
GIR-FD82-A027	OPEN	93e10babe0b9c9ef8b3f5277754541b447beeeb4	P2	1914cd379bcb7c8b6feb13dc3e872b7ded27d9a4	0da269077aa5a02d5cef08021171acf3719e1b69	PASS_SCOPED_B05_CONTRIBUTION	"{""id"":""GIR-FD82-A027"",""B05_primary"":true,""original_files"":[""specs/pokemon-rules/wp21-dynamic-forms-and-display.md""],""original_clauses"":[""§4.1 同值提交"",""§4.2 ROTOM唯一招删除与保底判断时序""],""sanitized_files"":[""deliverables/final-specification-set/pokemon-rules/wp21-dynamic-forms-and-display.md"",""deliverables/final-specification-set/creature-rpg/wp20-hp-status-moves-helditem.md""],""clauses"":[""WP21§4.1 同值提交"",""WP21§4.2 ROTOM删除时序"",""WP20§5.1 零招式""],""tables"":[""ROTOM有效目标→已掌握取消，保底不重查""],""test_catalog"":""deliverables/final-specification-set/test-catalog/pokemon-rules-wp19-21-22-23-34.md"",""tests"":[""FM40"",""FM41"",""FM20""],""original_status"":""原WP21§4.1–4.2已明确ROTOM同值裸提交删除唯一招及原保底判断次序，未修参考异常。"",""B05_original_layer_status"":""MINIMAL_SYNC_PERFORMED_WITHIN_PARENT_AUTHORIZED_CLAUSES_PENDING_ULTRA"",""remaining_contributors"":""不为参考补最少一招或同值短路。"",""recommended_state"":""OPEN; local B05 v2 contribution only after both Ultra gates"",""file_sha256"":{""specs/pokemon-rules/wp21-dynamic-forms-and-display.md"":""c9688de92df637f65404a4322a4d45c877c2566966d8c69db6d6677194cc286b"",""deliverables/final-specification-set/pokemon-rules/wp21-dynamic-forms-and-display.md"":""5d1f03aee8b83046a86f52ae4c1ed701d905e3559676e3a448998c6e216a7a01"",""deliverables/final-specification-set/creature-rpg/wp20-hp-status-moves-helditem.md"":""0427e01e632e758a776b0a87a313e32fcb23fc6e1eb09f1a88e95a57c9cb20e0"",""deliverables/final-specification-set/test-catalog/pokemon-rules-wp19-21-22-23-34.md"":""936d1814ee93ff941a9693f91120068625add136daa2e0e96ab79dd770506543""}}"	FM40;FM41;FM20	B05-G current layer applied; review/remediation/20261003-prepare/batches/B05/integration-stage-1/finding-registration.json; pending integration Ultra		"{""batch"":""B05"",""remaining_review_work"":""integration；零招不得修成更合理的保底。"",""author_remaining_contributors"":""不为参考补最少一招或同值短路。"",""all_contributor_batches"":[""B05""],""other_batch_obligations"":[],""actual_integration"":""pending B05-I on newly frozen integration SHA"",""canonical_closure"":""OPEN; all contributions and final Ultra required""}"	B05_PENDING_R_B05_ULTRA; downstream BLOCKED; no closure
GIR-FD82-A028	OPEN	93e10babe0b9c9ef8b3f5277754541b447beeeb4	P2	1914cd379bcb7c8b6feb13dc3e872b7ded27d9a4	0da269077aa5a02d5cef08021171acf3719e1b69	PASS_SCOPED_B05_CONTRIBUTION	"{""id"":""GIR-FD82-A028"",""B05_primary"":true,""original_files"":[""specs/pokemon-rules/wp22-transformation-data.md""],""original_clauses"":[""既有正确BANETTITE及48行Mega表原字节保留""],""sanitized_files"":[""deliverables/final-specification-set/pokemon-rules/wp22-mega-and-primal-reversion.md"",""deliverables/final-specification-set/pokemon-rules/wp22-transformation-data.md""],""clauses"":[""WP22 M01/M02 具名资格"",""资格附表BANETTE行""],""tables"":[""48 Mega行全部条件/基础能力比对""],""test_catalog"":""deliverables/final-specification-set/test-catalog/pokemon-rules-wp19-21-22-23-34.md"",""tests"":[""ME26"",""ME15"",""ME01""],""original_status"":""原wp22-transformation-data的BANETTITE正确，原稿保留，净化失真不得反向破坏。"",""B05_original_layer_status"":""PREEXISTING_CORRECT_OR_OUTSIDE_BATCH_RESPONSIBILITY_PRESERVED"",""remaining_contributors"":""战斗环/开关/额度/Transform/Sky Drop及媒体/demo不由个体资格替代。"",""recommended_state"":""OPEN; local B05 v2 contribution only after both Ultra gates"",""file_sha256"":{""specs/pokemon-rules/wp22-transformation-data.md"":""310956bf2c308626f3035b86fd256e35e68fdc58d340c3d941e07f8cdc9a03e3"",""deliverables/final-specification-set/pokemon-rules/wp22-mega-and-primal-reversion.md"":""33bf91ba9936aeb7f7fd94087df3796f883b2b75f94eb4994b7b13e22305b8e3"",""deliverables/final-specification-set/pokemon-rules/wp22-transformation-data.md"":""022525f7e3899f60b9523147f68ca8d0d06828d55f8d80dc222490dd7a02e20d"",""deliverables/final-specification-set/test-catalog/pokemon-rules-wp19-21-22-23-34.md"":""936d1814ee93ff941a9693f91120068625add136daa2e0e96ab79dd770506543""}}"	ME26;ME15;ME01	B05-G current layer applied; review/remediation/20261003-prepare/batches/B05/integration-stage-1/finding-registration.json; pending integration Ultra		"{""batch"":""B05"",""remaining_review_work"":""integration；不扩大为Mega/Primal全部退出链重审。"",""author_remaining_contributors"":""战斗环/开关/额度/Transform/Sky Drop及媒体/demo不由个体资格替代。"",""all_contributor_batches"":[""B05""],""other_batch_obligations"":[],""actual_integration"":""pending B05-I on newly frozen integration SHA"",""canonical_closure"":""OPEN; all contributions and final Ultra required""}"	B05_PENDING_R_B05_ULTRA; downstream BLOCKED; no closure
GIR-FD82-A029	OPEN	93e10babe0b9c9ef8b3f5277754541b447beeeb4	P2	1914cd379bcb7c8b6feb13dc3e872b7ded27d9a4	0da269077aa5a02d5cef08021171acf3719e1b69	PASS_SCOPED_B05_CONTRIBUTION	"{""id"":""GIR-FD82-A029"",""B05_primary"":true,""original_files"":[""specs/pokemon-rules/wp23-shadow-hyper-and-purification.md""],""original_clauses"":[""既有正确h=255且G=0门原字节保留；仅本文件W06获准变更""],""sanitized_files"":[""deliverables/final-specification-set/pokemon-rules/wp23-shadow-hyper-and-purification.md"",""deliverables/final-specification-set/pokemon-rules/wp23-shadow-data-and-vectors.md""],""clauses"":[""WP23§7 两香门"",""附表§2 h255与h254对照""],""tables"":[""h为友好度，H为心阶段，G为心量""],""test_catalog"":""deliverables/final-specification-set/test-catalog/pokemon-rules-wp19-21-22-23-34.md"",""tests"":[""SH47"",""SH48"",""SH51""],""original_status"":""原WP23 h255/G0正确，保持原稿，仅修净化两处H5误写。"",""B05_original_layer_status"":""PREEXISTING_CORRECT_OR_OUTSIDE_BATCH_RESPONSIBILITY_PRESERVED"",""remaining_contributors"":""可选有效数据前提、Scent缺旗标、战斗复检退款与运行未证保留。"",""recommended_state"":""OPEN; local B05 v2 contribution only after both Ultra gates"",""file_sha256"":{""specs/pokemon-rules/wp23-shadow-hyper-and-purification.md"":""119cc979f9442f15440a758446b1c7410e1bd4134effbc7e02e12ffb6412ee31"",""deliverables/final-specification-set/pokemon-rules/wp23-shadow-hyper-and-purification.md"":""f5f794b974f4d5c8ce176eda90f9e11fe4d159000800011de0707ccf74ba8fab"",""deliverables/final-specification-set/pokemon-rules/wp23-shadow-data-and-vectors.md"":""9a9c8b3af3b88ac44ad83e64aecb4666358402061cacc1bf6729405d4eda16d5"",""deliverables/final-specification-set/test-catalog/pokemon-rules-wp19-21-22-23-34.md"":""936d1814ee93ff941a9693f91120068625add136daa2e0e96ab79dd770506543""}}"	SH47;SH48;SH51	B05-G current layer applied; review/remediation/20261003-prepare/batches/B05/integration-stage-1/finding-registration.json; pending integration Ultra		"{""batch"":""B05"",""remaining_review_work"":""integration；可选样本无Scent旗标、默认未启用限制保留。"",""author_remaining_contributors"":""可选有效数据前提、Scent缺旗标、战斗复检退款与运行未证保留。"",""all_contributor_batches"":[""B05""],""other_batch_obligations"":[],""actual_integration"":""pending B05-I on newly frozen integration SHA"",""canonical_closure"":""OPEN; all contributions and final Ultra required""}"	B05_PENDING_R_B05_ULTRA; downstream BLOCKED; no closure
GIR-FD82-A030	OPEN	93e10babe0b9c9ef8b3f5277754541b447beeeb4	P2	1914cd379bcb7c8b6feb13dc3e872b7ded27d9a4	0da269077aa5a02d5cef08021171acf3719e1b69	PASS_SCOPED_B05_CONTRIBUTION	"{""id"":""GIR-FD82-A030"",""B05_primary"":true,""original_files"":[""specs/pokemon-rules/wp23-shadow-data-and-vectors.md""],""original_clauses"":[""既有正确GROWLITHE/SNORUNT和可选Shadow表原字节保留""],""sanitized_files"":[""deliverables/final-specification-set/pokemon-rules/wp23-shadow-data-and-vectors.md""],""clauses"":[""可选131物种表 GROWLITHE/SNORUNT行""],""tables"":[""全部131身份/心量/有序招式，18效果绑定静态核对""],""test_catalog"":""deliverables/final-specification-set/test-catalog/pokemon-rules-wp19-21-22-23-34.md"",""tests"":[""SH50""],""original_status"":""原Shadow数据表两行正确，不改原稿，净化稿改回原来的事实。"",""B05_original_layer_status"":""PREEXISTING_CORRECT_OR_OUTSIDE_BATCH_RESPONSIBILITY_PRESERVED"",""remaining_contributors"":""没有安装可选文件，顶层默认无数据/类型的限定保留；不宣称编译或运行有效。"",""recommended_state"":""OPEN; local B05 v2 contribution only after both Ultra gates"",""file_sha256"":{""specs/pokemon-rules/wp23-shadow-data-and-vectors.md"":""20a561cb27c6b6d164ad3f6814aa0d926ea0ba1389cfc85a7118a097170b7457"",""deliverables/final-specification-set/pokemon-rules/wp23-shadow-data-and-vectors.md"":""9a9c8b3af3b88ac44ad83e64aecb4666358402061cacc1bf6729405d4eda16d5"",""deliverables/final-specification-set/test-catalog/pokemon-rules-wp19-21-22-23-34.md"":""936d1814ee93ff941a9693f91120068625add136daa2e0e96ab79dd770506543""}}"	SH50	B05-G current layer applied; review/remediation/20261003-prepare/batches/B05/integration-stage-1/finding-registration.json; pending integration Ultra		"{""batch"":""B05"",""remaining_review_work"":""实际安装/编译/运行具名未知保留，不能记默认已启用。"",""author_remaining_contributors"":""没有安装可选文件，顶层默认无数据/类型的限定保留；不宣称编译或运行有效。"",""all_contributor_batches"":[""B05""],""other_batch_obligations"":[],""actual_integration"":""pending B05-I on newly frozen integration SHA"",""canonical_closure"":""OPEN; all contributions and final Ultra required""}"	B05_PENDING_R_B05_ULTRA; downstream BLOCKED; no closure
GIR-FD82-A031	OPEN	93e10babe0b9c9ef8b3f5277754541b447beeeb4	P3	1914cd379bcb7c8b6feb13dc3e872b7ded27d9a4	0da269077aa5a02d5cef08021171acf3719e1b69	PASS_SCOPED_B05_CONTRIBUTION	"{""id"":""GIR-FD82-A031"",""B05_primary"":true,""original_files"":[""specs/pokemon-rules/wp23-shadow-hyper-and-purification.md""],""original_clauses"":[""仅W06固定HARDY输入及LONELY跨阶段对照""],""sanitized_files"":[""deliverables/final-specification-set/pokemon-rules/wp23-shadow-hyper-and-purification.md"",""deliverables/final-specification-set/pokemon-rules/wp23-shadow-data-and-vectors.md""],""clauses"":[""主稿§7 Nature起点对照"",""附表§2 两完整起点向量""],""tables"":[""25下降常数表全部保持并比对""],""test_catalog"":""deliverables/final-specification-set/test-catalog/pokemon-rules-wp19-21-22-23-34.md"",""tests"":[""SH06"",""SH49"",""SH52""],""original_status"":""原WP23仅W06已固定HARDY/M4000/G2500/H4/h80及LONELY跨阶段对照，原正确h255门与其它行保留。"",""B05_original_layer_status"":""MINIMAL_SYNC_PERFORMED_WITHIN_PARENT_AUTHORIZED_CLAUSES_PENDING_ULTRA"",""remaining_contributors"":""不把计算性格覆盖当作存储Nature，阶段门按调整前时点。"",""recommended_state"":""OPEN; local B05 v2 contribution only after both Ultra gates"",""file_sha256"":{""specs/pokemon-rules/wp23-shadow-hyper-and-purification.md"":""119cc979f9442f15440a758446b1c7410e1bd4134effbc7e02e12ffb6412ee31"",""deliverables/final-specification-set/pokemon-rules/wp23-shadow-hyper-and-purification.md"":""f5f794b974f4d5c8ce176eda90f9e11fe4d159000800011de0707ccf74ba8fab"",""deliverables/final-specification-set/pokemon-rules/wp23-shadow-data-and-vectors.md"":""9a9c8b3af3b88ac44ad83e64aecb4666358402061cacc1bf6729405d4eda16d5"",""deliverables/final-specification-set/test-catalog/pokemon-rules-wp19-21-22-23-34.md"":""936d1814ee93ff941a9693f91120068625add136daa2e0e96ab79dd770506543""}}"	SH06;SH49;SH52	B05-G current layer applied; review/remediation/20261003-prepare/batches/B05/integration-stage-1/finding-registration.json; pending integration Ultra		"{""batch"":""B05"",""remaining_review_work"":""integration；不把HARDY当默认100下降。"",""author_remaining_contributors"":""不把计算性格覆盖当作存储Nature，阶段门按调整前时点。"",""all_contributor_batches"":[""B05""],""other_batch_obligations"":[],""actual_integration"":""pending B05-I on newly frozen integration SHA"",""canonical_closure"":""OPEN; all contributions and final Ultra required""}"	B05_PENDING_R_B05_ULTRA; downstream BLOCKED; no closure
GIR-FD82-A040	OPEN	93e10babe0b9c9ef8b3f5277754541b447beeeb4	P2	1914cd379bcb7c8b6feb13dc3e872b7ded27d9a4	0da269077aa5a02d5cef08021171acf3719e1b69	PASS_SCOPED_B05_CONTRIBUTION	"{""id"":""GIR-FD82-A040"",""B05_primary"":false,""original_files"":[""specs/pokemon-rules/wp19-attributes-ability-and-stats.md""],""original_clauses"":[""既有普通EV培养／设施例外原字节保留；仅本文件§3.5获准变更""],""sanitized_files"":[""deliverables/final-specification-set/pokemon-rules/wp19-attributes-ability-and-stats.md""],""clauses"":[""§5.3 原正常入口例外保留并补具名CATERPIE""],""tables"":[""默认模板行5的HP/ATK双255；GR-016边界不变""],""test_catalog"":""deliverables/final-specification-set/test-catalog/pokemon-rules-wp19-21-22-23-34.md"",""tests"":[""ST67"",""ST56"",""ST57"",""ST58"",""ST59""],""original_status"":""原/净化WP19既有培养入口例外正确；仅净化补具名反向证据，不修改原WP28等。"",""B05_original_layer_status"":""PREEXISTING_CORRECT_OR_OUTSIDE_BATCH_RESPONSIBILITY_PRESERVED"",""remaining_contributors"":""B07/WP28错误全称“所有EV写入”仍待修；B17/WP76生成器贡献需独立验证，当前已述重复分母合同不被此样本替代。"",""recommended_state"":""OPEN; local B05 v2 contribution only after both Ultra gates"",""file_sha256"":{""specs/pokemon-rules/wp19-attributes-ability-and-stats.md"":""1bc41ea2313a34bfb900ba15002752689617a2f974ef3f6178d0eb662824607d"",""deliverables/final-specification-set/pokemon-rules/wp19-attributes-ability-and-stats.md"":""1fa10a6a6ad03cbf2c99cccc55a4dacae42f4a251f91e13071b874c269ab1137"",""deliverables/final-specification-set/test-catalog/pokemon-rules-wp19-21-22-23-34.md"":""936d1814ee93ff941a9693f91120068625add136daa2e0e96ab79dd770506543""}}"	ST67;ST56;ST57;ST58;ST59	B05-G current layer applied; review/remediation/20261003-prepare/batches/B05/integration-stage-1/finding-registration.json; pending integration Ultra	B07;B17	"{""batch"":""B05"",""remaining_review_work"":""B07/WP28局部量词；B17/WP76调试/演示表述；本批不能全域关闭。"",""author_remaining_contributors"":""B07/WP28错误全称“所有EV写入”仍待修；B17/WP76生成器贡献需独立验证，当前已述重复分母合同不被此样本替代。"",""all_contributor_batches"":[""B05"",""B07"",""B17""],""other_batch_obligations"":[""B07"",""B17""],""actual_integration"":""pending B05-I on newly frozen integration SHA"",""canonical_closure"":""OPEN; all contributions and final Ultra required""}"	B05_PENDING_R_B05_ULTRA; downstream BLOCKED; no closure
GIR-FD82-A044	OPEN	93e10babe0b9c9ef8b3f5277754541b447beeeb4	P2	1914cd379bcb7c8b6feb13dc3e872b7ded27d9a4	0da269077aa5a02d5cef08021171acf3719e1b69	PASS_SCOPED_B05_CONTRIBUTION	"{""id"":""GIR-FD82-A044"",""B05_primary"":false,""original_files"":[""specs/creature-rpg/wp20-hp-status-moves-helditem.md""],""original_clauses"":[""§5.2 背包TR成功追加首招与队伍入口差异""],""sanitized_files"":[""deliverables/final-specification-set/creature-rpg/wp20-hp-status-moves-helditem.md""],""clauses"":[""§5.2 TR逐项追加调用差异"",""§5.3 记录候选消费""],""tables"":[""实际TM57字段TR/CHARGEBEAM，不按名称判""],""test_catalog"":""deliverables/final-specification-set/test-catalog/creature-rpg-wp18-20-24-25-26.md"",""tests"":[""HP-42"",""HP-43""],""original_status"":""原WP20§5.2已同步背包TR与队伍入口记录差异；原UI已正确部分不扩大缺陷结论，B07/B16责任仍保留。"",""B05_original_layer_status"":""MINIMAL_SYNC_PERFORMED_WITHIN_PARENT_AUTHORIZED_CLAUSES_PENDING_ULTRA"",""remaining_contributors"":""B07/WP28/WP30及B16/WP66A仍有贡献/验证责任；原局部正确不等于全跨域已通过。"",""recommended_state"":""OPEN; local B05 v2 contribution only after both Ultra gates"",""file_sha256"":{""specs/creature-rpg/wp20-hp-status-moves-helditem.md"":""2f895be08ae546abbb9f6a4ef465393b57a09a313eebb2674882f1b0f2561c72"",""deliverables/final-specification-set/creature-rpg/wp20-hp-status-moves-helditem.md"":""0427e01e632e758a776b0a87a313e32fcb23fc6e1eb09f1a88e95a57c9cb20e0"",""deliverables/final-specification-set/test-catalog/creature-rpg-wp18-20-24-25-26.md"":""5d21276d65c43465e24863a9e0519692f971e93e1126388474040b6d4c01b585""}}"	HP-42;HP-43	B05-G current layer applied; review/remediation/20261003-prepare/batches/B05/integration-stage-1/finding-registration.json; pending integration Ultra	B07;B16	"{""batch"":""B05"",""remaining_review_work"":""B07/WP30成长消费点；B16/WP66-A边界/统计验收。"",""author_remaining_contributors"":""B07/WP28/WP30及B16/WP66A仍有贡献/验证责任；原局部正确不等于全跨域已通过。"",""all_contributor_batches"":[""B05"",""B07"",""B16""],""other_batch_obligations"":[""B07"",""B16""],""actual_integration"":""pending B05-I on newly frozen integration SHA"",""canonical_closure"":""OPEN; all contributions and final Ultra required""}"	B05_PENDING_R_B05_ULTRA; downstream BLOCKED; no closure
GIR-FD82-C124	OPEN	93e10babe0b9c9ef8b3f5277754541b447beeeb4	P2	1914cd379bcb7c8b6feb13dc3e872b7ded27d9a4	0da269077aa5a02d5cef08021171acf3719e1b69	PASS_SCOPED_B05_CONTRIBUTION	"{""id"":""GIR-FD82-C124"",""B05_primary"":false,""original_files"":[""specs/pokemon-rules/wp19-attributes-ability-and-stats.md""],""original_clauses"":[""既有rawIV／特征消费者合同原字节保留；仅本文件§3.5获准变更；B16 UI责任保留""],""sanitized_files"":[""deliverables/final-specification-set/pokemon-rules/wp19-attributes-ability-and-stats.md""],""clauses"":[""§5.2 原始IV个性消费合同""],""tables"":[""六项环序/最高并列首遇/30含义表""],""test_catalog"":""deliverables/final-specification-set/test-catalog/pokemon-rules-wp19-21-22-23-34.md"",""tests"":[""ST64"",""ST65"",""ST66""],""original_status"":""原/净化WP66A主责任不在B05白名单，原界面缺条款未改；B05提供数据与测试贡献。"",""B05_original_layer_status"":""PREEXISTING_CORRECT_OR_OUTSIDE_BATCH_RESPONSIBILITY_PRESERVED"",""remaining_contributors"":""主责任B16须修WP66A原/净化/界面测试并验证展示门；此贡献不能关闭C124。"",""recommended_state"":""OPEN; local B05 v2 contribution only after both Ultra gates"",""file_sha256"":{""specs/pokemon-rules/wp19-attributes-ability-and-stats.md"":""1bc41ea2313a34bfb900ba15002752689617a2f974ef3f6178d0eb662824607d"",""deliverables/final-specification-set/pokemon-rules/wp19-attributes-ability-and-stats.md"":""1fa10a6a6ad03cbf2c99cccc55a4dacae42f4a251f91e13071b874c269ab1137"",""deliverables/final-specification-set/test-catalog/pokemon-rules-wp19-21-22-23-34.md"":""936d1814ee93ff941a9693f91120068625add136daa2e0e96ab79dd770506543""}}"	ST64;ST65;ST66	B05-G current layer applied; review/remediation/20261003-prepare/batches/B05/integration-stage-1/finding-registration.json; pending integration Ultra	B16	"{""batch"":""B05"",""remaining_review_work"":""B16/WP66-A显示/本地化与UI贡献。"",""author_remaining_contributors"":""主责任B16须修WP66A原/净化/界面测试并验证展示门；此贡献不能关闭C124。"",""all_contributor_batches"":[""B05"",""B16""],""other_batch_obligations"":[""B16""],""actual_integration"":""pending B05-I on newly frozen integration SHA"",""canonical_closure"":""OPEN; all contributions and final Ultra required""}"	B05_PENDING_R_B05_ULTRA; downstream BLOCKED; no closure
GIR-FD82-C126	OPEN	93e10babe0b9c9ef8b3f5277754541b447beeeb4	P2	1914cd379bcb7c8b6feb13dc3e872b7ded27d9a4	0da269077aa5a02d5cef08021171acf3719e1b69	PASS_SCOPED_B05_CONTRIBUTION	"{""id"":""GIR-FD82-C126"",""B05_primary"":false,""original_files"":[""specs/creature-rpg/wp20-hp-status-moves-helditem.md""],""original_clauses"":[""§5.1 零招式模型与直接UI调用边界；B16完整UI责任保留""],""sanitized_files"":[""deliverables/final-specification-set/creature-rpg/wp20-hp-status-moves-helditem.md"",""deliverables/final-specification-set/pokemon-rules/wp21-dynamic-forms-and-display.md""],""clauses"":[""WP20§5.1合法零域及调用失败"",""WP21§4.2 ROTOM零态来源""],""tables"":[""零招式视图/选择/一般学习三入口""],""test_catalog"":""deliverables/final-specification-set/test-catalog/creature-rpg-wp18-20-24-25-26.md"",""tests"":[""HP-44"",""HP-45"",""HP-39""],""original_status"":""原WP20§5.1已补零招式合法模型、展示成功、直接首招读取失败和普通空槽学习成功边界；B16原／净化UI与测试仍待完成。"",""B05_original_layer_status"":""MINIMAL_SYNC_PERFORMED_WITHIN_PARENT_AUTHORIZED_CLAUSES_PENDING_ULTRA"",""remaining_contributors"":""B16须落地正常/零态UI条款与静态UI测试；不增可取消空态、不执行参考或修游戏。"",""recommended_state"":""OPEN; local B05 v2 contribution only after both Ultra gates"",""file_sha256"":{""specs/creature-rpg/wp20-hp-status-moves-helditem.md"":""2f895be08ae546abbb9f6a4ef465393b57a09a313eebb2674882f1b0f2561c72"",""deliverables/final-specification-set/creature-rpg/wp20-hp-status-moves-helditem.md"":""0427e01e632e758a776b0a87a313e32fcb23fc6e1eb09f1a88e95a57c9cb20e0"",""deliverables/final-specification-set/pokemon-rules/wp21-dynamic-forms-and-display.md"":""5d1f03aee8b83046a86f52ae4c1ed701d905e3559676e3a448998c6e216a7a01"",""deliverables/final-specification-set/test-catalog/creature-rpg-wp18-20-24-25-26.md"":""5d21276d65c43465e24863a9e0519692f971e93e1126388474040b6d4c01b585""}}"	HP-44;HP-45;HP-39	B05-G current layer applied; review/remediation/20261003-prepare/batches/B05/integration-stage-1/finding-registration.json; pending integration Ultra	B16	"{""batch"":""B05"",""remaining_review_work"":""B16/WP66-A完整UI入口/失败贡献。"",""author_remaining_contributors"":""B16须落地正常/零态UI条款与静态UI测试；不增可取消空态、不执行参考或修游戏。"",""all_contributor_batches"":[""B05"",""B16""],""other_batch_obligations"":[""B16""],""actual_integration"":""pending B05-I on newly frozen integration SHA"",""canonical_closure"":""OPEN; all contributions and final Ultra required""}"	B05_PENDING_R_B05_ULTRA; downstream BLOCKED; no closure
GIR-FD82-002	OPEN	93e10babe0b9c9ef8b3f5277754541b447beeeb4	P2	3c5728a47142c57abfdf3d55033768bc44a1f627	a69d6e057723cc8f8aec8cac0f868da4e456d0eb	B03_CANDIDATE_PASS_SCOPED	"{""clauses"":""WP11 §5.3；IM 124/231–235、§3.3"",""project_evidence"":[{""repository"":""project"",""commit"":""3c5728a47142c57abfdf3d55033768bc44a1f627"",""path"":""deliverables/final-specification-set/engine-overworld/wp11-map-topology-transfer.md"",""clauses"":""WP11 §5.3；IM 124/231–235、§3.3""},{""repository"":""project"",""commit"":""3c5728a47142c57abfdf3d55033768bc44a1f627"",""path"":""specs/overworld/wp11-map-topology-transfer.md"",""clauses"":""WP11 §5.3；IM 124/231–235、§3.3""},{""repository"":""project"",""commit"":""3c5728a47142c57abfdf3d55033768bc44a1f627"",""path"":""deliverables/final-specification-set/engine-overworld/wp13-interpreter-command-matrix.md"",""clauses"":""WP11 §5.3；IM 124/231–235、§3.3""},{""repository"":""project"",""commit"":""3c5728a47142c57abfdf3d55033768bc44a1f627"",""path"":""specs/overworld/wp13-interpreter-command-matrix.md"",""clauses"":""WP11 §5.3；IM 124/231–235、§3.3""}],""original_sync"":""WP11 §5.3 地点进入门与生命周期；IM 231–235/§2.3 命令输入/业务时钟；124 原行并无错误且不在批准具名行表，不作新增原稿扩围""}"	MP24;MP25;MP26;MP27;IM27;IM28;IM29;IM30;IM31;IM32;IM33;IM34;IM35	B03-G current layer; review/remediation/20261003-prepare/batches/B03/integration-stage-1/finding-registration.json; pending actual integration Ultra	B04;B14;B21	"{""batch"":""B03"",""other_batch_obligations"":[""B04"",""B14"",""B21""],""remaining_scope"":""仅地点10场景及图片/计时器输入/业务状态贡献；34场景全部仍原身份。灯光5、暗图/FLASH6、计时层次T05和图片/计时完整呈现由B04/B14接续。 WP79/B21旧不适用登记更正及A-REG公共状态仍待后续门。"",""actual_integration"":""PENDING_R_B03_ULTRA"",""canonical_closure"":""OPEN; all contributor and final global gates required""}"	B03_PENDING_R_B03_ULTRA; downstream BLOCKED; no closure
GIR-FD82-C003	OPEN	93e10babe0b9c9ef8b3f5277754541b447beeeb4	P2	3c5728a47142c57abfdf3d55033768bc44a1f627	a69d6e057723cc8f8aec8cac0f868da4e456d0eb	B03_CANDIDATE_PASS_SCOPED	"{""clauses"":""WP11 §4；WP12 静态目录；DG §4.1–4.2"",""project_evidence"":[{""repository"":""project"",""commit"":""3c5728a47142c57abfdf3d55033768bc44a1f627"",""path"":""deliverables/final-specification-set/engine-overworld/wp11-map-topology-transfer.md"",""clauses"":""WP11 §4；WP12 静态目录；DG §4.1–4.2""},{""repository"":""project"",""commit"":""3c5728a47142c57abfdf3d55033768bc44a1f627"",""path"":""specs/overworld/wp11-map-topology-transfer.md"",""clauses"":""WP11 §4；WP12 静态目录；DG §4.1–4.2""},{""repository"":""project"",""commit"":""3c5728a47142c57abfdf3d55033768bc44a1f627"",""path"":""deliverables/final-specification-set/engine-overworld/wp12-terrain-movement-vehicles.md"",""clauses"":""WP11 §4；WP12 静态目录；DG §4.1–4.2""},{""repository"":""project"",""commit"":""3c5728a47142c57abfdf3d55033768bc44a1f627"",""path"":""specs/overworld/wp12-terrain-movement-vehicles.md"",""clauses"":""WP11 §4；WP12 静态目录；DG §4.1–4.2""},{""repository"":""project"",""commit"":""3c5728a47142c57abfdf3d55033768bc44a1f627"",""path"":""deliverables/final-specification-set/engine-overworld/wp14-random-dungeons.md"",""clauses"":""WP11 §4；WP12 静态目录；DG §4.1–4.2""},{""repository"":""project"",""commit"":""3c5728a47142c57abfdf3d55033768bc44a1f627"",""path"":""specs/overworld/wp14-random-dungeons.md"",""clauses"":""WP11 §4；WP12 静态目录；DG §4.1–4.2""}],""original_sync"":""§9.2 分离默认/样本与成对输入，静态目录编号沿用；C03 实际有界扩展，不提前闭合其他领域""}"	MV03;DG01;DG23;DG25;MP22;MP23	B03-G current layer; review/remediation/20261003-prepare/batches/B03/integration-stage-1/finding-registration.json; pending actual integration Ultra	B02;B04;B07;B08;B14;B15;B16;B17;B18;B19;B20;B21	"{""batch"":""B03"",""other_batch_obligations"":[""B02"",""B04"",""B07"",""B08"",""B14"",""B15"",""B16"",""B17"",""B18"",""B19"",""B20"",""B21""],""remaining_scope"":""仅C-03地图/移动/地牢扩展；原主报告、全部8扩展及其他批次输入差异仍继承裁决，B02缓存贡献不能替其余范围闭合。"",""actual_integration"":""PENDING_R_B03_ULTRA"",""canonical_closure"":""OPEN; all contributor and final global gates required""}"	B03_PENDING_R_B03_ULTRA; downstream BLOCKED; no closure
GIR-FD82-C007	OPEN	93e10babe0b9c9ef8b3f5277754541b447beeeb4	P2	3c5728a47142c57abfdf3d55033768bc44a1f627	a69d6e057723cc8f8aec8cac0f868da4e456d0eb	B03_CANDIDATE_PASS_SCOPED	"{""clauses"":""MR §1/45/§3"",""project_evidence"":[{""repository"":""project"",""commit"":""3c5728a47142c57abfdf3d55033768bc44a1f627"",""path"":""deliverables/final-specification-set/engine-overworld/wp13-move-route-matrix.md"",""clauses"":""MR §1/45/§3""},{""repository"":""project"",""commit"":""3c5728a47142c57abfdf3d55033768bc44a1f627"",""path"":""specs/overworld/wp13-move-route-matrix.md"",""clauses"":""MR §1/45/§3""}],""original_sync"":""MR §1/15/45/§3 精确行首字面、正常求值后处理与长后缀/非匹配对照""}"	MR08;MR10;MR11;MR12;MR13;MR14;MR15;MR16	B03-G current layer; review/remediation/20261003-prepare/batches/B03/integration-stage-1/finding-registration.json; pending actual integration Ultra	B04;B08;B14;B15;B19;B20;B21	"{""batch"":""B03"",""other_batch_obligations"":[""B04"",""B08"",""B14"",""B15"",""B19"",""B20"",""B21""],""remaining_scope"":""仅路线前缀扩展；120效果/B19、35旧转换/B20、资源/B04、24小时/B14、KYOGRE/B08及18电话/B15继续待审。67树果表仅条件性，不扩成必修。"",""actual_integration"":""PENDING_R_B03_ULTRA"",""canonical_closure"":""OPEN; all contributor and final global gates required""}"	B03_PENDING_R_B03_ULTRA; downstream BLOCKED; no closure
GIR-FD82-C035	OPEN	93e10babe0b9c9ef8b3f5277754541b447beeeb4	P2	3c5728a47142c57abfdf3d55033768bc44a1f627	a69d6e057723cc8f8aec8cac0f868da4e456d0eb	B03_CANDIDATE_PASS_SCOPED	"{""clauses"":""WP12 §5.1"",""project_evidence"":[{""repository"":""project"",""commit"":""3c5728a47142c57abfdf3d55033768bc44a1f627"",""path"":""deliverables/final-specification-set/engine-overworld/wp12-terrain-movement-vehicles.md"",""clauses"":""WP12 §5.1""},{""repository"":""project"",""commit"":""3c5728a47142c57abfdf3d55033768bc44a1f627"",""path"":""specs/overworld/wp12-terrain-movement-vehicles.md"",""clauses"":""WP12 §5.1""}],""original_sync"":""§5.1 原骑行取消谓词方向已正确，保持原子句；同段仅以 C037 校准传送实际消费者""}"	MV42;MV43	B03-G current layer; review/remediation/20261003-prepare/batches/B03/integration-stage-1/finding-registration.json; pending actual integration Ultra		"{""batch"":""B03"",""other_batch_obligations"":[],""remaining_scope"":""本批局部贡献通过；外部整合/公共登记/全局闭合未发生。"",""actual_integration"":""PENDING_R_B03_ULTRA"",""canonical_closure"":""OPEN; all contributor and final global gates required""}"	B03_PENDING_R_B03_ULTRA; downstream BLOCKED; no closure
GIR-FD82-C036	OPEN	93e10babe0b9c9ef8b3f5277754541b447beeeb4	P2	3c5728a47142c57abfdf3d55033768bc44a1f627	a69d6e057723cc8f8aec8cac0f868da4e456d0eb	B03_CANDIDATE_PASS_SCOPED	"{""clauses"":""WP12 §3.2"",""project_evidence"":[{""repository"":""project"",""commit"":""3c5728a47142c57abfdf3d55033768bc44a1f627"",""path"":""deliverables/final-specification-set/engine-overworld/wp12-terrain-movement-vehicles.md"",""clauses"":""WP12 §3.2""},{""repository"":""project"",""commit"":""3c5728a47142c57abfdf3d55033768bc44a1f627"",""path"":""specs/overworld/wp12-terrain-movement-vehicles.md"",""clauses"":""WP12 §3.2""}],""original_sync"":""§3.2 每次判定坐标/非玩家水冰前反向；同图双端保持、单有效层/其他0/无提前许可反例""}"	MV11;MV13;MV44;MV45;MV46;MV47	B03-G current layer; review/remediation/20261003-prepare/batches/B03/integration-stage-1/finding-registration.json; pending actual integration Ultra		"{""batch"":""B03"",""other_batch_obligations"":[],""remaining_scope"":""不把所有同图水陆移动都无条件禁止；玩家、图块事件提前许可及外层碰撞规则原有限定保持。"",""actual_integration"":""PENDING_R_B03_ULTRA"",""canonical_closure"":""OPEN; all contributor and final global gates required""}"	B03_PENDING_R_B03_ULTRA; downstream BLOCKED; no closure
GIR-FD82-C037	OPEN	93e10babe0b9c9ef8b3f5277754541b447beeeb4	P2	3c5728a47142c57abfdf3d55033768bc44a1f627	a69d6e057723cc8f8aec8cac0f868da4e456d0eb	B03_CANDIDATE_PASS_SCOPED	"{""clauses"":""WP11 §4；WP12 §4.2/5.1；IM201"",""project_evidence"":[{""repository"":""project"",""commit"":""3c5728a47142c57abfdf3d55033768bc44a1f627"",""path"":""deliverables/final-specification-set/engine-overworld/wp11-map-topology-transfer.md"",""clauses"":""WP11 §4；WP12 §4.2/5.1；IM201""},{""repository"":""project"",""commit"":""3c5728a47142c57abfdf3d55033768bc44a1f627"",""path"":""specs/overworld/wp11-map-topology-transfer.md"",""clauses"":""WP11 §4；WP12 §4.2/5.1；IM201""},{""repository"":""project"",""commit"":""3c5728a47142c57abfdf3d55033768bc44a1f627"",""path"":""deliverables/final-specification-set/engine-overworld/wp12-terrain-movement-vehicles.md"",""clauses"":""WP11 §4；WP12 §4.2/5.1；IM201""},{""repository"":""project"",""commit"":""3c5728a47142c57abfdf3d55033768bc44a1f627"",""path"":""specs/overworld/wp12-terrain-movement-vehicles.md"",""clauses"":""WP11 §4；WP12 §4.2/5.1；IM201""},{""repository"":""project"",""commit"":""3c5728a47142c57abfdf3d55033768bc44a1f627"",""path"":""deliverables/final-specification-set/engine-overworld/wp13-interpreter-command-matrix.md"",""clauses"":""WP11 §4；WP12 §4.2/5.1；IM201""},{""repository"":""project"",""commit"":""3c5728a47142c57abfdf3d55033768bc44a1f627"",""path"":""specs/overworld/wp13-interpreter-command-matrix.md"",""clauses"":""WP11 §4；WP12 §4.2/5.1；IM201""}],""original_sync"":""WP11 §4/9.2 同图共有前置；WP12 §4.2/5.1；IM201 排队、主/迷你两个 false 与直接 true 默认分列""}"	MP05;MP20;MP21;MV36	B03-G current layer; review/remediation/20261003-prepare/batches/B03/integration-stage-1/finding-registration.json; pending actual integration Ultra		"{""batch"":""B03"",""other_batch_obligations"":[],""remaining_scope"":""保留骑行目的地独立门、失败分阶段和B01/B02已有边界，不证明完整传送可达。"",""actual_integration"":""PENDING_R_B03_ULTRA"",""canonical_closure"":""OPEN; all contributor and final global gates required""}"	B03_PENDING_R_B03_ULTRA; downstream BLOCKED; no closure
GIR-FD82-C038	OPEN	93e10babe0b9c9ef8b3f5277754541b447beeeb4	P2	3c5728a47142c57abfdf3d55033768bc44a1f627	a69d6e057723cc8f8aec8cac0f868da4e456d0eb	B03_CANDIDATE_PASS_SCOPED	"{""clauses"":""IM分类/314；EV空操作；目录IM01"",""project_evidence"":[{""repository"":""project"",""commit"":""3c5728a47142c57abfdf3d55033768bc44a1f627"",""path"":""deliverables/final-specification-set/engine-overworld/wp13-interpreter-command-matrix.md"",""clauses"":""IM分类/314；EV空操作；目录IM01""},{""repository"":""project"",""commit"":""3c5728a47142c57abfdf3d55033768bc44a1f627"",""path"":""specs/overworld/wp13-interpreter-command-matrix.md"",""clauses"":""IM分类/314；EV空操作；目录IM01""},{""repository"":""project"",""commit"":""3c5728a47142c57abfdf3d55033768bc44a1f627"",""path"":""deliverables/final-specification-set/engine-overworld/wp13-map-events-npc-followers.md"",""clauses"":""IM分类/314；EV空操作；目录IM01""},{""repository"":""project"",""commit"":""3c5728a47142c57abfdf3d55033768bc44a1f627"",""path"":""specs/overworld/wp13-map-events-npc-followers.md"",""clauses"":""IM分类/314；EV空操作；目录IM01""}],""original_sync"":""原314非空操作及28/2/66、原主文空操作集合已正确，逐字保护，无新增原稿机制""}"	IM01;IM09;EV20	B03-G current layer; review/remediation/20261003-prepare/batches/B03/integration-stage-1/finding-registration.json; pending actual integration Ultra		"{""batch"":""B03"",""other_batch_obligations"":[],""remaining_scope"":""未由96入口计数推断全部参数分支有效。"",""actual_integration"":""PENDING_R_B03_ULTRA"",""canonical_closure"":""OPEN; all contributor and final global gates required""}"	B03_PENDING_R_B03_ULTRA; downstream BLOCKED; no closure
GIR-FD82-C039	OPEN	93e10babe0b9c9ef8b3f5277754541b447beeeb4	P2	3c5728a47142c57abfdf3d55033768bc44a1f627	a69d6e057723cc8f8aec8cac0f868da4e456d0eb	B03_CANDIDATE_PASS_SCOPED	"{""clauses"":""IM101/413、§3.1；EV §5"",""project_evidence"":[{""repository"":""project"",""commit"":""3c5728a47142c57abfdf3d55033768bc44a1f627"",""path"":""deliverables/final-specification-set/engine-overworld/wp13-interpreter-command-matrix.md"",""clauses"":""IM101/413、§3.1；EV §5""},{""repository"":""project"",""commit"":""3c5728a47142c57abfdf3d55033768bc44a1f627"",""path"":""specs/overworld/wp13-interpreter-command-matrix.md"",""clauses"":""IM101/413、§3.1；EV §5""},{""repository"":""project"",""commit"":""3c5728a47142c57abfdf3d55033768bc44a1f627"",""path"":""deliverables/final-specification-set/engine-overworld/wp13-map-events-npc-followers.md"",""clauses"":""IM101/413、§3.1；EV §5""},{""repository"":""project"",""commit"":""3c5728a47142c57abfdf3d55033768bc44a1f627"",""path"":""specs/overworld/wp13-map-events-npc-followers.md"",""clauses"":""IM101/413、§3.1；EV §5""}],""original_sync"":""IM101/413/§2.1，主文§5：112缩进0→101缩进1→413缩进0→0，预读在显示/置等待之前失败；正常路径反例不扩大成所有循环失败""}"	IM13;IM14;IM15	B03-G current layer; review/remediation/20261003-prepare/batches/B03/integration-stage-1/finding-registration.json; pending actual integration Ultra		"{""batch"":""B03"",""other_batch_obligations"":[],""remaining_scope"":""异常呈现宿主未知；不扩大为所有循环/消息失败，不改参考。"",""actual_integration"":""PENDING_R_B03_ULTRA"",""canonical_closure"":""OPEN; all contributor and final global gates required""}"	B03_PENDING_R_B03_ULTRA; downstream BLOCKED; no closure
GIR-FD82-C040	OPEN	93e10babe0b9c9ef8b3f5277754541b447beeeb4	P2	3c5728a47142c57abfdf3d55033768bc44a1f627	a69d6e057723cc8f8aec8cac0f868da4e456d0eb	B03_CANDIDATE_PASS_SCOPED	"{""clauses"":""IM111/411；EV §5"",""project_evidence"":[{""repository"":""project"",""commit"":""3c5728a47142c57abfdf3d55033768bc44a1f627"",""path"":""deliverables/final-specification-set/engine-overworld/wp13-interpreter-command-matrix.md"",""clauses"":""IM111/411；EV §5""},{""repository"":""project"",""commit"":""3c5728a47142c57abfdf3d55033768bc44a1f627"",""path"":""specs/overworld/wp13-interpreter-command-matrix.md"",""clauses"":""IM111/411；EV §5""},{""repository"":""project"",""commit"":""3c5728a47142c57abfdf3d55033768bc44a1f627"",""path"":""deliverables/final-specification-set/engine-overworld/wp13-map-events-npc-followers.md"",""clauses"":""IM111/411；EV §5""},{""repository"":""project"",""commit"":""3c5728a47142c57abfdf3d55033768bc44a1f627"",""path"":""specs/overworld/wp13-map-events-npc-followers.md"",""clauses"":""IM111/411；EV §5""}],""original_sync"":""IM111/411；主文§5：nil两支均跳、严格false Else、真值Then，原脚本值不二值化""}"	IM16;IM17;IM18	B03-G current layer; review/remediation/20261003-prepare/batches/B03/integration-stage-1/finding-registration.json; pending actual integration Ultra		"{""batch"":""B03"",""other_batch_obligations"":[],""remaining_scope"":""不执行脚本表达式，不给Ruby解释器新实现。"",""actual_integration"":""PENDING_R_B03_ULTRA"",""canonical_closure"":""OPEN; all contributor and final global gates required""}"	B03_PENDING_R_B03_ULTRA; downstream BLOCKED; no closure
GIR-FD82-C041	OPEN	93e10babe0b9c9ef8b3f5277754541b447beeeb4	P2	3c5728a47142c57abfdf3d55033768bc44a1f627	a69d6e057723cc8f8aec8cac0f868da4e456d0eb	B03_CANDIDATE_PASS_SCOPED	"{""clauses"":""IM106；MR15/§1；EV §4.1"",""project_evidence"":[{""repository"":""project"",""commit"":""3c5728a47142c57abfdf3d55033768bc44a1f627"",""path"":""deliverables/final-specification-set/engine-overworld/wp13-interpreter-command-matrix.md"",""clauses"":""IM106；MR15/§1；EV §4.1""},{""repository"":""project"",""commit"":""3c5728a47142c57abfdf3d55033768bc44a1f627"",""path"":""specs/overworld/wp13-interpreter-command-matrix.md"",""clauses"":""IM106；MR15/§1；EV §4.1""},{""repository"":""project"",""commit"":""3c5728a47142c57abfdf3d55033768bc44a1f627"",""path"":""deliverables/final-specification-set/engine-overworld/wp13-map-events-npc-followers.md"",""clauses"":""IM106；MR15/§1；EV §4.1""},{""repository"":""project"",""commit"":""3c5728a47142c57abfdf3d55033768bc44a1f627"",""path"":""specs/overworld/wp13-map-events-npc-followers.md"",""clauses"":""IM106；MR15/§1；EV §4.1""},{""repository"":""project"",""commit"":""3c5728a47142c57abfdf3d55033768bc44a1f627"",""path"":""deliverables/final-specification-set/engine-overworld/wp13-move-route-matrix.md"",""clauses"":""IM106；MR15/§1；EV §4.1""},{""repository"":""project"",""commit"":""3c5728a47142c57abfdf3d55033768bc44a1f627"",""path"":""specs/overworld/wp13-move-route-matrix.md"",""clauses"":""IM106；MR15/§1；EV §4.1""}],""original_sync"":""IM106、主文§4.1、MR15/§1：n/20秒、0/1/20；路线0时长仍结束本次分派""}"	IM19;IM20;MR17	B03-G current layer; review/remediation/20261003-prepare/batches/B03/integration-stage-1/finding-registration.json; pending actual integration Ultra		"{""batch"":""B03"",""other_batch_obligations"":[],""remaining_scope"":""无固定帧率或运行手感主张。"",""actual_integration"":""PENDING_R_B03_ULTRA"",""canonical_closure"":""OPEN; all contributor and final global gates required""}"	B03_PENDING_R_B03_ULTRA; downstream BLOCKED; no closure
GIR-FD82-C042	OPEN	93e10babe0b9c9ef8b3f5277754541b447beeeb4	P2	3c5728a47142c57abfdf3d55033768bc44a1f627	a69d6e057723cc8f8aec8cac0f868da4e456d0eb	B03_CANDIDATE_PASS_SCOPED	"{""clauses"":""IM251"",""project_evidence"":[{""repository"":""project"",""commit"":""3c5728a47142c57abfdf3d55033768bc44a1f627"",""path"":""deliverables/final-specification-set/engine-overworld/wp13-interpreter-command-matrix.md"",""clauses"":""IM251""},{""repository"":""project"",""commit"":""3c5728a47142c57abfdf3d55033768bc44a1f627"",""path"":""specs/overworld/wp13-interpreter-command-matrix.md"",""clauses"":""IM251""}],""original_sync"":""IM251：参数名不消费、无名停止；宿主多通道输出仍具名未知""}"	IM26	B03-G current layer; review/remediation/20261003-prepare/batches/B03/integration-stage-1/finding-registration.json; pending actual integration Ultra		"{""batch"":""B03"",""other_batch_obligations"":[],""remaining_scope"":""宿主多SE通道最终停止结果具名未知，未升级成已观测全通道效果。"",""actual_integration"":""PENDING_R_B03_ULTRA"",""canonical_closure"":""OPEN; all contributor and final global gates required""}"	B03_PENDING_R_B03_ULTRA; downstream BLOCKED; no closure
GIR-FD82-C043	OPEN	93e10babe0b9c9ef8b3f5277754541b447beeeb4	P2	3c5728a47142c57abfdf3d55033768bc44a1f627	a69d6e057723cc8f8aec8cac0f868da4e456d0eb	B03_CANDIDATE_PASS_SCOPED	"{""clauses"":""DG §4.2"",""project_evidence"":[{""repository"":""project"",""commit"":""3c5728a47142c57abfdf3d55033768bc44a1f627"",""path"":""deliverables/final-specification-set/engine-overworld/wp14-random-dungeons.md"",""clauses"":""DG §4.2""},{""repository"":""project"",""commit"":""3c5728a47142c57abfdf3d55033768bc44a1f627"",""path"":""specs/overworld/wp14-random-dungeons.md"",""clauses"":""DG §4.2""}],""original_sync"":""§4.2/9.2：A→B/B→A 两记录不放回抽样、数量不足取全部；两方向抽中只增加同一无向边""}"	DG08	B03-G current layer; review/remediation/20261003-prepare/batches/B03/integration-stage-1/finding-registration.json; pending actual integration Ultra		"{""batch"":""B03"",""other_batch_obligations"":[],""remaining_scope"":""不执行迷宫或求种子；请求数与不同边数分离。"",""actual_integration"":""PENDING_R_B03_ULTRA"",""canonical_closure"":""OPEN; all contributor and final global gates required""}"	B03_PENDING_R_B03_ULTRA; downstream BLOCKED; no closure
GIR-FD82-C044	OPEN	93e10babe0b9c9ef8b3f5277754541b447beeeb4	P2	3c5728a47142c57abfdf3d55033768bc44a1f627	a69d6e057723cc8f8aec8cac0f868da4e456d0eb	B03_CANDIDATE_PASS_SCOPED	"{""clauses"":""DG §4.2/8"",""project_evidence"":[{""repository"":""project"",""commit"":""3c5728a47142c57abfdf3d55033768bc44a1f627"",""path"":""deliverables/final-specification-set/engine-overworld/wp14-random-dungeons.md"",""clauses"":""DG §4.2/8""},{""repository"":""project"",""commit"":""3c5728a47142c57abfdf3d55033768bc44a1f627"",""path"":""specs/overworld/wp14-random-dungeons.md"",""clauses"":""DG §4.2/8""}],""original_sync"":""§4.2/8/9.2：空可访问集合起点读取失败先于房间派生/fallback；种子已消费、地图未重写""}"	DG26;DG27;DG28	B03-G current layer; review/remediation/20261003-prepare/batches/B03/integration-stage-1/finding-registration.json; pending actual integration Ultra		"{""batch"":""B03"",""other_batch_obligations"":[],""remaining_scope"":""不以缺地图证明生成异常必然实际发生。"",""actual_integration"":""PENDING_R_B03_ULTRA"",""canonical_closure"":""OPEN; all contributor and final global gates required""}"	B03_PENDING_R_B03_ULTRA; downstream BLOCKED; no closure
GIR-FD82-C045	OPEN	93e10babe0b9c9ef8b3f5277754541b447beeeb4	P2	3c5728a47142c57abfdf3d55033768bc44a1f627	a69d6e057723cc8f8aec8cac0f868da4e456d0eb	B03_CANDIDATE_PASS_SCOPED	"{""clauses"":""DG §4.2/4.4/6.1/8"",""project_evidence"":[{""repository"":""project"",""commit"":""3c5728a47142c57abfdf3d55033768bc44a1f627"",""path"":""deliverables/final-specification-set/engine-overworld/wp14-random-dungeons.md"",""clauses"":""DG §4.2/4.4/6.1/8""},{""repository"":""project"",""commit"":""3c5728a47142c57abfdf3d55033768bc44a1f627"",""path"":""specs/overworld/wp14-random-dungeons.md"",""clauses"":""DG §4.2/4.4/6.1/8""}],""original_sync"":""§4.2/4.4/6.1/8/9.2：初次小区/零房间地面不登记候选；重绘不清旧矩形、摆放不查当前地形；仅条件向量不编真实seed""}"	DG02;DG07;DG28;DG29	B03-G current layer; review/remediation/20261003-prepare/batches/B03/integration-stage-1/finding-registration.json; pending actual integration Ultra		"{""batch"":""B03"",""other_batch_obligations"":[],""remaining_scope"":""保留100轮事件失败异常、仅玩家连续失败静默与最后一轮标记；候选与地面不等价。"",""actual_integration"":""PENDING_R_B03_ULTRA"",""canonical_closure"":""OPEN; all contributor and final global gates required""}"	B03_PENDING_R_B03_ULTRA; downstream BLOCKED; no closure
GIR-FD82-C046	OPEN	93e10babe0b9c9ef8b3f5277754541b447beeeb4	P2	3c5728a47142c57abfdf3d55033768bc44a1f627	a69d6e057723cc8f8aec8cac0f868da4e456d0eb	B03_CANDIDATE_PASS_SCOPED	"{""clauses"":""DG §6.1"",""project_evidence"":[{""repository"":""project"",""commit"":""3c5728a47142c57abfdf3d55033768bc44a1f627"",""path"":""deliverables/final-specification-set/engine-overworld/wp14-random-dungeons.md"",""clauses"":""DG §6.1""},{""repository"":""project"",""commit"":""3c5728a47142c57abfdf3d55033768bc44a1f627"",""path"":""specs/overworld/wp14-random-dungeons.md"",""clauses"":""DG §6.1""}],""original_sync"":""§6.1/9.2：max两轴差>=2，横隔2正例/对角相邻反例及多格占格对；尺寸/偏移/1000尝试保留""}"	DG11;DG30;DG31	B03-G current layer; review/remediation/20261003-prepare/batches/B03/integration-stage-1/finding-registration.json; pending actual integration Ultra		"{""batch"":""B03"",""other_batch_obligations"":[],""remaining_scope"":""不是两轴各自≥2，也不是只比较角色锚点。"",""actual_integration"":""PENDING_R_B03_ULTRA"",""canonical_closure"":""OPEN; all contributor and final global gates required""}"	B03_PENDING_R_B03_ULTRA; downstream BLOCKED; no closure
GIR-FD82-C047	OPEN	93e10babe0b9c9ef8b3f5277754541b447beeeb4	P2	3c5728a47142c57abfdf3d55033768bc44a1f627	a69d6e057723cc8f8aec8cac0f868da4e456d0eb	B03_CANDIDATE_PASS_SCOPED	"{""clauses"":""DG §4.5/8"",""project_evidence"":[{""repository"":""project"",""commit"":""3c5728a47142c57abfdf3d55033768bc44a1f627"",""path"":""deliverables/final-specification-set/engine-overworld/wp14-random-dungeons.md"",""clauses"":""DG §4.5/8""},{""repository"":""project"",""commit"":""3c5728a47142c57abfdf3d55033768bc44a1f627"",""path"":""specs/overworld/wp14-random-dungeons.md"",""clauses"":""DG §4.5/8""}],""original_sync"":""§4.5/8/9.2：四零密度非空映射/前阶段通过时各自除零，映射缺席只跳该项；播种后/原图改写与摆放前失败""}"	DG32;DG33	B03-G current layer; review/remediation/20261003-prepare/batches/B03/integration-stage-1/finding-registration.json; pending actual integration Ultra		"{""batch"":""B03"",""other_batch_obligations"":[],""remaining_scope"":""不与概率0混淆，前项可能更早失败；没有执行编译或生成器。"",""actual_integration"":""PENDING_R_B03_ULTRA"",""canonical_closure"":""OPEN; all contributor and final global gates required""}"	B03_PENDING_R_B03_ULTRA; downstream BLOCKED; no closure
GIR-FD82-C048	OPEN	93e10babe0b9c9ef8b3f5277754541b447beeeb4	P2	3c5728a47142c57abfdf3d55033768bc44a1f627	a69d6e057723cc8f8aec8cac0f868da4e456d0eb	B03_CANDIDATE_PASS_SCOPED	"{""clauses"":""DG §4.1–4.5/5.1–5.2"",""project_evidence"":[{""repository"":""project"",""commit"":""3c5728a47142c57abfdf3d55033768bc44a1f627"",""path"":""deliverables/final-specification-set/engine-overworld/wp14-random-dungeons.md"",""clauses"":""DG §4.1–4.5/5.1–5.2""},{""repository"":""project"",""commit"":""3c5728a47142c57abfdf3d55033768bc44a1f627"",""path"":""specs/overworld/wp14-random-dungeons.md"",""clauses"":""DG §4.1–4.5/5.1–5.2""}],""original_sync"":""§3.5/4/5/9.2：九图样、房间通道几何、独立256墙/自动邻接与四组编号表引用同批净化合同、四装饰次数/抽样域/零密度；概要 wall_top 层索引2明确第三图块层，同批最终WP14单句及DG43同步""}"	DG01;DG23;DG24;DG25;DG34;DG35;DG36;DG37;DG38;DG39;DG40;DG41;DG42;DG43	B03-G current layer; review/remediation/20261003-prepare/batches/B03/integration-stage-1/finding-registration.json; pending actual integration Ultra		"{""batch"":""B03"",""other_batch_obligations"":[],""remaining_scope"":""固定表值人工静态逐组对照，未执行235向量/数组消费者/生成或模拟；不要求复制源码架构。"",""actual_integration"":""PENDING_R_B03_ULTRA"",""canonical_closure"":""OPEN; all contributor and final global gates required""}"	B03_PENDING_R_B03_ULTRA; downstream BLOCKED; no closure
GIR-FD82-C049	OPEN	93e10babe0b9c9ef8b3f5277754541b447beeeb4	P2	3c5728a47142c57abfdf3d55033768bc44a1f627	a69d6e057723cc8f8aec8cac0f868da4e456d0eb	B03_CANDIDATE_PASS_SCOPED	"{""clauses"":""WP12 §4.3；EV §6.1；MR §3"",""project_evidence"":[{""repository"":""project"",""commit"":""3c5728a47142c57abfdf3d55033768bc44a1f627"",""path"":""deliverables/final-specification-set/engine-overworld/wp12-terrain-movement-vehicles.md"",""clauses"":""WP12 §4.3；EV §6.1；MR §3""},{""repository"":""project"",""commit"":""3c5728a47142c57abfdf3d55033768bc44a1f627"",""path"":""specs/overworld/wp12-terrain-movement-vehicles.md"",""clauses"":""WP12 §4.3；EV §6.1；MR §3""},{""repository"":""project"",""commit"":""3c5728a47142c57abfdf3d55033768bc44a1f627"",""path"":""deliverables/final-specification-set/engine-overworld/wp13-map-events-npc-followers.md"",""clauses"":""WP12 §4.3；EV §6.1；MR §3""},{""repository"":""project"",""commit"":""3c5728a47142c57abfdf3d55033768bc44a1f627"",""path"":""specs/overworld/wp13-map-events-npc-followers.md"",""clauses"":""WP12 §4.3；EV §6.1；MR §3""},{""repository"":""project"",""commit"":""3c5728a47142c57abfdf3d55033768bc44a1f627"",""path"":""deliverables/final-specification-set/engine-overworld/wp13-move-route-matrix.md"",""clauses"":""WP12 §4.3；EV §6.1；MR §3""},{""repository"":""project"",""commit"":""3c5728a47142c57abfdf3d55033768bc44a1f627"",""path"":""specs/overworld/wp13-move-route-matrix.md"",""clauses"":""WP12 §4.3；EV §6.1；MR §3""}],""original_sync"":""WP12§4.3；WP13§6.1与MR§3转引独立占格/固定对角/NPC中心轴、失败另轴与自主比例合同""}"	MV57;MV58;MV59;MV60;MV61;MV62;MV63	B03-G current layer; review/remediation/20261003-prepare/batches/B03/integration-stage-1/finding-registration.json; pending actual integration Ultra		"{""batch"":""B03"",""other_batch_obligations"":[],""remaining_scope"":""不是任选L形或寻路保证；更新资格/锁定/频率仍由事件合同限制。"",""actual_integration"":""PENDING_R_B03_ULTRA"",""canonical_closure"":""OPEN; all contributor and final global gates required""}"	B03_PENDING_R_B03_ULTRA; downstream BLOCKED; no closure
GIR-FD82-C050	OPEN	93e10babe0b9c9ef8b3f5277754541b447beeeb4	P2	3c5728a47142c57abfdf3d55033768bc44a1f627	a69d6e057723cc8f8aec8cac0f868da4e456d0eb	B03_CANDIDATE_PASS_SCOPED	"{""clauses"":""WP12 §4.2/8"",""project_evidence"":[{""repository"":""project"",""commit"":""3c5728a47142c57abfdf3d55033768bc44a1f627"",""path"":""deliverables/final-specification-set/engine-overworld/wp12-terrain-movement-vehicles.md"",""clauses"":""WP12 §4.2/8""},{""repository"":""project"",""commit"":""3c5728a47142c57abfdf3d55033768bc44a1f627"",""path"":""specs/overworld/wp12-terrain-movement-vehicles.md"",""clauses"":""WP12 §4.2/8""}],""original_sync"":""§4.2状态表/8：仍在冰但前方受阻退出冰滑，恢复walk_anime、不清through；调试/离冰反例""}"	MV48;MV49;MV50	B03-G current layer; review/remediation/20261003-prepare/batches/B03/integration-stage-1/finding-registration.json; pending actual integration Ultra		"{""batch"":""B03"",""other_batch_obligations"":[],""remaining_scope"":""不把through/调试提前许可混入受阻前提。"",""actual_integration"":""PENDING_R_B03_ULTRA"",""canonical_closure"":""OPEN; all contributor and final global gates required""}"	B03_PENDING_R_B03_ULTRA; downstream BLOCKED; no closure
GIR-FD82-C051	OPEN	93e10babe0b9c9ef8b3f5277754541b447beeeb4	P2	3c5728a47142c57abfdf3d55033768bc44a1f627	a69d6e057723cc8f8aec8cac0f868da4e456d0eb	B03_CANDIDATE_PASS_SCOPED	"{""clauses"":""EV §6.3"",""project_evidence"":[{""repository"":""project"",""commit"":""3c5728a47142c57abfdf3d55033768bc44a1f627"",""path"":""deliverables/final-specification-set/engine-overworld/wp13-map-events-npc-followers.md"",""clauses"":""EV §6.3""},{""repository"":""project"",""commit"":""3c5728a47142c57abfdf3d55033768bc44a1f627"",""path"":""specs/overworld/wp13-map-events-npc-followers.md"",""clauses"":""EV §6.3""}],""original_sync"":""§6.3/9.2：门入快照链、仅隐藏/出门持久位置、through包装/WAIT0/未消费waitComplete/编译210静态消费者；B20主责接口保持未闭合""}"	EV36;EV37;EV38;EV39	B03-G current layer; review/remediation/20261003-prepare/batches/B03/integration-stage-1/finding-registration.json; pending actual integration Ultra	B20	"{""batch"":""B03"",""other_batch_obligations"":[""B20""],""remaining_scope"":""B03静态消费者贡献；B20编译领域主责、真实门Demo链0及所有资格未知仍保持。"",""actual_integration"":""PENDING_R_B03_ULTRA"",""canonical_closure"":""OPEN; all contributor and final global gates required""}"	B03_PENDING_R_B03_ULTRA; downstream BLOCKED; no closure
GIR-FD82-C052	OPEN	93e10babe0b9c9ef8b3f5277754541b447beeeb4	P2	3c5728a47142c57abfdf3d55033768bc44a1f627	a69d6e057723cc8f8aec8cac0f868da4e456d0eb	B03_CANDIDATE_PASS_SCOPED	"{""clauses"":""WP11 §4；WP12跨界引用"",""project_evidence"":[{""repository"":""project"",""commit"":""3c5728a47142c57abfdf3d55033768bc44a1f627"",""path"":""deliverables/final-specification-set/engine-overworld/wp11-map-topology-transfer.md"",""clauses"":""WP11 §4；WP12跨界引用""},{""repository"":""project"",""commit"":""3c5728a47142c57abfdf3d55033768bc44a1f627"",""path"":""specs/overworld/wp11-map-topology-transfer.md"",""clauses"":""WP11 §4；WP12跨界引用""},{""repository"":""project"",""commit"":""3c5728a47142c57abfdf3d55033768bc44a1f627"",""path"":""deliverables/final-specification-set/engine-overworld/wp12-terrain-movement-vehicles.md"",""clauses"":""WP11 §4；WP12跨界引用""},{""repository"":""project"",""commit"":""3c5728a47142c57abfdf3d55033768bc44a1f627"",""path"":""specs/overworld/wp12-terrain-movement-vehicles.md"",""clauses"":""WP11 §4；WP12跨界引用""}],""original_sync"":""WP11§4/9.2与WP12静态引用：跨界有效目标、方向0及全向/碰撞门；源前向/目标反向不查，同图双端反例仍拒绝""}"	MP16;MP17;MP18;MP19;MV29;MV30	B03-G current layer; review/remediation/20261003-prepare/batches/B03/integration-stage-1/finding-registration.json; pending actual integration Ultra		"{""batch"":""B03"",""other_batch_obligations"":[],""remaining_scope"":""不等同任意全图可穿越；方向0仍非跳过全部守卫。"",""actual_integration"":""PENDING_R_B03_ULTRA"",""canonical_closure"":""OPEN; all contributor and final global gates required""}"	B03_PENDING_R_B03_ULTRA; downstream BLOCKED; no closure
GIR-FD82-C053	OPEN	93e10babe0b9c9ef8b3f5277754541b447beeeb4	P2	3c5728a47142c57abfdf3d55033768bc44a1f627	a69d6e057723cc8f8aec8cac0f868da4e456d0eb	B03_CANDIDATE_PASS_SCOPED	"{""clauses"":""IM102/402/403；净化矩阵§3.2、原矩阵§2.2；EV§5"",""project_evidence"":[{""repository"":""project"",""commit"":""3c5728a47142c57abfdf3d55033768bc44a1f627"",""path"":""deliverables/final-specification-set/engine-overworld/wp13-interpreter-command-matrix.md"",""clauses"":""IM102/402/403；净化矩阵§3.2、原矩阵§2.2；EV§5"",""lines"":""126–134""},{""repository"":""project"",""commit"":""3c5728a47142c57abfdf3d55033768bc44a1f627"",""path"":""specs/overworld/wp13-interpreter-command-matrix.md"",""clauses"":""IM102/402/403；净化矩阵§3.2、原矩阵§2.2；EV§5"",""lines"":""126–134""},{""repository"":""project"",""commit"":""3c5728a47142c57abfdf3d55033768bc44a1f627"",""path"":""deliverables/final-specification-set/engine-overworld/wp13-map-events-npc-followers.md"",""clauses"":""IM102/402/403；净化矩阵§3.2、原矩阵§2.2；EV§5"",""lines"":""83""},{""repository"":""project"",""commit"":""3c5728a47142c57abfdf3d55033768bc44a1f627"",""path"":""specs/overworld/wp13-map-events-npc-followers.md"",""clauses"":""IM102/402/403；净化矩阵§3.2、原矩阵§2.2；EV§5"",""lines"":""107""}],""original_sync"":""IM102/§2.2、主文§5：同缩进组102删除/404保留、后402编号偏移、取消0/1–4/5、改名隐藏原身份一次清空""}"	IM21;IM22;IM23;IM24;IM25;IM36;IM37;IM38;IM39;IM40;IM41	B03-G current layer; review/remediation/20261003-prepare/batches/B03/integration-stage-1/finding-registration.json; pending actual integration Ultra	B04	"{""batch"":""B03"",""other_batch_obligations"":[""B04""],""remaining_scope"":""WP17窗口本体/键输入与绘制归B04；宿主及Demo事件可达性未知保留。该局部PASS不关闭全局C053，实际integration与公开状态另核。"",""actual_integration"":""PENDING_R_B03_ULTRA"",""canonical_closure"":""OPEN; all contributor and final global gates required""}"	B03_PENDING_R_B03_ULTRA; downstream BLOCKED; no closure
GIR-FD82-C054	OPEN	93e10babe0b9c9ef8b3f5277754541b447beeeb4	P2	3c5728a47142c57abfdf3d55033768bc44a1f627	a69d6e057723cc8f8aec8cac0f868da4e456d0eb	B03_CANDIDATE_PASS_SCOPED	"{""clauses"":""WP12 §4.1（三分支）"",""project_evidence"":[{""repository"":""project"",""commit"":""3c5728a47142c57abfdf3d55033768bc44a1f627"",""path"":""deliverables/final-specification-set/engine-overworld/wp12-terrain-movement-vehicles.md"",""clauses"":""WP12 §4.1（三分支）""},{""repository"":""project"",""commit"":""3c5728a47142c57abfdf3d55033768bc44a1f627"",""path"":""specs/overworld/wp12-terrain-movement-vehicles.md"",""clauses"":""WP12 §4.1（三分支）""}],""original_sync"":""§4.1/4.3：上一帧移动或同向>=0.075，方向0/四阻塞门/自动强制优先；末端触发与队列竞争分阶段""}"	MV51;MV52;MV53;MV54	B03-G current layer; review/remediation/20261003-prepare/batches/B03/integration-stage-1/finding-registration.json; pending actual integration Ultra		"{""batch"":""B03"",""other_batch_obligations"":[],""remaining_scope"":""原C054三方向分支及MV51–54继续通过。末端新增段由R-B03-001/002独立复核并在新候选通过，不能反改第一轮结论；宿主菜单/插件呈现与实际integration未证明。"",""actual_integration"":""PENDING_R_B03_ULTRA"",""canonical_closure"":""OPEN; all contributor and final global gates required""}"	B03_PENDING_R_B03_ULTRA; downstream BLOCKED; no closure
GIR-FD82-C067	OPEN	93e10babe0b9c9ef8b3f5277754541b447beeeb4	P2	3c5728a47142c57abfdf3d55033768bc44a1f627	a69d6e057723cc8f8aec8cac0f868da4e456d0eb	B03_CANDIDATE_PASS_SCOPED	"{""clauses"":""IM205/206/223/234、§3.3"",""project_evidence"":[{""repository"":""project"",""commit"":""3c5728a47142c57abfdf3d55033768bc44a1f627"",""path"":""deliverables/final-specification-set/engine-overworld/wp13-interpreter-command-matrix.md"",""clauses"":""IM205/206/223/234、§3.3""},{""repository"":""project"",""commit"":""3c5728a47142c57abfdf3d55033768bc44a1f627"",""path"":""specs/overworld/wp13-interpreter-command-matrix.md"",""clauses"":""IM205/206/223/234、§3.3""}],""original_sync"":""IM205/206/223/234/§2.3：游戏时钟n/20，零时长只改当前、不清旧任务，旧值回落正反对照；B04显示四入口仍待补""}"	IM27;IM28;IM29	B03-G current layer; review/remediation/20261003-prepare/batches/B03/integration-stage-1/finding-registration.json; pending actual integration Ultra	B04	"{""batch"":""B03"",""other_batch_obligations"":[""B04""],""remaining_scope"":""仅B03命令输入/业务状态，B04显示主文与四入口完整目录仍待补；不与root002根覆盖重复计根因。"",""actual_integration"":""PENDING_R_B03_ULTRA"",""canonical_closure"":""OPEN; all contributor and final global gates required""}"	B03_PENDING_R_B03_ULTRA; downstream BLOCKED; no closure
GIR-FD82-C094	OPEN	93e10babe0b9c9ef8b3f5277754541b447beeeb4	P2	3c5728a47142c57abfdf3d55033768bc44a1f627	a69d6e057723cc8f8aec8cac0f868da4e456d0eb	B03_CANDIDATE_PASS_SCOPED	"{""clauses"":""WP11 §4天气观察点"",""project_evidence"":[{""repository"":""project"",""commit"":""3c5728a47142c57abfdf3d55033768bc44a1f627"",""path"":""deliverables/final-specification-set/engine-overworld/wp11-map-topology-transfer.md"",""clauses"":""WP11 §4天气观察点""},{""repository"":""project"",""commit"":""3c5728a47142c57abfdf3d55033768bc44a1f627"",""path"":""specs/overworld/wp11-map-topology-transfer.md"",""clauses"":""WP11 §4天气观察点""}],""original_sync"":""WP11§4/9.2天气进入后写20，原20行逐字保留、非20秒/类型差异/已有渐变门；WP12静态引用；B14WT07完整流程待补""}"	MP22;MP23	B03-G current layer; review/remediation/20261003-prepare/batches/B03/integration-stage-1/finding-registration.json; pending actual integration Ultra	B14	"{""batch"":""B03"",""other_batch_obligations"":[""B14""],""remaining_scope"":""仅B03跨界贡献；B14天气正文/WT07仍不足且保持未改，20不当20秒或画面即变。"",""actual_integration"":""PENDING_R_B03_ULTRA"",""canonical_closure"":""OPEN; all contributor and final global gates required""}"	B03_PENDING_R_B03_ULTRA; downstream BLOCKED; no closure
GIR-FD82-C095	OPEN	93e10babe0b9c9ef8b3f5277754541b447beeeb4	P2	3c5728a47142c57abfdf3d55033768bc44a1f627	a69d6e057723cc8f8aec8cac0f868da4e456d0eb	B03_CANDIDATE_PASS_SCOPED	"{""clauses"":""WP12 §5.3激活"",""project_evidence"":[{""repository"":""project"",""commit"":""3c5728a47142c57abfdf3d55033768bc44a1f627"",""path"":""deliverables/final-specification-set/engine-overworld/wp12-terrain-movement-vehicles.md"",""clauses"":""WP12 §5.3激活""},{""repository"":""project"",""commit"":""3c5728a47142c57abfdf3d55033768bc44a1f627"",""path"":""specs/overworld/wp12-terrain-movement-vehicles.md"",""clauses"":""WP12 §5.3激活""}],""original_sync"":""§5.3/9.2：面向上+正前本体/瀑顶才实际计数置位，无即时位移；右向外层true不能代表激活；B14三资格/确认演出入口仍待补""}"	MV64;MV65;MV66	B03-G current layer; review/remediation/20261003-prepare/batches/B03/integration-stage-1/finding-registration.json; pending actual integration Ultra	B14	"{""batch"":""B03"",""other_batch_obligations"":[""B14""],""remaining_scope"":""仅激活与本批向量；B14完整三入口资格/确认演出仍待审，既有步后清理正确且非新增缺口。"",""actual_integration"":""PENDING_R_B03_ULTRA"",""canonical_closure"":""OPEN; all contributor and final global gates required""}"	B03_PENDING_R_B03_ULTRA; downstream BLOCKED; no closure
WP80-INTAKE-R01	OPEN	93e10babe0b9c9ef8b3f5277754541b447beeeb4	P2	3c5728a47142c57abfdf3d55033768bc44a1f627	a69d6e057723cc8f8aec8cac0f868da4e456d0eb	B03_CANDIDATE_PASS_SCOPED	"{""clauses"":""EV §3.2；DG尺寸输入"",""project_evidence"":[{""repository"":""project"",""commit"":""3c5728a47142c57abfdf3d55033768bc44a1f627"",""path"":""deliverables/final-specification-set/engine-overworld/wp13-map-events-npc-followers.md"",""clauses"":""EV §3.2；DG尺寸输入""},{""repository"":""project"",""commit"":""3c5728a47142c57abfdf3d55033768bc44a1f627"",""path"":""specs/overworld/wp13-map-events-npc-followers.md"",""clauses"":""EV §3.2；DG尺寸输入""},{""repository"":""project"",""commit"":""3c5728a47142c57abfdf3d55033768bc44a1f627"",""path"":""deliverables/final-specification-set/engine-overworld/wp14-random-dungeons.md"",""clauses"":""EV §3.2；DG尺寸输入""},{""repository"":""project"",""commit"":""3c5728a47142c57abfdf3d55033768bc44a1f627"",""path"":""specs/overworld/wp14-random-dungeons.md"",""clauses"":""EV §3.2；DG尺寸输入""}],""original_sync"":""WP13§6.1/9.2、WP14§9.2：保留原ASCII sight/trainer/counter/size字面和s:，补大小写/无空格/全角不匹配对照；不扩大到任意中文标点禁令""}"	EV27;EV28;EV29;EV32;EV33;EV34;EV35;DG12	B03-G current layer; review/remediation/20261003-prepare/batches/B03/integration-stage-1/finding-registration.json; pending actual integration Ultra	B14;B19;B20;B21	"{""batch"":""B03"",""other_batch_obligations"":[""B14"",""B19"",""B20"",""B21""],""remaining_scope"":""仅C-03感知/尺寸扩展；其他批次冒号/等号/动画/作者格式不闭合。415/154/18为候选分类数非缺陷数；旧WP14行39引用已更正40/137。"",""actual_integration"":""PENDING_R_B03_ULTRA"",""canonical_closure"":""OPEN; all contributor and final global gates required""}"	B03_PENDING_R_B03_ULTRA; downstream BLOCKED; no closure
